{"textures":{"1":"modelengine:entity/thenyxs"},"elements":[{"from":[6.61732,6.77388,4.3],"to":[7.61732,10.073881,11.7],"faces":{"east":{"uv":[6.75,7.875,7.1875,8.0625],"tintindex":0,"rotation":0,"texture":"#1"},"south":{"uv":[1.875,6.5625,1.9375,6.75],"tintindex":0,"rotation":0,"texture":"#1"},"north":{"uv":[6.5,4.625,6.5625,4.8125],"tintindex":0,"rotation":0,"texture":"#1"},"west":{"uv":[7.1875,7.875,7.625,8.0625],"tintindex":0,"rotation":0,"texture":"#1"},"up":{"uv":[2.5,2.1875,2.4375,1.75],"tintindex":0,"rotation":0,"texture":"#1"},"down":{"uv":[2.5,3.0625,2.4375,3.5],"tintindex":0,"rotation":0,"texture":"#1"}}},{"from":[7.11732,10.073881,4.3],"to":[7.11732,13.37388,11.7],"faces":{"east":{"uv":[7.625,7.875,8.0625,8.0625],"tintindex":0,"rotation":0,"texture":"#1"},"west":{"uv":[7.9375,0.625,8.375,0.8125],"tintindex":0,"rotation":0,"texture":"#1"}}}],"display":{"gui":{"rotation":[30,225,0]}}}