{"textures":{"1":"modelengine:entity/thenyxs"},"elements":[{"from":[5.8902197,8.529251,4.2999997],"to":[6.89022,11.82925,11.7],"faces":{"east":{"uv":[6.75,7.875,7.1875,8.0625],"tintindex":0,"rotation":0,"texture":"#1"},"south":{"uv":[1.875,6.5625,1.9375,6.75],"tintindex":0,"rotation":0,"texture":"#1"},"north":{"uv":[6.5,4.625,6.5625,4.8125],"tintindex":0,"rotation":0,"texture":"#1"},"west":{"uv":[7.1875,7.875,7.625,8.0625],"tintindex":0,"rotation":0,"texture":"#1"},"up":{"uv":[2.5,2.1875,2.4375,1.75],"tintindex":0,"rotation":0,"texture":"#1"},"down":{"uv":[2.5,3.0625,2.4375,3.5],"tintindex":0,"rotation":0,"texture":"#1"}}},{"from":[6.39022,11.82925,4.2999997],"to":[6.39022,15.12925,11.7],"faces":{"east":{"uv":[9.5,0.0,9.9375,0.1875],"tintindex":0,"rotation":0,"texture":"#1"},"west":{"uv":[9.0,0.0,9.4375,0.1875],"tintindex":0,"rotation":0,"texture":"#1"}}}],"display":{"gui":{"rotation":[30,225,0]}}}