{"textures":{"1":"modelengine:entity/thenyxs"},"elements":[{"from":[8.252159,17.44888,2.7898598],"to":[8.252159,25.44888,12.18986],"faces":{"east":{"uv":[5.5625,4.8125,6.125,5.3125],"tintindex":0,"rotation":0,"texture":"#1"},"west":{"uv":[5.25,5.5625,5.8125,6.0625],"tintindex":0,"rotation":0,"texture":"#1"}}},{"from":[7.634369,2.1788406,3.6818],"to":[9.634369,16.17884,11.6818],"faces":{"east":{"uv":[3.375,11.75,3.875,12.625],"tintindex":0,"rotation":0,"texture":"#1"},"south":{"uv":[4.0,11.75,4.125,12.625],"tintindex":0,"rotation":0,"texture":"#1"},"north":{"uv":[2.1875,11.75,2.3125,12.625],"tintindex":0,"rotation":0,"texture":"#1"},"west":{"uv":[2.75,11.75,3.25,12.625],"tintindex":0,"rotation":0,"texture":"#1"},"up":{"uv":[2.375,11.75,2.5,12.25],"tintindex":0,"rotation":0,"texture":"#1"},"down":{"uv":[2.5625,11.75,2.6875,12.25],"tintindex":0,"rotation":0,"texture":"#1"}}},{"from":[10.0,17.5,12.3],"to":[7.0,0.5,2.8999996],"faces":{"east":{"uv":[1.125,4.3125,1.6875,5.375],"tintindex":0,"rotation":0,"texture":"#1"},"south":{"uv":[4.6875,6.5625,4.875,7.625],"tintindex":0,"rotation":0,"texture":"#1"},"north":{"uv":[4.5,6.5625,4.6875,7.625],"tintindex":0,"rotation":0,"texture":"#1"},"west":{"uv":[1.6875,4.375,2.25,5.4375],"tintindex":0,"rotation":0,"texture":"#1"},"up":{"uv":[4.875,8.1875,4.6875,7.625],"tintindex":0,"rotation":0,"texture":"#1"},"down":{"uv":[5.0625,7.625,4.875,8.1875],"tintindex":0,"rotation":0,"texture":"#1"}}}],"display":{"gui":{"rotation":[30,225,0]}}}