{"textures":{"1":"modelengine:entity/thenyxs"},"elements":[{"from":[4.0,2.9923897,5.75],"to":[10.0,8.792391,10.75],"faces":{"east":{"uv":[7.375,3.4375,7.6875,3.8125],"tintindex":0,"rotation":0,"texture":"#1"},"south":{"uv":[7.0,5.0625,7.375,5.4375],"tintindex":0,"rotation":0,"texture":"#1"},"north":{"uv":[7.0,3.4375,7.375,3.8125],"tintindex":0,"rotation":0,"texture":"#1"},"west":{"uv":[5.75,7.4375,6.0625,7.8125],"tintindex":0,"rotation":0,"texture":"#1"},"up":{"uv":[4.9375,2.0625,4.5625,1.75],"tintindex":0,"rotation":0,"texture":"#1"},"down":{"uv":[5.5625,1.4375,5.1875,1.75],"tintindex":0,"rotation":0,"texture":"#1"}},"rotation":{"origin":[8.0,6.8923893,8.25],"angle":45.0,"axis":"z"}},{"from":[2.5,3.2423897,4.75],"to":[13.5,5.542391,11.75],"faces":{"east":{"uv":[8.25,8.3125,8.6875,8.4375],"tintindex":0,"rotation":0,"texture":"#1"},"south":{"uv":[7.8125,3.25,8.5,3.375],"tintindex":0,"rotation":0,"texture":"#1"},"north":{"uv":[7.75,4.6875,8.4375,4.8125],"tintindex":0,"rotation":0,"texture":"#1"},"west":{"uv":[8.375,0.375,8.8125,0.5],"tintindex":0,"rotation":0,"texture":"#1"},"up":{"uv":[6.25,1.875,5.5625,1.4375],"tintindex":0,"rotation":0,"texture":"#1"},"down":{"uv":[6.25,1.875,5.5625,2.3125],"tintindex":0,"rotation":0,"texture":"#1"}}},{"from":[6.21194,-1.248949,4.25],"to":[10.21194,2.751051,4.25],"faces":{"south":{"uv":[8.25,6.625,8.5,6.875],"tintindex":0,"rotation":0,"texture":"#1"},"north":{"uv":[5.3125,8.25,5.5625,8.5],"tintindex":0,"rotation":0,"texture":"#1"}},"rotation":{"origin":[8.21194,0.90105057,4.25],"angle":-45.0,"axis":"z"}},{"from":[6.21194,2.0510502,3.75],"to":[10.21194,6.05105,4.75],"faces":{"east":{"uv":[2.375,1.0625,2.4375,1.3125],"tintindex":0,"rotation":0,"texture":"#1"},"south":{"uv":[3.1875,8.25,3.4375,8.5],"tintindex":0,"rotation":0,"texture":"#1"},"north":{"uv":[1.9375,8.25,2.1875,8.5],"tintindex":0,"rotation":0,"texture":"#1"},"west":{"uv":[2.1875,5.4375,2.25,5.6875],"tintindex":0,"rotation":0,"texture":"#1"},"up":{"uv":[6.0625,1.0625,5.8125,1.0],"tintindex":0,"rotation":0,"texture":"#1"},"down":{"uv":[7.0,6.625,6.75,6.6875],"tintindex":0,"rotation":0,"texture":"#1"}},"rotation":{"origin":[8.21194,4.20105,4.25],"angle":-45.0,"axis":"z"}}],"display":{"gui":{"rotation":[30,225,0]}}}