{"textures":{"1":"modelengine:entity/thenyxs"},"elements":[{"from":[8.38268,6.77388,4.3],"to":[9.38268,10.073881,11.7],"faces":{"east":{"uv":[0.75,7.9375,1.1875,8.125],"tintindex":0,"rotation":0,"texture":"#1"},"south":{"uv":[6.6875,5.625,6.75,5.8125],"tintindex":0,"rotation":0,"texture":"#1"},"north":{"uv":[6.6875,1.6875,6.75,1.875],"tintindex":0,"rotation":0,"texture":"#1"},"west":{"uv":[2.25,7.9375,2.6875,8.125],"tintindex":0,"rotation":0,"texture":"#1"},"up":{"uv":[3.75,1.75,3.6875,1.3125],"tintindex":0,"rotation":0,"texture":"#1"},"down":{"uv":[2.875,5.6875,2.8125,6.125],"tintindex":0,"rotation":0,"texture":"#1"}}},{"from":[8.88268,10.073881,4.3],"to":[8.88268,13.37388,11.7],"faces":{"east":{"uv":[7.9375,4.8125,8.375,5.0],"tintindex":0,"rotation":0,"texture":"#1"},"west":{"uv":[5.0625,7.9375,5.5,8.125],"tintindex":0,"rotation":0,"texture":"#1"}}}],"display":{"gui":{"rotation":[30,225,0]}}}