{"textures":{"1":"modelengine:entity/thenyxs"},"elements":[{"from":[6.2837105,0.17819214,3.57096],"to":[8.2837105,14.178192,11.570959],"faces":{"east":{"uv":[3.3125,10.25,2.8125,11.125],"tintindex":0,"rotation":0,"texture":"#1"},"south":{"uv":[1.8125,10.25,1.6875,11.125],"tintindex":0,"rotation":0,"texture":"#1"},"north":{"uv":[3.5625,10.25,3.4375,11.125],"tintindex":0,"rotation":0,"texture":"#1"},"west":{"uv":[2.75,10.25,2.25,11.125],"tintindex":0,"rotation":0,"texture":"#1"},"up":{"uv":[1.875,10.75,2.0,10.25],"tintindex":0,"rotation":0,"texture":"#1"},"down":{"uv":[2.0625,10.75,2.1875,10.25],"tintindex":0,"rotation":0,"texture":"#1"}}},{"from":[9.0,16.5,12.299999],"to":[6.0,-0.4999981,2.9],"faces":{"east":{"uv":[4.125,3.9375,4.6875,5.0],"tintindex":0,"rotation":0,"texture":"#1"},"south":{"uv":[1.5,6.5625,1.6875,7.625],"tintindex":0,"rotation":0,"texture":"#1"},"north":{"uv":[6.5,3.375,6.6875,4.4375],"tintindex":0,"rotation":0,"texture":"#1"},"west":{"uv":[4.25,0.0,4.8125,1.0625],"tintindex":0,"rotation":0,"texture":"#1"},"up":{"uv":[1.6875,8.1875,1.5,7.625],"tintindex":0,"rotation":0,"texture":"#1"},"down":{"uv":[1.875,7.625,1.6875,8.1875],"tintindex":0,"rotation":0,"texture":"#1"}}},{"from":[8.0,16.5,2.6],"to":[8.0,24.5,12.0],"faces":{"east":{"uv":[5.5625,3.3125,6.125,3.8125],"tintindex":0,"rotation":0,"texture":"#1"},"west":{"uv":[5.5625,3.8125,6.125,4.3125],"tintindex":0,"rotation":0,"texture":"#1"}}}],"display":{"gui":{"rotation":[30,225,0]}}}