{"textures":{"1":"modelengine:entity/thenyxs"},"elements":[{"from":[7.0,2.0,3.8000002],"to":[9.0,16.0,11.8],"faces":{"east":{"uv":[3.375,11.75,3.875,12.625],"tintindex":0,"rotation":0,"texture":"#1"},"south":{"uv":[4.0,11.75,4.125,12.625],"tintindex":0,"rotation":0,"texture":"#1"},"north":{"uv":[2.1875,11.75,2.3125,12.625],"tintindex":0,"rotation":0,"texture":"#1"},"west":{"uv":[2.75,11.75,3.25,12.625],"tintindex":0,"rotation":0,"texture":"#1"},"up":{"uv":[2.375,11.75,2.5,12.25],"tintindex":0,"rotation":0,"texture":"#1"},"down":{"uv":[2.5625,11.75,2.6875,12.25],"tintindex":0,"rotation":0,"texture":"#1"}}},{"from":[8.252159,17.44888,3.8101397],"to":[8.252159,25.44888,13.21014],"faces":{"east":{"uv":[5.5625,4.3125,6.125,4.8125],"tintindex":0,"rotation":0,"texture":"#1"},"west":{"uv":[4.6875,5.5625,5.25,6.0625],"tintindex":0,"rotation":0,"texture":"#1"}}},{"from":[10.0,17.5,12.3],"to":[7.0,0.5,2.8999996],"faces":{"east":{"uv":[0.0,4.3125,0.5625,5.375],"tintindex":0,"rotation":0,"texture":"#1"},"south":{"uv":[4.3125,6.5625,4.5,7.625],"tintindex":0,"rotation":0,"texture":"#1"},"north":{"uv":[1.6875,6.5625,1.875,7.625],"tintindex":0,"rotation":0,"texture":"#1"},"west":{"uv":[0.5625,4.3125,1.125,5.375],"tintindex":0,"rotation":0,"texture":"#1"},"up":{"uv":[4.5,8.1875,4.3125,7.625],"tintindex":0,"rotation":0,"texture":"#1"},"down":{"uv":[4.6875,7.625,4.5,8.1875],"tintindex":0,"rotation":0,"texture":"#1"}}}],"display":{"gui":{"rotation":[30,225,0]}}}