{"textures":{"1":"modelengine:entity/thenyxs"},"elements":[{"from":[8.55764,13.233372,4.5257],"to":[12.55764,17.233372,11.1257],"faces":{"east":{"uv":[7.3125,4.0625,7.75,4.3125],"tintindex":0,"rotation":0,"texture":"#1"},"south":{"uv":[8.125,7.0,8.375,7.25],"tintindex":0,"rotation":0,"texture":"#1"},"north":{"uv":[5.0625,8.125,5.3125,8.375],"tintindex":0,"rotation":0,"texture":"#1"},"west":{"uv":[6.375,7.4375,6.8125,7.6875],"tintindex":0,"rotation":0,"texture":"#1"},"up":{"uv":[7.0625,7.875,6.8125,7.4375],"tintindex":0,"rotation":0,"texture":"#1"},"down":{"uv":[7.75,0.25,7.5,0.6875],"tintindex":0,"rotation":0,"texture":"#1"}},"rotation":{"origin":[10.55764,15.233372,7.8257],"angle":22.5,"axis":"z"}},{"from":[0.7132702,17.1819,4.4257],"to":[4.71327,21.1819,11.2257],"faces":{"east":{"uv":[7.5625,3.8125,8.0,4.0625],"tintindex":0,"rotation":0,"texture":"#1"},"south":{"uv":[6.4375,8.1875,6.6875,8.4375],"tintindex":0,"rotation":0,"texture":"#1"},"north":{"uv":[4.75,8.1875,5.0,8.4375],"tintindex":0,"rotation":0,"texture":"#1"},"west":{"uv":[7.5625,7.375,8.0,7.625],"tintindex":0,"rotation":0,"texture":"#1"},"up":{"uv":[7.875,1.375,7.625,0.9375],"tintindex":0,"rotation":0,"texture":"#1"},"down":{"uv":[7.875,1.375,7.625,1.8125],"tintindex":0,"rotation":0,"texture":"#1"}},"rotation":{"origin":[4.61327,20.081902,7.8257],"angle":45.0,"axis":"z"}},{"from":[10.61327,12.081902,7.3257],"to":[12.61327,15.081902,8.3257],"faces":{"east":{"uv":[2.4375,2.1875,2.5,2.375],"tintindex":0,"rotation":0,"texture":"#1"},"south":{"uv":[8.25,8.5625,8.375,8.75],"tintindex":0,"rotation":0,"texture":"#1"},"north":{"uv":[3.5625,3.75,3.6875,3.9375],"tintindex":0,"rotation":0,"texture":"#1"},"west":{"uv":[2.4375,3.5,2.5,3.6875],"tintindex":0,"rotation":0,"texture":"#1"},"up":{"uv":[3.3125,1.0625,3.1875,1.0],"tintindex":0,"rotation":0,"texture":"#1"},"down":{"uv":[3.6875,1.0,3.5625,1.0625],"tintindex":0,"rotation":0,"texture":"#1"}},"rotation":{"origin":[11.61327,13.581902,7.8257],"angle":-22.5,"axis":"y"}},{"from":[0.6689005,13.233372,4.5257],"to":[4.6689,17.233372,11.1257],"faces":{"east":{"uv":[7.5,0.6875,7.9375,0.9375],"tintindex":0,"rotation":0,"texture":"#1"},"south":{"uv":[1.4375,8.1875,1.6875,8.4375],"tintindex":0,"rotation":0,"texture":"#1"},"north":{"uv":[8.0,8.125,8.25,8.375],"tintindex":0,"rotation":0,"texture":"#1"},"west":{"uv":[1.875,7.5,2.3125,7.75],"tintindex":0,"rotation":0,"texture":"#1"},"up":{"uv":[2.5625,7.9375,2.3125,7.5],"tintindex":0,"rotation":0,"texture":"#1"},"down":{"uv":[2.8125,7.5,2.5625,7.9375],"tintindex":0,"rotation":0,"texture":"#1"}},"rotation":{"origin":[2.6689,15.233372,7.8257],"angle":-22.5,"axis":"z"}},{"from":[-0.33673,-11.143099,11.4257],"to":[13.56327,10.256901,11.4257],"faces":{"south":{"uv":[0.875,0.0,1.75,1.3125],"tintindex":0,"rotation":0,"texture":"#1"},"north":{"uv":[0.0,0.0,0.875,1.3125],"tintindex":0,"rotation":0,"texture":"#1"}},"rotation":{"origin":[6.66327,13.656902,11.0257],"angle":-22.5,"axis":"x"}},{"from":[4.61327,8.081902,6.3257],"to":[8.61327,10.081902,9.3257],"faces":{"east":{"uv":[6.6875,4.3125,6.875,4.4375],"tintindex":0,"rotation":0,"texture":"#1"},"south":{"uv":[8.5625,6.5,8.8125,6.625],"tintindex":0,"rotation":0,"texture":"#1"},"north":{"uv":[5.1875,6.5625,5.4375,6.6875],"tintindex":0,"rotation":0,"texture":"#1"},"west":{"uv":[3.5625,7.25,3.75,7.375],"tintindex":0,"rotation":0,"texture":"#1"},"up":{"uv":[6.875,0.5,6.625,0.3125],"tintindex":0,"rotation":0,"texture":"#1"},"down":{"uv":[2.8125,8.4375,2.5625,8.625],"tintindex":0,"rotation":0,"texture":"#1"}}},{"from":[2.6132698,10.081902,4.3257],"to":[10.61327,18.081902,11.3257],"faces":{"east":{"uv":[6.25,1.375,6.6875,1.875],"tintindex":0,"rotation":0,"texture":"#1"},"south":{"uv":[4.9375,6.0625,5.4375,6.5625],"tintindex":0,"rotation":0,"texture":"#1"},"north":{"uv":[4.4375,6.0625,4.9375,6.5625],"tintindex":0,"rotation":0,"texture":"#1"},"west":{"uv":[6.25,5.3125,6.6875,5.8125],"tintindex":0,"rotation":0,"texture":"#1"},"up":{"uv":[6.75,2.3125,6.25,1.875],"tintindex":0,"rotation":0,"texture":"#1"},"down":{"uv":[6.75,5.8125,6.25,6.25],"tintindex":0,"rotation":0,"texture":"#1"}}},{"from":[7.61327,13.281902,4.3007],"to":[10.61327,15.281902,4.3007],"faces":{"south":{"uv":[8.5625,7.625,8.75,7.75],"tintindex":0,"rotation":0,"texture":"#1"},"north":{"uv":[5.3125,8.125,5.5,8.25],"tintindex":0,"rotation":0,"texture":"#1"}},"rotation":{"origin":[8.61327,14.281902,4.3257],"angle":22.5,"axis":"z"}},{"from":[0.6132698,12.081902,7.3257],"to":[2.6132698,15.081902,8.3257],"faces":{"east":{"uv":[3.5,4.8125,3.5625,5.0],"tintindex":0,"rotation":0,"texture":"#1"},"south":{"uv":[8.5625,8.4375,8.6875,8.625],"tintindex":0,"rotation":0,"texture":"#1"},"north":{"uv":[8.375,8.5625,8.5,8.75],"tintindex":0,"rotation":0,"texture":"#1"},"west":{"uv":[6.5,4.4375,6.5625,4.625],"tintindex":0,"rotation":0,"texture":"#1"},"up":{"uv":[3.125,3.75,3.0,3.6875],"tintindex":0,"rotation":0,"texture":"#1"},"down":{"uv":[1.8125,4.3125,1.6875,4.375],"tintindex":0,"rotation":0,"texture":"#1"}},"rotation":{"origin":[1.6132698,13.581902,7.8257],"angle":22.5,"axis":"y"}},{"from":[2.66327,10.256901,9.8257],"to":[10.563271,17.656902,13.0257],"faces":{"east":{"uv":[3.875,7.875,4.0625,8.3125],"tintindex":0,"rotation":0,"texture":"#1"},"south":{"uv":[3.8125,6.4375,4.3125,6.875],"tintindex":0,"rotation":0,"texture":"#1"},"north":{"uv":[6.25,6.25,6.75,6.6875],"tintindex":0,"rotation":0,"texture":"#1"},"west":{"uv":[4.0625,7.875,4.25,8.3125],"tintindex":0,"rotation":0,"texture":"#1"},"up":{"uv":[8.3125,3.25,7.8125,3.0625],"tintindex":0,"rotation":0,"texture":"#1"},"down":{"uv":[8.375,0.9375,7.875,1.125],"tintindex":0,"rotation":0,"texture":"#1"}},"rotation":{"origin":[6.66327,13.656902,11.0257],"angle":-22.5,"axis":"x"}},{"from":[8.51327,17.1819,4.4257],"to":[12.51327,21.1819,11.2257],"faces":{"east":{"uv":[7.5,4.8125,7.9375,5.0625],"tintindex":0,"rotation":0,"texture":"#1"},"south":{"uv":[4.5,8.1875,4.75,8.4375],"tintindex":0,"rotation":0,"texture":"#1"},"north":{"uv":[4.25,8.1875,4.5,8.4375],"tintindex":0,"rotation":0,"texture":"#1"},"west":{"uv":[2.8125,7.5625,3.25,7.8125],"tintindex":0,"rotation":0,"texture":"#1"},"up":{"uv":[7.8125,3.375,7.5625,2.9375],"tintindex":0,"rotation":0,"texture":"#1"},"down":{"uv":[3.5,7.5625,3.25,8.0],"tintindex":0,"rotation":0,"texture":"#1"}},"rotation":{"origin":[8.61327,20.081902,7.8257],"angle":-45.0,"axis":"z"}},{"from":[3.9,18.0,4.6],"to":[9.3,20.900002,11.2],"faces":{"east":{"uv":[7.875,1.625,8.3125,1.8125],"tintindex":0,"rotation":0,"texture":"#1"},"south":{"uv":[8.3125,3.0,8.625,3.1875],"tintindex":0,"rotation":0,"texture":"#1"},"north":{"uv":[8.3125,2.8125,8.625,3.0],"tintindex":0,"rotation":0,"texture":"#1"},"west":{"uv":[5.9375,7.875,6.375,8.0625],"tintindex":0,"rotation":0,"texture":"#1"},"up":{"uv":[5.1875,7.625,4.875,7.1875],"tintindex":0,"rotation":0,"texture":"#1"},"down":{"uv":[6.375,7.1875,6.0625,7.625],"tintindex":0,"rotation":0,"texture":"#1"}}},{"from":[2.6132698,13.281902,4.3007],"to":[5.61327,15.281902,4.3007],"faces":{"south":{"uv":[8.5625,8.125,8.75,8.25],"tintindex":0,"rotation":0,"texture":"#1"},"north":{"uv":[8.0625,8.5625,8.25,8.6875],"tintindex":0,"rotation":0,"texture":"#1"}},"rotation":{"origin":[4.61327,14.281902,4.3257],"angle":-22.5,"axis":"z"}}],"display":{"gui":{"rotation":[30,225,0]}}}