{"textures":{"1":"modelengine:entity/thenyxs"},"elements":[{"from":[7.0,7.299999,1.2000008],"to":[9.0,9.299999,8.200001],"faces":{"east":{"uv":[2.5,14.125,2.9375,14.25],"tintindex":0,"rotation":0,"texture":"#1"},"south":{"uv":[2.5,12.8125,2.625,12.9375],"tintindex":0,"rotation":0,"texture":"#1"},"north":{"uv":[2.5,12.8125,2.625,12.9375],"tintindex":0,"rotation":0,"texture":"#1"},"west":{"uv":[2.8125,13.4375,3.25,13.5625],"tintindex":0,"rotation":0,"texture":"#1"},"up":{"uv":[3.5,12.8125,3.625,13.25],"tintindex":0,"rotation":0,"texture":"#1"},"down":{"uv":[3.3125,12.8125,3.4375,13.25],"tintindex":0,"rotation":0,"texture":"#1"}}},{"from":[8.0,5.25,-6.549999],"to":[8.0,11.25,0.45000076],"faces":{"east":{"uv":[5.3125,10.0,5.75,10.375],"tintindex":0,"rotation":0,"texture":"#1"},"west":{"uv":[5.8125,10.0,6.25,10.375],"tintindex":0,"rotation":0,"texture":"#1"}}},{"from":[10.5,9.92506,8.376751],"to":[5.5,6.9250603,0.37675095],"faces":{"east":{"uv":[7.75,0.0,8.25,0.1875],"tintindex":0,"rotation":0,"texture":"#1"},"south":{"uv":[8.3125,1.3125,8.625,1.5],"tintindex":0,"rotation":0,"texture":"#1"},"north":{"uv":[8.3125,1.125,8.625,1.3125],"tintindex":0,"rotation":0,"texture":"#1"},"west":{"uv":[7.75,0.1875,8.25,0.375],"tintindex":0,"rotation":0,"texture":"#1"},"up":{"uv":[7.0625,6.625,6.75,6.125],"tintindex":0,"rotation":0,"texture":"#1"},"down":{"uv":[0.3125,6.8125,0.0,7.3125],"tintindex":0,"rotation":0,"texture":"#1"}}}],"display":{"gui":{"rotation":[30,225,0]}}}