{"textures":{"1":"modelengine:entity/thenyxs"},"elements":[{"from":[8.0,6.050001,-6.549999],"to":[8.0,12.050001,0.4500003],"faces":{"east":{"uv":[5.8125,10.0,6.25,10.375],"tintindex":0,"rotation":180,"texture":"#1"},"west":{"uv":[5.3125,10.0,5.75,10.375],"tintindex":0,"rotation":180,"texture":"#1"}}},{"from":[10.5,9.92506,8.37675],"to":[5.5,6.9250603,0.37675047],"faces":{"east":{"uv":[7.75,4.5,8.25,4.6875],"tintindex":0,"rotation":0,"texture":"#1"},"south":{"uv":[8.3125,2.4375,8.625,2.625],"tintindex":0,"rotation":0,"texture":"#1"},"north":{"uv":[8.3125,2.25,8.625,2.4375],"tintindex":0,"rotation":0,"texture":"#1"},"west":{"uv":[7.8125,2.125,8.3125,2.3125],"tintindex":0,"rotation":0,"texture":"#1"},"up":{"uv":[6.75,7.4375,6.4375,6.9375],"tintindex":0,"rotation":0,"texture":"#1"},"down":{"uv":[7.0625,6.9375,6.75,7.4375],"tintindex":0,"rotation":0,"texture":"#1"}}},{"from":[6.200001,7.6000004,0.9000001],"to":[9.799999,9.6,8.200001],"faces":{"east":{"uv":[2.5,14.125,2.9375,14.25],"tintindex":0,"rotation":0,"texture":"#1"},"south":{"uv":[2.5,12.8125,2.625,12.9375],"tintindex":0,"rotation":0,"texture":"#1"},"north":{"uv":[2.5,12.8125,2.625,12.9375],"tintindex":0,"rotation":0,"texture":"#1"},"west":{"uv":[2.8125,13.4375,3.25,13.5625],"tintindex":0,"rotation":0,"texture":"#1"},"up":{"uv":[3.5,12.8125,3.625,13.25],"tintindex":0,"rotation":0,"texture":"#1"},"down":{"uv":[3.3125,12.8125,3.4375,13.25],"tintindex":0,"rotation":0,"texture":"#1"}}}],"display":{"gui":{"rotation":[30,225,0]}}}