{"textures":{"1":"modelengine:entity/thenyxs"},"elements":[{"from":[10.5,9.92506,8.37675],"to":[5.5,6.9250603,0.37675],"faces":{"east":{"uv":[0.75,7.75,1.25,7.9375],"tintindex":0,"rotation":0,"texture":"#1"},"south":{"uv":[8.3125,2.0625,8.625,2.25],"tintindex":0,"rotation":0,"texture":"#1"},"north":{"uv":[8.3125,1.5,8.625,1.6875],"tintindex":0,"rotation":0,"texture":"#1"},"west":{"uv":[7.75,4.0625,8.25,4.25],"tintindex":0,"rotation":0,"texture":"#1"},"up":{"uv":[4.0625,7.375,3.75,6.875],"tintindex":0,"rotation":0,"texture":"#1"},"down":{"uv":[7.1875,4.3125,6.875,4.8125],"tintindex":0,"rotation":0,"texture":"#1"}}},{"from":[8.0,6.050001,-6.55],"to":[8.0,12.050001,0.4499998],"faces":{"east":{"uv":[5.8125,10.0,6.25,10.375],"tintindex":0,"rotation":180,"texture":"#1"},"west":{"uv":[5.3125,10.0,5.75,10.375],"tintindex":0,"rotation":180,"texture":"#1"}}},{"from":[6.200001,7.6000004,0.9000006],"to":[9.799999,9.6,8.2],"faces":{"east":{"uv":[2.5,14.125,2.9375,14.25],"tintindex":0,"rotation":0,"texture":"#1"},"south":{"uv":[2.5,12.8125,2.625,12.9375],"tintindex":0,"rotation":0,"texture":"#1"},"north":{"uv":[2.5,12.8125,2.625,12.9375],"tintindex":0,"rotation":0,"texture":"#1"},"west":{"uv":[2.8125,13.4375,3.25,13.5625],"tintindex":0,"rotation":0,"texture":"#1"},"up":{"uv":[3.5,12.8125,3.625,13.25],"tintindex":0,"rotation":0,"texture":"#1"},"down":{"uv":[3.3125,12.8125,3.4375,13.25],"tintindex":0,"rotation":0,"texture":"#1"}}}],"display":{"gui":{"rotation":[30,225,0]}}}