{"textures":{"1":"modelengine:entity/thenyxs"},"elements":[{"from":[8.099998,4.0771704,-0.11480999],"to":[8.099998,9.077171,9.88519],"faces":{"east":{"uv":[2.5625,0.75,3.1875,1.0625],"tintindex":0,"rotation":0,"texture":"#1"},"west":{"uv":[3.75,2.0625,4.375,2.375],"tintindex":0,"rotation":0,"texture":"#1"}},"rotation":{"origin":[8.0,5.0,4.999999],"angle":22.5,"axis":"x"}},{"from":[10.5,9.92506,8.37675],"to":[5.5,6.9250603,0.37675],"faces":{"east":{"uv":[7.625,7.0,8.125,7.1875],"tintindex":0,"rotation":0,"texture":"#1"},"south":{"uv":[8.25,7.375,8.5625,7.5625],"tintindex":0,"rotation":0,"texture":"#1"},"north":{"uv":[8.25,4.5,8.5625,4.6875],"tintindex":0,"rotation":0,"texture":"#1"},"west":{"uv":[7.625,7.1875,8.125,7.375],"tintindex":0,"rotation":0,"texture":"#1"},"up":{"uv":[2.1875,7.25,1.875,6.75],"tintindex":0,"rotation":0,"texture":"#1"},"down":{"uv":[2.5,6.75,2.1875,7.25],"tintindex":0,"rotation":0,"texture":"#1"}}},{"from":[8.0,5.73522,-6.52625],"to":[8.0,10.73522,0.4737501],"faces":{"east":{"uv":[3.125,7.25,3.5625,7.5625],"tintindex":0,"rotation":0,"texture":"#1"},"west":{"uv":[4.6875,5.25,5.125,5.5625],"tintindex":0,"rotation":0,"texture":"#1"}}},{"from":[6.5,7.200001,0.99999905],"to":[9.5,10.200001,8.0],"faces":{"east":{"uv":[0.3125,10.75,0.8125,10.875],"tintindex":0,"rotation":0,"texture":"#1"},"south":{"uv":[0.0,10.9375,0.25,11.0625],"tintindex":0,"rotation":0,"texture":"#1"},"north":{"uv":[0.0,10.75,0.25,10.875],"tintindex":0,"rotation":0,"texture":"#1"},"west":{"uv":[0.3125,10.9375,0.8125,11.0625],"tintindex":0,"rotation":0,"texture":"#1"},"up":{"uv":[0.3125,11.125,0.5625,11.625],"tintindex":0,"rotation":0,"texture":"#1"},"down":{"uv":[0.0,11.125,0.25,11.625],"tintindex":0,"rotation":0,"texture":"#1"}}}],"display":{"gui":{"rotation":[30,225,0]}}}