{"textures":{"0":"modelengine:entity/nocsy_fpv2_ghost"},"elements":[{"from":[5.0,4.4240637,2.4699454],"to":[11.0,14.424063,7.469945],"faces":{"east":{"uv":[0.0,8.625,0.625,9.875],"tintindex":0,"rotation":0,"texture":"#0"},"south":{"uv":[7.875,4.75,8.625,6.0],"tintindex":0,"rotation":0,"texture":"#0"},"north":{"uv":[7.875,3.375,8.625,4.625],"tintindex":0,"rotation":0,"texture":"#0"},"west":{"uv":[2.0,8.625,2.625,9.875],"tintindex":0,"rotation":0,"texture":"#0"},"up":{"uv":[7.0,10.625,6.25,10.0],"tintindex":0,"rotation":0,"texture":"#0"},"down":{"uv":[10.75,6.875,10.0,7.5],"tintindex":0,"rotation":0,"texture":"#0"}},"rotation":{"origin":[8.0,8.924064,7.969945],"angle":-22.5,"axis":"x"}},{"from":[5.0,7.4240637,8.469945],"to":[11.0,14.424063,8.469945],"faces":{"south":{"uv":[9.125,7.375,9.875,8.25],"tintindex":0,"rotation":0,"texture":"#0"},"north":{"uv":[9.125,6.375,9.875,7.25],"tintindex":0,"rotation":0,"texture":"#0"}},"rotation":{"origin":[8.0,8.924064,7.969945],"angle":-45.0,"axis":"x"}},{"from":[11.0,-2.5759363,2.4699454],"to":[11.0,14.424063,15.469946],"faces":{"east":{"uv":[4.0,0.0,5.625,2.125],"tintindex":0,"rotation":0,"texture":"#0"},"west":{"uv":[4.0,2.25,5.625,4.375],"tintindex":0,"rotation":0,"texture":"#0"}},"rotation":{"origin":[8.0,8.924064,7.969945],"angle":-22.5,"axis":"x"}},{"from":[4.975,-2.5759363,2.4699454],"to":[4.975,14.424063,15.469946],"faces":{"east":{"uv":[4.0,4.5,5.625,6.625],"tintindex":0,"rotation":0,"texture":"#0"},"west":{"uv":[0.0,5.0,1.625,7.125],"tintindex":0,"rotation":0,"texture":"#0"}},"rotation":{"origin":[8.0,8.924064,7.969945],"angle":-22.5,"axis":"x"}}],"display":{"gui":{"rotation":[30,225,0]}}}