{"textures":{"0":"modelengine:entity/nocsy_fpv2_ghost"},"elements":[{"from":[4.9,5.4,2.4],"to":[11.1,8.6,8.6],"faces":{"east":{"uv":[10.125,8.125,10.875,8.5],"tintindex":0,"rotation":0,"texture":"#0"},"south":{"uv":[10.125,8.625,10.875,9.0],"tintindex":0,"rotation":0,"texture":"#0"},"north":{"uv":[5.0,10.125,5.75,10.5],"tintindex":0,"rotation":0,"texture":"#0"},"west":{"uv":[10.125,9.125,10.875,9.5],"tintindex":0,"rotation":0,"texture":"#0"},"up":{"uv":[10.5,2.875,9.75,2.125],"tintindex":0,"rotation":0,"texture":"#0"},"down":{"uv":[10.625,3.0,9.875,3.75],"tintindex":0,"rotation":0,"texture":"#0"}}},{"from":[5.324264,8.5,1.8757362],"to":[5.324264,11.5,4.875736],"faces":{"east":{"uv":[10.875,3.625,11.25,4.0],"tintindex":0,"rotation":0,"texture":"#0"},"west":{"uv":[10.875,4.125,11.25,4.5],"tintindex":0,"rotation":0,"texture":"#0"}},"rotation":{"origin":[5.424264,10.0,3.575736],"angle":-22.5,"axis":"y"}},{"from":[5.0,7.925,2.0999994],"to":[11.0,9.925001,2.0999994],"faces":{"south":{"uv":[6.25,10.75,7.0,11.0],"tintindex":0,"rotation":0,"texture":"#0"},"north":{"uv":[4.125,10.75,4.875,11.0],"tintindex":0,"rotation":0,"texture":"#0"}},"rotation":{"origin":[8.0,8.925001,2.5],"angle":-22.5,"axis":"x"}},{"from":[10.675735,8.5,1.8757362],"to":[10.675735,11.5,4.875736],"faces":{"east":{"uv":[10.25,10.75,10.625,11.125],"tintindex":0,"rotation":0,"texture":"#0"},"west":{"uv":[10.75,10.75,11.125,11.125],"tintindex":0,"rotation":0,"texture":"#0"}},"rotation":{"origin":[10.575736,10.0,3.575736],"angle":22.5,"axis":"y"}}],"display":{"gui":{"rotation":[30,225,0]}}}