{"textures":{"0":"modelengine:entity/phoenix_flame"},"elements":[{"from":[1.0,-9.953964,5.556067],"to":[15.0,-9.953964,15.5560665],"faces":{"up":{"uv":[6.125,2.9375,5.25,2.3125],"tintindex":0,"rotation":0,"texture":"#0"},"down":{"uv":[6.125,2.3125,5.25,2.9375],"tintindex":0,"rotation":0,"texture":"#0"}},"rotation":{"origin":[-14.708103,10.960133,21.40023],"angle":45.0,"axis":"x"}},{"from":[3.5,-2.2986755,-1.2413464],"to":[12.5,8.701325,10.758654],"faces":{"east":{"uv":[5.4375,0.0,6.1875,0.6875],"tintindex":0,"rotation":0,"texture":"#0"},"south":{"uv":[6.1875,6.0625,6.75,6.75],"tintindex":0,"rotation":0,"texture":"#0"},"north":{"uv":[6.1875,2.1875,6.75,2.875],"tintindex":0,"rotation":0,"texture":"#0"},"west":{"uv":[5.4375,0.75,6.1875,1.4375],"tintindex":0,"rotation":0,"texture":"#0"},"up":{"uv":[6.4375,5.125,5.875,4.375],"tintindex":0,"rotation":0,"texture":"#0"},"down":{"uv":[5.4375,6.0,4.875,6.75],"tintindex":0,"rotation":0,"texture":"#0"}},"rotation":{"origin":[-14.208103,10.960133,21.40023],"angle":22.5,"axis":"x"}}],"display":{"gui":{"rotation":[30,225,0]}}}