{"textures":{"0":"modelengine:entity/phoenix_flame"},"elements":[{"from":[4.5,26.826954,-6.7033367],"to":[11.5,26.826954,12.296661],"faces":{"up":{"uv":[4.5,5.75,4.9375,4.5625],"tintindex":0,"rotation":0,"texture":"#0"},"down":{"uv":[4.4375,4.5625,4.9375,5.75],"tintindex":0,"rotation":0,"texture":"#0"}},"rotation":{"origin":[30.208103,-0.3602991,-22.113285],"angle":45.0,"axis":"x"}}],"display":{"gui":{"rotation":[30,225,0]}}}