{"textures":{"0":"modelengine:entity/ashenazalea"},"elements":[{"from":[-0.35000038,13.550747,0.088456154],"to":[16.316668,26.217415,9.42179],"faces":{"east":{"uv":[1.0625,4.375,1.9375,5.5625],"tintindex":0,"rotation":0,"texture":"#0"},"south":{"uv":[0.0,1.1875,1.5625,2.375],"tintindex":0,"rotation":0,"texture":"#0"},"north":{"uv":[0.0,0.0,1.5625,1.1875],"tintindex":0,"rotation":0,"texture":"#0"},"west":{"uv":[1.9375,4.375,2.8125,5.5625],"tintindex":0,"rotation":0,"texture":"#0"},"up":{"uv":[3.25,3.3125,1.6875,2.4375],"tintindex":0,"rotation":0,"texture":"#0"},"down":{"uv":[1.5625,3.25,0.0,4.125],"tintindex":0,"rotation":0,"texture":"#0"}},"rotation":{"origin":[7.983333,18.550747,4.755123],"angle":-22.5,"axis":"x"}},{"from":[5.0166664,7.550747,4.755123],"to":[11.016666,15.550747,10.755123],"faces":{"east":{"uv":[7.0,1.21875,7.5625,1.96875],"tintindex":0,"rotation":0,"texture":"#0"},"south":{"uv":[1.46875,7.0,2.03125,7.75],"tintindex":0,"rotation":0,"texture":"#0"},"north":{"uv":[0.0,7.0,0.5625,7.75],"tintindex":0,"rotation":0,"texture":"#0"},"west":{"uv":[7.0,1.96875,7.5625,2.71875],"tintindex":0,"rotation":0,"texture":"#0"},"up":{"uv":[7.90625,0.5625,7.34375,0.0],"tintindex":0,"rotation":0,"texture":"#0"},"down":{"uv":[8.03125,5.25,7.46875,5.8125],"tintindex":0,"rotation":0,"texture":"#0"}}},{"from":[5.3166666,17.065178,-4.0083103],"to":[10.65,23.731844,1.6583567],"faces":{"east":{"uv":[6.0,7.46875,6.53125,8.09375],"tintindex":0,"rotation":0,"texture":"#0"},"south":{"uv":[7.5625,1.15625,8.0625,1.78125],"tintindex":0,"rotation":0,"texture":"#0"},"north":{"uv":[0.5625,7.5,1.0625,8.125],"tintindex":0,"rotation":0,"texture":"#0"},"west":{"uv":[6.53125,7.46875,7.0625,8.09375],"tintindex":0,"rotation":0,"texture":"#0"},"up":{"uv":[8.21875,8.0,7.71875,7.46875],"tintindex":0,"rotation":0,"texture":"#0"},"down":{"uv":[0.5,7.75,0.0,8.28125],"tintindex":0,"rotation":0,"texture":"#0"}}}],"display":{"gui":{"rotation":[30,225,0]}}}