{"textures":{"0":"modelengine:entity/ashenazalea"},"elements":[{"from":[-4.3500004,5.085224,6.2194552],"to":[20.35,14.085224,14.719455],"faces":{"east":{"uv":[7.5625,3.46875,8.09375,4.03125],"tintindex":0,"rotation":0,"texture":"#0"},"south":{"uv":[4.78125,2.0625,6.3125,2.625],"tintindex":0,"rotation":0,"texture":"#0"},"north":{"uv":[4.78125,1.5,6.3125,2.0625],"tintindex":0,"rotation":0,"texture":"#0"},"west":{"uv":[7.71875,6.40625,8.25,6.96875],"tintindex":0,"rotation":0,"texture":"#0"},"up":{"uv":[4.34375,5.875,2.8125,5.34375],"tintindex":0,"rotation":0,"texture":"#0"},"down":{"uv":[5.875,5.34375,4.34375,5.875],"tintindex":0,"rotation":0,"texture":"#0"}},"rotation":{"origin":[8.0,2.5852242,13.219455],"angle":-22.5,"axis":"x"}}],"display":{"gui":{"rotation":[30,225,0]}}}