{"textures":{"0":"modelengine:entity/ashenazalea"},"elements":[{"from":[16.528185,0.75,2.0],"to":[22.028185,15.25,14.0],"faces":{"east":{"uv":[9.875,4.28125,9.125,5.1875],"tintindex":0,"rotation":0,"texture":"#0"},"south":{"uv":[10.71875,4.28125,10.375,5.1875],"tintindex":0,"rotation":0,"texture":"#0"},"north":{"uv":[9.46875,3.28125,9.125,4.1875],"tintindex":0,"rotation":0,"texture":"#0"},"west":{"uv":[10.3125,3.28125,9.5625,4.1875],"tintindex":0,"rotation":0,"texture":"#0"},"up":{"uv":[10.3125,4.28125,9.96875,5.03125],"tintindex":0,"rotation":0,"texture":"#0"},"down":{"uv":[10.75,3.28125,10.40625,4.03125],"tintindex":0,"rotation":0,"texture":"#0"}},"rotation":{"origin":[19.278185,8.0,8.0],"angle":-22.5,"axis":"z"}},{"from":[-6.028185,0.75,2.0],"to":[-0.5281849,15.25,14.0],"faces":{"east":{"uv":[9.5625,3.28125,10.3125,4.1875],"tintindex":0,"rotation":0,"texture":"#0"},"south":{"uv":[10.375,4.28125,10.71875,5.1875],"tintindex":0,"rotation":0,"texture":"#0"},"north":{"uv":[9.125,3.28125,9.46875,4.1875],"tintindex":0,"rotation":0,"texture":"#0"},"west":{"uv":[9.125,4.28125,9.875,5.1875],"tintindex":0,"rotation":0,"texture":"#0"},"up":{"uv":[9.96875,4.28125,10.3125,5.03125],"tintindex":0,"rotation":0,"texture":"#0"},"down":{"uv":[10.40625,3.28125,10.75,4.03125],"tintindex":0,"rotation":0,"texture":"#0"}},"rotation":{"origin":[-3.278185,8.0,8.0],"angle":22.5,"axis":"z"}}],"display":{"gui":{"rotation":[30,225,0]}}}