{"textures":{"0":"modelengine:entity/ashenazalea"},"elements":[{"from":[4.199997,2.699997,3.999999],"to":[11.800003,13.300003,12.0],"faces":{"east":{"uv":[2.03125,7.0,2.28125,7.375],"tintindex":0,"rotation":0,"texture":"#0"},"south":{"uv":[1.75,8.28125,2.0,8.65625],"tintindex":0,"rotation":0,"texture":"#0"},"north":{"uv":[4.78125,2.625,5.03125,3.0],"tintindex":0,"rotation":0,"texture":"#0"},"west":{"uv":[5.40625,8.46875,5.65625,8.84375],"tintindex":0,"rotation":0,"texture":"#0"},"up":{"uv":[1.46875,8.875,1.21875,8.625],"tintindex":0,"rotation":0,"texture":"#0"},"down":{"uv":[1.71875,8.625,1.46875,8.875],"tintindex":0,"rotation":0,"texture":"#0"}}}],"display":{"gui":{"rotation":[30,225,0]}}}