{"textures":{"0":"modelengine:entity/ashenazalea"},"elements":[{"from":[-12.5,-12.0,-4.5],"to":[22.5,23.000008,20.5],"faces":{"east":{"uv":[10.25,2.34375,11.34375,3.125],"tintindex":0,"rotation":90,"texture":"#0"},"south":{"uv":[9.09375,1.15625,10.1875,2.25],"tintindex":0,"rotation":90,"texture":"#0"},"north":{"uv":[10.25,0.0,11.34375,1.09375],"tintindex":0,"rotation":270,"texture":"#0"},"west":{"uv":[9.09375,2.34375,10.1875,3.125],"tintindex":0,"rotation":90,"texture":"#0"},"up":{"uv":[11.125,1.15625,11.90625,2.25],"tintindex":0,"rotation":90,"texture":"#0"},"down":{"uv":[10.28125,1.15625,11.0625,2.25],"tintindex":0,"rotation":90,"texture":"#0"}}}],"display":{"gui":{"rotation":[30,225,0]}}}