{"textures":{"0":"modelengine:entity/ashenazalea"},"elements":[{"from":[15.46967,-8.5,0.96967125],"to":[15.46967,8.5,15.969669],"faces":{"east":{"uv":[1.53125,7.75,2.0,8.28125],"tintindex":0,"rotation":0,"texture":"#0"},"south":{"uv":[4.21875,7.875,4.65625,8.40625],"tintindex":0,"rotation":0,"texture":"#0"},"north":{"uv":[7.0625,7.78125,7.5,8.3125],"tintindex":0,"rotation":0,"texture":"#0"},"west":{"uv":[1.0625,7.75,1.53125,8.28125],"tintindex":0,"rotation":0,"texture":"#0"},"up":{"uv":[8.5,5.6875,8.03125,5.25],"tintindex":0,"rotation":270,"texture":"#0"},"down":{"uv":[5.875,8.03125,5.40625,8.46875],"tintindex":0,"rotation":90,"texture":"#0"}}},{"from":[-0.030330658,-8.5,0.46967125],"to":[14.96967,8.5,0.46967125],"faces":{"east":{"uv":[7.0625,7.78125,7.5,8.3125],"tintindex":0,"rotation":0,"texture":"#0"},"south":{"uv":[1.53125,7.75,2.0,8.28125],"tintindex":0,"rotation":0,"texture":"#0"},"north":{"uv":[1.0625,7.75,1.53125,8.28125],"tintindex":0,"rotation":0,"texture":"#0"},"west":{"uv":[4.21875,7.875,4.65625,8.40625],"tintindex":0,"rotation":0,"texture":"#0"},"up":{"uv":[8.5,5.6875,8.03125,5.25],"tintindex":0,"rotation":0,"texture":"#0"},"down":{"uv":[5.875,8.03125,5.40625,8.46875],"tintindex":0,"rotation":0,"texture":"#0"}}}],"display":{"gui":{"rotation":[30,225,0]}}}