{"textures":{"0":"modelengine:entity/ashenazalea"},"elements":[{"from":[-4.1499996,4.6727257,6.45695],"to":[20.35,13.672726,18.95695],"faces":{"east":{"uv":[6.5625,0.0,7.34375,0.5625],"tintindex":0,"rotation":0,"texture":"#0"},"south":{"uv":[5.03125,0.0,6.5625,0.5625],"tintindex":0,"rotation":0,"texture":"#0"},"north":{"uv":[2.8125,4.78125,4.34375,5.34375],"tintindex":0,"rotation":0,"texture":"#0"},"west":{"uv":[5.625,6.875,6.40625,7.4375],"tintindex":0,"rotation":0,"texture":"#0"},"up":{"uv":[4.78125,2.28125,3.25,1.5],"tintindex":0,"rotation":0,"texture":"#0"},"down":{"uv":[4.78125,2.28125,3.25,3.0625],"tintindex":0,"rotation":0,"texture":"#0"}},"rotation":{"origin":[8.0,2.1727257,13.456951],"angle":-22.5,"axis":"x"}}],"display":{"gui":{"rotation":[30,225,0]}}}