{"textures":{"0":"modelengine:entity/ashenazalea"},"elements":[{"from":[3.5,3.16252,7.967495],"to":[12.5,14.16252,10.967495],"faces":{"east":{"uv":[5.21875,8.0625,5.40625,8.75],"tintindex":0,"rotation":0,"texture":"#0"},"south":{"uv":[7.15625,7.09375,7.71875,7.78125],"tintindex":0,"rotation":0,"texture":"#0"},"north":{"uv":[7.15625,6.40625,7.71875,7.09375],"tintindex":0,"rotation":0,"texture":"#0"},"west":{"uv":[3.625,8.25,3.8125,8.9375],"tintindex":0,"rotation":0,"texture":"#0"},"up":{"uv":[2.125,3.71875,1.5625,3.53125],"tintindex":0,"rotation":0,"texture":"#0"},"down":{"uv":[8.625,5.0625,8.0625,5.25],"tintindex":0,"rotation":0,"texture":"#0"}}},{"from":[3.5,14.41252,9.267495],"to":[12.5,22.41252,9.267495],"faces":{"south":{"uv":[7.71875,6.96875,8.28125,7.46875],"tintindex":0,"rotation":0,"texture":"#0"},"north":{"uv":[6.25,2.8125,6.8125,3.3125],"tintindex":0,"rotation":0,"texture":"#0"}},"rotation":{"origin":[8.0,17.41252,7.967495],"angle":22.5,"axis":"x"}}],"display":{"gui":{"rotation":[30,225,0]}}}