{"textures":{"0":"modelengine:entity/ashenazalea"},"elements":[{"from":[5.91969,6.2961044,-1.9196911],"to":[17.91969,14.296104,10.080311],"faces":{"east":{"uv":[8.5,1.6875,8.875,1.9375],"tintindex":0,"rotation":0,"texture":"#0"},"south":{"uv":[8.5,1.9375,8.875,2.1875],"tintindex":0,"rotation":0,"texture":"#0"},"north":{"uv":[2.4375,5.5625,2.8125,5.8125],"tintindex":0,"rotation":0,"texture":"#0"},"west":{"uv":[8.5,5.25,8.875,5.5],"tintindex":0,"rotation":0,"texture":"#0"},"up":{"uv":[7.21875,4.46875,6.84375,4.09375],"tintindex":0,"rotation":0,"texture":"#0"},"down":{"uv":[2.9375,7.4375,2.5625,7.8125],"tintindex":0,"rotation":0,"texture":"#0"}}}],"display":{"gui":{"rotation":[30,225,0]}}}