{"textures":{"0":"modelengine:entity/ashenazalea"},"elements":[{"from":[10.792891,2.125,-6.14645],"to":[17.79289,8.125,0.85354996],"faces":{"east":{"uv":[8.40625,2.59375,8.625,2.78125],"tintindex":0,"rotation":0,"texture":"#0"},"south":{"uv":[8.5,5.5,8.71875,5.6875],"tintindex":0,"rotation":0,"texture":"#0"},"north":{"uv":[4.65625,7.875,4.875,8.0625],"tintindex":0,"rotation":0,"texture":"#0"},"west":{"uv":[8.625,3.96875,8.84375,4.15625],"tintindex":0,"rotation":0,"texture":"#0"},"up":{"uv":[6.3125,1.46875,6.09375,1.25],"tintindex":0,"rotation":0,"texture":"#0"},"down":{"uv":[7.71875,7.78125,7.5,8.0],"tintindex":0,"rotation":0,"texture":"#0"}}},{"from":[1.7928901,2.125,0.85354996],"to":[17.79289,8.125,14.85355],"faces":{"east":{"uv":[8.28125,7.28125,8.71875,7.46875],"tintindex":0,"rotation":0,"texture":"#0"},"south":{"uv":[8.09375,3.8125,8.59375,4.0],"tintindex":0,"rotation":0,"texture":"#0"},"north":{"uv":[2.125,3.53125,2.625,3.71875],"tintindex":0,"rotation":0,"texture":"#0"},"west":{"uv":[8.3125,6.03125,8.75,6.21875],"tintindex":0,"rotation":0,"texture":"#0"},"up":{"uv":[8.5,2.21875,8.0,1.78125],"tintindex":0,"rotation":0,"texture":"#0"},"down":{"uv":[8.0,8.0,7.5,8.4375],"tintindex":0,"rotation":0,"texture":"#0"}}},{"from":[2.79289,2.125,-6.14645],"to":[8.792891,8.125,0.85354996],"faces":{"east":{"uv":[8.625,4.15625,8.84375,4.34375],"tintindex":0,"rotation":0,"texture":"#0"},"south":{"uv":[8.65625,1.34375,8.84375,1.53125],"tintindex":0,"rotation":0,"texture":"#0"},"north":{"uv":[8.65625,1.15625,8.84375,1.34375],"tintindex":0,"rotation":0,"texture":"#0"},"west":{"uv":[8.625,4.71875,8.84375,4.90625],"tintindex":0,"rotation":0,"texture":"#0"},"up":{"uv":[8.8125,5.125,8.625,4.90625],"tintindex":0,"rotation":0,"texture":"#0"},"down":{"uv":[8.84375,0.9375,8.65625,1.15625],"tintindex":0,"rotation":0,"texture":"#0"}}},{"from":[-4.2071095,2.125,-3.14645],"to":[4.79289,7.125,2.85355],"faces":{"east":{"uv":[0.5625,5.40625,0.75,5.5625],"tintindex":0,"rotation":0,"texture":"#0"},"south":{"uv":[0.28125,5.40625,0.5625,5.5625],"tintindex":0,"rotation":0,"texture":"#0"},"north":{"uv":[0.0,5.40625,0.28125,5.5625],"tintindex":0,"rotation":0,"texture":"#0"},"west":{"uv":[0.75,5.40625,0.9375,5.5625],"tintindex":0,"rotation":0,"texture":"#0"},"up":{"uv":[8.1875,0.53125,7.90625,0.34375],"tintindex":0,"rotation":0,"texture":"#0"},"down":{"uv":[7.03125,8.09375,6.75,8.28125],"tintindex":0,"rotation":0,"texture":"#0"}},"rotation":{"origin":[-0.70710945,4.625,2.85355],"angle":-45.0,"axis":"y"}}],"display":{"gui":{"rotation":[30,225,0]}}}