{"textures":{"0":"modelengine:entity/ashenazalea"},"elements":[{"from":[7.53306,6.574112,2.4267797],"to":[15.53306,14.574112,12.42678],"faces":{"east":{"uv":[8.59375,3.71875,8.90625,3.96875],"tintindex":0,"rotation":0,"texture":"#0"},"south":{"uv":[8.625,2.84375,8.875,3.09375],"tintindex":0,"rotation":0,"texture":"#0"},"north":{"uv":[8.625,2.59375,8.875,2.84375],"tintindex":0,"rotation":0,"texture":"#0"},"west":{"uv":[0.0,8.625,0.3125,8.875],"tintindex":0,"rotation":0,"texture":"#0"},"up":{"uv":[0.96875,8.9375,0.71875,8.625],"tintindex":0,"rotation":0,"texture":"#0"},"down":{"uv":[1.21875,8.625,0.96875,8.9375],"tintindex":0,"rotation":0,"texture":"#0"}},"rotation":{"origin":[11.53306,10.074112,7.4267797],"angle":-45.0,"axis":"z"}},{"from":[6.38306,-7.5758896,1.4267797],"to":[17.38306,10.42411,13.42678],"faces":{"east":{"uv":[8.0,8.0,8.375,8.5625],"tintindex":0,"rotation":0,"texture":"#0"},"south":{"uv":[3.875,7.90625,4.21875,8.46875],"tintindex":0,"rotation":0,"texture":"#0"},"north":{"uv":[4.59375,6.6875,4.9375,7.25],"tintindex":0,"rotation":0,"texture":"#0"},"west":{"uv":[8.03125,2.21875,8.40625,2.78125],"tintindex":0,"rotation":0,"texture":"#0"},"up":{"uv":[8.71875,8.28125,8.375,7.90625],"tintindex":0,"rotation":0,"texture":"#0"},"down":{"uv":[8.71875,8.28125,8.375,8.65625],"tintindex":0,"rotation":0,"texture":"#0"}}},{"from":[7.63306,-11.32589,2.4267797],"to":[15.63306,-3.3258896,12.42678],"faces":{"east":{"uv":[0.40625,8.5625,0.71875,8.8125],"tintindex":0,"rotation":0,"texture":"#0"},"south":{"uv":[2.5625,8.625,2.8125,8.875],"tintindex":0,"rotation":0,"texture":"#0"},"north":{"uv":[2.3125,8.625,2.5625,8.875],"tintindex":0,"rotation":0,"texture":"#0"},"west":{"uv":[2.0,8.5625,2.3125,8.8125],"tintindex":0,"rotation":0,"texture":"#0"},"up":{"uv":[8.09375,8.875,7.84375,8.5625],"tintindex":0,"rotation":0,"texture":"#0"},"down":{"uv":[8.34375,8.5625,8.09375,8.875],"tintindex":0,"rotation":0,"texture":"#0"}},"rotation":{"origin":[11.63306,-7.8258896,7.4267797],"angle":-45.0,"axis":"z"}}],"display":{"gui":{"rotation":[30,225,0]}}}