{"textures":{"0":"modelengine:entity/ashenazalea"},"elements":[{"from":[2.0,10.0,-4.000002],"to":[18.0,13.0,-4.000002],"faces":{"south":{"uv":[0.0,9.21875,0.5,9.3125],"tintindex":0,"rotation":0,"texture":"#0"},"north":{"uv":[0.0,9.0625,0.5,9.15625],"tintindex":0,"rotation":0,"texture":"#0"}}},{"from":[19.0,10.0,-4.000002],"to":[19.0,13.0,12.0],"faces":{"east":{"uv":[0.0,9.21875,0.5,9.3125],"tintindex":0,"rotation":0,"texture":"#0"},"west":{"uv":[0.0,9.0625,0.5,9.15625],"tintindex":0,"rotation":0,"texture":"#0"}}},{"from":[1.0051999,-1.0,-5.065859],"to":[20.0052,10.0,13.934139],"faces":{"east":{"uv":[8.0625,1.0,8.65625,1.34375],"tintindex":0,"rotation":0,"texture":"#0"},"south":{"uv":[8.0625,1.34375,8.65625,1.6875],"tintindex":0,"rotation":0,"texture":"#0"},"north":{"uv":[8.03125,2.78125,8.625,3.125],"tintindex":0,"rotation":0,"texture":"#0"},"west":{"uv":[8.0625,4.375,8.65625,4.71875],"tintindex":0,"rotation":0,"texture":"#0"},"up":{"uv":[6.0,8.03125,5.40625,7.4375],"tintindex":0,"rotation":0,"texture":"#0"},"down":{"uv":[8.0625,4.65625,7.46875,5.25],"tintindex":0,"rotation":0,"texture":"#0"}}}],"display":{"gui":{"rotation":[30,225,0]}}}