{"textures":{"0":"modelengine:entity/ashenazalea"},"elements":[{"from":[7.9166665,3.6666665,3.6666665],"to":[25.916668,12.333334,12.333334],"faces":{"east":{"uv":[4.9375,5.875,4.125,6.6875],"tintindex":0,"rotation":0,"texture":"#0"},"south":{"uv":[3.25,0.8125,1.5625,1.625],"tintindex":0,"rotation":0,"texture":"#0"},"north":{"uv":[3.25,0.0,1.5625,0.8125],"tintindex":0,"rotation":0,"texture":"#0"},"west":{"uv":[4.125,5.875,3.3125,6.6875],"tintindex":0,"rotation":0,"texture":"#0"},"up":{"uv":[1.5625,2.4375,3.25,1.625],"tintindex":0,"rotation":0,"texture":"#0"},"down":{"uv":[0.0,2.4375,1.6875,3.25],"tintindex":0,"rotation":0,"texture":"#0"}}}],"display":{"gui":{"rotation":[30,225,0]}}}