{"textures":{"0":"modelengine:entity/ashenazalea"},"elements":[{"from":[-1.3830605,-7.5758896,1.4267797],"to":[9.61694,10.42411,13.42678],"faces":{"east":{"uv":[8.40625,2.21875,8.03125,2.78125],"tintindex":0,"rotation":0,"texture":"#0"},"south":{"uv":[4.21875,7.90625,3.875,8.46875],"tintindex":0,"rotation":0,"texture":"#0"},"north":{"uv":[4.9375,6.6875,4.59375,7.25],"tintindex":0,"rotation":0,"texture":"#0"},"west":{"uv":[8.375,8.0,8.0,8.5625],"tintindex":0,"rotation":0,"texture":"#0"},"up":{"uv":[8.375,8.28125,8.71875,7.90625],"tintindex":0,"rotation":0,"texture":"#0"},"down":{"uv":[8.375,8.28125,8.71875,8.65625],"tintindex":0,"rotation":0,"texture":"#0"}}},{"from":[0.46693993,6.574112,2.4267797],"to":[8.46694,14.574112,12.42678],"faces":{"east":{"uv":[0.3125,8.625,0.0,8.875],"tintindex":0,"rotation":0,"texture":"#0"},"south":{"uv":[8.875,2.84375,8.625,3.09375],"tintindex":0,"rotation":0,"texture":"#0"},"north":{"uv":[8.875,2.59375,8.625,2.84375],"tintindex":0,"rotation":0,"texture":"#0"},"west":{"uv":[8.90625,3.71875,8.59375,3.96875],"tintindex":0,"rotation":0,"texture":"#0"},"up":{"uv":[0.71875,8.9375,0.96875,8.625],"tintindex":0,"rotation":0,"texture":"#0"},"down":{"uv":[0.96875,8.625,1.21875,8.9375],"tintindex":0,"rotation":0,"texture":"#0"}},"rotation":{"origin":[4.46694,10.074112,7.4267797],"angle":45.0,"axis":"z"}},{"from":[0.36693954,-11.32589,2.4267797],"to":[8.36694,-3.3258896,12.42678],"faces":{"east":{"uv":[2.3125,8.5625,2.0,8.8125],"tintindex":0,"rotation":0,"texture":"#0"},"south":{"uv":[2.8125,8.625,2.5625,8.875],"tintindex":0,"rotation":0,"texture":"#0"},"north":{"uv":[2.5625,8.625,2.3125,8.875],"tintindex":0,"rotation":0,"texture":"#0"},"west":{"uv":[0.71875,8.5625,0.40625,8.8125],"tintindex":0,"rotation":0,"texture":"#0"},"up":{"uv":[7.84375,8.875,8.09375,8.5625],"tintindex":0,"rotation":0,"texture":"#0"},"down":{"uv":[8.09375,8.5625,8.34375,8.875],"tintindex":0,"rotation":0,"texture":"#0"}},"rotation":{"origin":[4.3669395,-7.8258896,7.4267797],"angle":45.0,"axis":"z"}}],"display":{"gui":{"rotation":[30,225,0]}}}