{"textures":{"0":"modelengine:entity/horse_spartan"},"elements":[{"from":[7.0,20.046196,7.591032],"to":[9.0,27.046196,21.591032],"faces":{"east":{"uv":[6.875,3.25,8.625,4.125],"tintindex":0,"rotation":0,"texture":"#0"},"south":{"uv":[6.875,14.25,7.125,15.125],"tintindex":0,"rotation":0,"texture":"#0"},"north":{"uv":[11.75,3.0,12.0,3.875],"tintindex":0,"rotation":0,"texture":"#0"},"west":{"uv":[7.25,0.0,9.0,0.875],"tintindex":0,"rotation":0,"texture":"#0"},"up":{"uv":[11.75,14.875,11.5,13.125],"tintindex":0,"rotation":0,"texture":"#0"},"down":{"uv":[0.25,13.5,0.0,15.25],"tintindex":0,"rotation":0,"texture":"#0"}},"rotation":{"origin":[8.0,-2.2888718,20.732483],"angle":-22.5,"axis":"x"}},{"from":[4.5,16.046196,-0.9089689],"to":[11.5,20.046196,6.091031],"faces":{"east":{"uv":[8.0,13.625,8.875,14.125],"tintindex":0,"rotation":0,"texture":"#0"},"south":{"uv":[0.375,13.75,1.25,14.25],"tintindex":0,"rotation":0,"texture":"#0"},"north":{"uv":[6.875,4.25,7.75,4.75],"tintindex":0,"rotation":0,"texture":"#0"},"west":{"uv":[13.75,6.25,14.625,6.75],"tintindex":0,"rotation":0,"texture":"#0"},"up":{"uv":[9.625,4.125,8.75,3.25],"tintindex":0,"rotation":0,"texture":"#0"},"down":{"uv":[1.875,10.5,1.0,11.375],"tintindex":0,"rotation":0,"texture":"#0"}},"rotation":{"origin":[7.5,-2.2888718,20.732483],"angle":-22.5,"axis":"x"}},{"from":[10.967876,14.444565,6.7078333],"to":[13.967876,19.444565,7.7078342],"faces":{"east":{"uv":[1.875,3.25,2.0,3.875],"tintindex":0,"rotation":0,"texture":"#0"},"south":{"uv":[14.25,9.0,14.625,9.625],"tintindex":0,"rotation":0,"texture":"#0"},"north":{"uv":[3.125,10.875,3.5,11.5],"tintindex":0,"rotation":0,"texture":"#0"},"west":{"uv":[3.5,4.25,3.625,4.875],"tintindex":0,"rotation":0,"texture":"#0"},"up":{"uv":[7.125,6.5,6.75,6.375],"tintindex":0,"rotation":0,"texture":"#0"},"down":{"uv":[7.625,3.0,7.25,3.125],"tintindex":0,"rotation":0,"texture":"#0"}},"rotation":{"origin":[8.0,-2.2888718,20.732483],"angle":22.5,"axis":"z"}},{"from":[3.5,14.046196,6.091031],"to":[12.5,18.046196,8.091032],"faces":{"east":{"uv":[4.125,11.875,4.375,12.375],"tintindex":0,"rotation":0,"texture":"#0"},"south":{"uv":[13.125,0.0,14.25,0.5],"tintindex":0,"rotation":0,"texture":"#0"},"north":{"uv":[13.0,10.125,14.125,10.625],"tintindex":0,"rotation":0,"texture":"#0"},"west":{"uv":[4.375,14.5,4.625,15.0],"tintindex":0,"rotation":0,"texture":"#0"},"up":{"uv":[15.125,5.625,14.0,5.375],"tintindex":0,"rotation":0,"texture":"#0"},"down":{"uv":[15.125,5.75,14.0,6.0],"tintindex":0,"rotation":0,"texture":"#0"}},"rotation":{"origin":[7.5,-2.2888718,20.732483],"angle":-22.5,"axis":"x"}},{"from":[3.5,18.046196,6.091031],"to":[12.5,22.046196,18.091032],"faces":{"east":{"uv":[10.5,7.125,12.0,7.625],"tintindex":0,"rotation":0,"texture":"#0"},"south":{"uv":[13.0,9.5,14.125,10.0],"tintindex":0,"rotation":0,"texture":"#0"},"north":{"uv":[12.75,3.75,13.875,4.25],"tintindex":0,"rotation":0,"texture":"#0"},"west":{"uv":[11.0,7.75,12.5,8.25],"tintindex":0,"rotation":0,"texture":"#0"},"up":{"uv":[6.75,4.75,5.625,3.25],"tintindex":0,"rotation":0,"texture":"#0"},"down":{"uv":[2.75,6.125,1.625,7.625],"tintindex":0,"rotation":0,"texture":"#0"}},"rotation":{"origin":[7.5,-2.2888718,20.732483],"angle":-22.5,"axis":"x"}},{"from":[5.0,12.046196,-0.40896893],"to":[11.0,14.046196,6.591031],"faces":{"east":{"uv":[14.125,2.0,15.0,2.25],"tintindex":0,"rotation":0,"texture":"#0"},"south":{"uv":[14.25,12.75,15.0,13.0],"tintindex":0,"rotation":0,"texture":"#0"},"north":{"uv":[12.625,14.25,13.375,14.5],"tintindex":0,"rotation":0,"texture":"#0"},"west":{"uv":[14.25,7.5,15.125,7.75],"tintindex":0,"rotation":0,"texture":"#0"},"up":{"uv":[8.5,12.125,7.75,11.25],"tintindex":0,"rotation":0,"texture":"#0"},"down":{"uv":[9.375,11.25,8.625,12.125],"tintindex":0,"rotation":0,"texture":"#0"}},"rotation":{"origin":[8.0,-2.2888718,20.732483],"angle":-22.5,"axis":"x"}},{"from":[4.0,12.046196,6.591031],"to":[12.0,20.046196,17.591032],"faces":{"east":{"uv":[1.25,7.75,2.625,8.75],"tintindex":0,"rotation":0,"texture":"#0"},"south":{"uv":[10.0,1.125,11.0,2.125],"tintindex":0,"rotation":0,"texture":"#0"},"north":{"uv":[10.0,0.0,11.0,1.0],"tintindex":0,"rotation":0,"texture":"#0"},"west":{"uv":[2.75,8.125,4.125,9.125],"tintindex":0,"rotation":0,"texture":"#0"},"up":{"uv":[5.25,9.5,4.25,8.125],"tintindex":0,"rotation":0,"texture":"#0"},"down":{"uv":[6.375,8.125,5.375,9.5],"tintindex":0,"rotation":0,"texture":"#0"}},"rotation":{"origin":[8.0,-2.2888718,20.732483],"angle":-22.5,"axis":"x"}},{"from":[3.525,12.021198,13.091032],"to":[12.475,18.046196,18.091032],"faces":{"east":{"uv":[4.25,13.625,4.875,14.375],"tintindex":0,"rotation":0,"texture":"#0"},"south":{"uv":[10.125,9.0,11.25,9.75],"tintindex":0,"rotation":0,"texture":"#0"},"north":{"uv":[10.0,2.25,11.125,3.0],"tintindex":0,"rotation":0,"texture":"#0"},"west":{"uv":[7.25,13.625,7.875,14.375],"tintindex":0,"rotation":0,"texture":"#0"},"up":{"uv":[11.75,11.625,10.625,11.0],"tintindex":0,"rotation":0,"texture":"#0"},"down":{"uv":[12.25,0.0,11.125,0.625],"tintindex":0,"rotation":0,"texture":"#0"}},"rotation":{"origin":[7.475,-2.2888718,20.732483],"angle":-22.5,"axis":"x"}},{"from":[6.975,12.046196,17.591032],"to":[9.025,20.046196,21.591032],"faces":{"east":{"uv":[9.375,12.625,9.875,13.625],"tintindex":0,"rotation":0,"texture":"#0"},"south":{"uv":[13.875,14.125,14.125,15.125],"tintindex":0,"rotation":0,"texture":"#0"},"north":{"uv":[13.5,14.125,13.75,15.125],"tintindex":0,"rotation":0,"texture":"#0"},"west":{"uv":[5.875,13.0,6.375,14.0],"tintindex":0,"rotation":0,"texture":"#0"},"up":{"uv":[11.25,8.875,11.0,8.375],"tintindex":0,"rotation":0,"texture":"#0"},"down":{"uv":[11.875,6.5,11.625,7.0],"tintindex":0,"rotation":0,"texture":"#0"}},"rotation":{"origin":[8.025,-2.2888718,20.732483],"angle":-22.5,"axis":"x"}},{"from":[5.0,14.046196,-0.40896893],"to":[11.0,19.046196,6.591031],"faces":{"east":{"uv":[1.5,13.125,2.375,13.75],"tintindex":0,"rotation":0,"texture":"#0"},"south":{"uv":[13.5,13.375,14.25,14.0],"tintindex":0,"rotation":0,"texture":"#0"},"north":{"uv":[12.625,13.5,13.375,14.125],"tintindex":0,"rotation":0,"texture":"#0"},"west":{"uv":[2.5,13.125,3.375,13.75],"tintindex":0,"rotation":0,"texture":"#0"},"up":{"uv":[0.75,12.0,0.0,11.125],"tintindex":0,"rotation":0,"texture":"#0"},"down":{"uv":[7.625,11.25,6.875,12.125],"tintindex":0,"rotation":0,"texture":"#0"}},"rotation":{"origin":[8.0,-2.2888718,20.732483],"angle":-22.5,"axis":"x"}},{"from":[2.032124,14.444565,6.7078333],"to":[5.032124,19.444565,7.7078342],"faces":{"east":{"uv":[1.625,5.0,1.75,5.625],"tintindex":0,"rotation":0,"texture":"#0"},"south":{"uv":[14.25,10.5,14.625,11.125],"tintindex":0,"rotation":0,"texture":"#0"},"north":{"uv":[14.25,9.75,14.625,10.375],"tintindex":0,"rotation":0,"texture":"#0"},"west":{"uv":[0.625,12.125,0.75,12.75],"tintindex":0,"rotation":0,"texture":"#0"},"up":{"uv":[7.625,6.5,7.25,6.375],"tintindex":0,"rotation":0,"texture":"#0"},"down":{"uv":[8.125,3.0,7.75,3.125],"tintindex":0,"rotation":0,"texture":"#0"}},"rotation":{"origin":[8.0,-2.2888718,20.732483],"angle":-22.5,"axis":"z"}},{"from":[3.5,14.084259,8.282373],"to":[12.5,16.084259,13.282373],"faces":{"east":{"uv":[2.0,10.5,2.625,10.75],"tintindex":0,"rotation":0,"texture":"#0"},"south":{"uv":[14.0,4.0,15.125,4.25],"tintindex":0,"rotation":0,"texture":"#0"},"north":{"uv":[14.0,3.625,15.125,3.875],"tintindex":0,"rotation":0,"texture":"#0"},"west":{"uv":[11.875,14.375,12.5,14.625],"tintindex":0,"rotation":0,"texture":"#0"},"up":{"uv":[12.25,1.375,11.125,0.75],"tintindex":0,"rotation":0,"texture":"#0"},"down":{"uv":[12.25,1.5,11.125,2.125],"tintindex":0,"rotation":0,"texture":"#0"}},"rotation":{"origin":[7.5,-2.7508125,20.923824],"angle":-22.5,"axis":"x"}}],"display":{"gui":{"rotation":[30,225,0]}}}