{"textures":{"0":"modelengine:entity/whisperingwisteria"},"elements":[{"from":[6.16667,-0.6087103,5.62244],"to":[10.16667,3.3912902,5.62244],"faces":{"south":{"uv":[2.0,14.25,1.0,15.25],"tintindex":0,"rotation":0,"texture":"#0"},"north":{"uv":[15.0,10.0,14.0,11.0],"tintindex":0,"rotation":0,"texture":"#0"}},"rotation":{"origin":[8.66667,1.3912897,5.62244],"angle":22.5,"axis":"x"}},{"from":[6.41667,0.14128971,6.37244],"to":[9.41667,8.14129,9.37244],"faces":{"east":{"uv":[10.75,13.25,10.0,15.25],"tintindex":0,"rotation":0,"texture":"#0"},"south":{"uv":[14.0,9.25,13.25,11.25],"tintindex":0,"rotation":0,"texture":"#0"},"north":{"uv":[3.0,13.25,2.25,15.25],"tintindex":0,"rotation":0,"texture":"#0"},"west":{"uv":[3.75,13.25,3.0,15.25],"tintindex":0,"rotation":0,"texture":"#0"},"up":{"uv":[14.25,11.75,15.0,11.0],"tintindex":0,"rotation":0,"texture":"#0"},"down":{"uv":[11.75,14.25,12.5,15.0],"tintindex":0,"rotation":0,"texture":"#0"}}},{"from":[5.41667,-2.6087103,10.12244],"to":[10.41667,3.3912902,10.12244],"faces":{"south":{"uv":[13.25,10.75,12.0,12.25],"tintindex":0,"rotation":0,"texture":"#0"},"north":{"uv":[13.25,9.25,12.0,10.75],"tintindex":0,"rotation":0,"texture":"#0"}},"rotation":{"origin":[7.91667,1.3912897,10.12244],"angle":-22.5,"axis":"x"}}],"display":{"gui":{"rotation":[30,225,0]}}}