{"textures":{"0":"modelengine:entity/whisperingwisteria"},"elements":[{"from":[6.58333,0.14128971,6.37244],"to":[9.58333,8.14129,9.37244],"faces":{"east":{"uv":[3.0,13.25,3.75,15.25],"tintindex":0,"rotation":0,"texture":"#0"},"south":{"uv":[13.25,9.25,14.0,11.25],"tintindex":0,"rotation":0,"texture":"#0"},"north":{"uv":[2.25,13.25,3.0,15.25],"tintindex":0,"rotation":0,"texture":"#0"},"west":{"uv":[10.0,13.25,10.75,15.25],"tintindex":0,"rotation":0,"texture":"#0"},"up":{"uv":[15.0,11.75,14.25,11.0],"tintindex":0,"rotation":0,"texture":"#0"},"down":{"uv":[12.5,14.25,11.75,15.0],"tintindex":0,"rotation":0,"texture":"#0"}}},{"from":[5.58333,-2.6087103,10.12244],"to":[10.58333,3.3912897,10.12244],"faces":{"south":{"uv":[12.0,10.75,13.25,12.25],"tintindex":0,"rotation":0,"texture":"#0"},"north":{"uv":[12.0,9.25,13.25,10.75],"tintindex":0,"rotation":0,"texture":"#0"}},"rotation":{"origin":[8.08333,1.3912897,10.12244],"angle":-22.5,"axis":"x"}},{"from":[5.83333,-0.6087103,5.62244],"to":[9.83333,3.3912897,5.62244],"faces":{"south":{"uv":[1.0,14.25,2.0,15.25],"tintindex":0,"rotation":0,"texture":"#0"},"north":{"uv":[14.0,10.0,15.0,11.0],"tintindex":0,"rotation":0,"texture":"#0"}},"rotation":{"origin":[7.33333,1.3912897,5.62244],"angle":22.5,"axis":"x"}}],"display":{"gui":{"rotation":[30,225,0]}}}