{"textures":{"0":"modelengine:entity/horse_glacial"},"elements":[{"from":[5.579167,2.1147861,2.4141555],"to":[11.579166,13.114786,11.414156],"faces":{"east":{"uv":[1.75,3.875,2.3125,4.5625],"tintindex":0,"rotation":0,"texture":"#0"},"south":{"uv":[5.25,3.8125,5.625,4.5],"tintindex":0,"rotation":0,"texture":"#0"},"north":{"uv":[5.25,3.0625,5.625,3.75],"tintindex":0,"rotation":0,"texture":"#0"},"west":{"uv":[2.375,4.0,2.9375,4.6875],"tintindex":0,"rotation":0,"texture":"#0"},"up":{"uv":[2.9375,6.125,2.5625,5.5625],"tintindex":0,"rotation":0,"texture":"#0"},"down":{"uv":[3.375,5.5625,3.0,6.125],"tintindex":0,"rotation":0,"texture":"#0"}},"rotation":{"origin":[13.579166,6.8138046,-2.8045025],"angle":22.5,"axis":"x"}}],"display":{"gui":{"rotation":[30,225,0]}}}