{"textures":{"0":"modelengine:entity/horse_glacial"},"elements":[{"from":[5.14375,13.113373,9.251654],"to":[10.14375,19.113373,17.251656],"faces":{"east":{"uv":[5.6875,0.625,6.1875,1.0],"tintindex":0,"rotation":0,"texture":"#0"},"south":{"uv":[6.75,5.125,7.0625,5.5],"tintindex":0,"rotation":0,"texture":"#0"},"north":{"uv":[6.75,4.6875,7.0625,5.0625],"tintindex":0,"rotation":0,"texture":"#0"},"west":{"uv":[5.6875,1.0625,6.1875,1.4375],"tintindex":0,"rotation":0,"texture":"#0"},"up":{"uv":[1.375,2.75,1.0625,2.25],"tintindex":0,"rotation":0,"texture":"#0"},"down":{"uv":[6.375,0.0,6.0625,0.5],"tintindex":0,"rotation":0,"texture":"#0"}},"rotation":{"origin":[13.11875,14.064144,-0.24849606],"angle":45.0,"axis":"x"}}],"display":{"gui":{"rotation":[30,225,0]}}}