{"textures":{"0":"modelengine:entity/horse_glacial"},"elements":[{"from":[-0.5,17.375526,-2.107809],"to":[16.5,17.375526,12.892191],"faces":{"up":{"uv":[2.5,0.9375,1.4375,0.0],"tintindex":0,"rotation":180,"texture":"#0"},"down":{"uv":[2.5,0.0,1.4375,0.9375],"tintindex":0,"rotation":180,"texture":"#0"}},"rotation":{"origin":[8.0,21.375526,11.392191],"angle":-45.0,"axis":"x"}},{"from":[4.5,9.879946,4.6903963],"to":[11.5,20.879944,13.690395],"faces":{"east":{"uv":[3.75,3.6875,4.3125,4.375],"tintindex":0,"rotation":0,"texture":"#0"},"south":{"uv":[2.125,4.75,2.5625,5.4375],"tintindex":0,"rotation":0,"texture":"#0"},"north":{"uv":[4.75,1.5,5.1875,2.1875],"tintindex":0,"rotation":0,"texture":"#0"},"west":{"uv":[0.0,3.875,0.5625,4.5625],"tintindex":0,"rotation":0,"texture":"#0"},"up":{"uv":[5.8125,6.0625,5.375,5.5],"tintindex":0,"rotation":0,"texture":"#0"},"down":{"uv":[6.0,2.1875,5.5625,2.75],"tintindex":0,"rotation":0,"texture":"#0"}},"rotation":{"origin":[8.0,6.544876,16.831848],"angle":-22.5,"axis":"x"}},{"from":[-0.5,21.375526,-2.107809],"to":[16.5,21.375526,12.892191],"faces":{"up":{"uv":[2.5,0.9375,1.4375,0.0],"tintindex":0,"rotation":180,"texture":"#0"},"down":{"uv":[2.5,0.0,1.4375,0.9375],"tintindex":0,"rotation":180,"texture":"#0"}},"rotation":{"origin":[8.0,21.375526,11.392191],"angle":-45.0,"axis":"x"}},{"from":[7.0,10.879946,13.690395],"to":[9.0,20.879944,16.690395],"faces":{"east":{"uv":[0.0,6.8125,0.1875,7.4375],"tintindex":0,"rotation":0,"texture":"#0"},"south":{"uv":[0.6875,7.0,0.8125,7.625],"tintindex":0,"rotation":0,"texture":"#0"},"north":{"uv":[4.0625,6.9375,4.1875,7.5625],"tintindex":0,"rotation":0,"texture":"#0"},"west":{"uv":[5.4375,6.8125,5.625,7.4375],"tintindex":0,"rotation":0,"texture":"#0"},"up":{"uv":[5.25,7.375,5.125,7.1875],"tintindex":0,"rotation":0,"texture":"#0"},"down":{"uv":[6.0,7.1875,5.875,7.375],"tintindex":0,"rotation":0,"texture":"#0"}},"rotation":{"origin":[8.0,6.544876,16.831848],"angle":-22.5,"axis":"x"}}],"display":{"gui":{"rotation":[30,225,0]}}}