{"textures":{"0":"modelengine:entity/horse_glacial"},"elements":[{"from":[5.85625,13.113373,9.251654],"to":[10.85625,19.113373,17.251656],"faces":{"east":{"uv":[3.4375,5.8125,3.9375,6.1875],"tintindex":0,"rotation":0,"texture":"#0"},"south":{"uv":[2.5625,6.875,2.875,7.25],"tintindex":0,"rotation":0,"texture":"#0"},"north":{"uv":[6.875,2.375,7.1875,2.75],"tintindex":0,"rotation":0,"texture":"#0"},"west":{"uv":[0.4375,5.875,0.9375,6.25],"tintindex":0,"rotation":0,"texture":"#0"},"up":{"uv":[6.5,2.0,6.1875,1.5],"tintindex":0,"rotation":0,"texture":"#0"},"down":{"uv":[6.1875,6.1875,5.875,6.6875],"tintindex":0,"rotation":0,"texture":"#0"}},"rotation":{"origin":[2.88125,14.064144,-0.24849606],"angle":45.0,"axis":"x"}}],"display":{"gui":{"rotation":[30,225,0]}}}