{"textures":{"0":"modelengine:entity/horse_glacial"},"elements":[{"from":[4.420833,2.1147861,2.4141555],"to":[10.420834,13.114786,11.414156],"faces":{"east":{"uv":[3.0,4.0,3.5625,4.6875],"tintindex":0,"rotation":0,"texture":"#0"},"south":{"uv":[0.0,5.375,0.375,6.0625],"tintindex":0,"rotation":0,"texture":"#0"},"north":{"uv":[4.375,5.25,4.75,5.9375],"tintindex":0,"rotation":0,"texture":"#0"},"west":{"uv":[4.125,1.625,4.6875,2.3125],"tintindex":0,"rotation":0,"texture":"#0"},"up":{"uv":[5.9375,5.125,5.5625,4.5625],"tintindex":0,"rotation":0,"texture":"#0"},"down":{"uv":[6.0,0.0,5.625,0.5625],"tintindex":0,"rotation":0,"texture":"#0"}},"rotation":{"origin":[2.420833,6.8138046,-2.8045025],"angle":22.5,"axis":"x"}}],"display":{"gui":{"rotation":[30,225,0]}}}