{"textures":{"0":"modelengine:entity/kitsune_demonic"},"elements":[{"from":[6.73125,6.1659527,3.4230804],"to":[10.73125,13.165953,8.42308],"faces":{"east":{"uv":[7.75,10.125,7.125,11.0],"tintindex":0,"rotation":0,"texture":"#0"},"south":{"uv":[10.375,1.375,10.875,2.25],"tintindex":0,"rotation":0,"texture":"#0"},"north":{"uv":[8.625,10.125,9.125,11.0],"tintindex":0,"rotation":0,"texture":"#0"},"west":{"uv":[7.125,10.125,7.75,11.0],"tintindex":0,"rotation":0,"texture":"#0"},"up":{"uv":[6.75,11.5,6.25,10.875],"tintindex":0,"rotation":0,"texture":"#0"},"down":{"uv":[11.375,7.5,10.875,8.125],"tintindex":0,"rotation":0,"texture":"#0"}},"rotation":{"origin":[13.74375,15.683921,18.620224],"angle":-22.5,"axis":"x"}},{"from":[6.75625,2.4553437,10.162876],"to":[6.75625,9.455343,15.162876],"faces":{"east":{"uv":[8.5,10.125,7.875,11.0],"tintindex":0,"rotation":0,"texture":"#0"},"west":{"uv":[7.875,10.125,8.5,11.0],"tintindex":0,"rotation":0,"texture":"#0"}}}],"display":{"gui":{"rotation":[30,225,0]}}}