{"textures":{"0":"modelengine:entity/kitsune_demonic"},"elements":[{"from":[8.0,15.392281,-6.90802],"to":[8.0,24.39228,0.09197998],"faces":{"east":{"uv":[9.625,8.875,8.75,10.0],"tintindex":0,"rotation":0,"texture":"#0"},"west":{"uv":[8.75,8.875,9.625,10.0],"tintindex":0,"rotation":0,"texture":"#0"}},"rotation":{"origin":[7.0125,6.9745693,-2.228835],"angle":45.0,"axis":"x"}},{"from":[5.0,11.433218,3.244546],"to":[11.0,23.433216,10.244546],"faces":{"east":{"uv":[6.25,1.375,7.125,2.875],"tintindex":0,"rotation":0,"texture":"#0"},"south":{"uv":[2.375,8.125,3.125,9.625],"tintindex":0,"rotation":0,"texture":"#0"},"north":{"uv":[8.125,2.125,8.875,3.625],"tintindex":0,"rotation":0,"texture":"#0"},"west":{"uv":[4.5,6.75,5.375,8.25],"tintindex":0,"rotation":0,"texture":"#0"},"up":{"uv":[10.5,10.625,9.75,9.75],"tintindex":0,"rotation":0,"texture":"#0"},"down":{"uv":[1.875,9.875,1.125,10.75],"tintindex":0,"rotation":0,"texture":"#0"}},"rotation":{"origin":[7.0125,6.9745693,-2.228835],"angle":22.5,"axis":"x"}}],"display":{"gui":{"rotation":[30,225,0]}}}