{"textures":{"0":"modelengine:entity/horse_pegasus"},"elements":[{"from":[2.0,15.287642,9.908031],"to":[14.0,17.287642,12.908031],"faces":{"east":{"uv":[5.5,5.25,5.6875,5.375],"tintindex":0,"rotation":0,"texture":"#0"},"south":{"uv":[7.9375,2.8125,8.6875,2.9375],"tintindex":0,"rotation":0,"texture":"#0"},"north":{"uv":[7.875,1.9375,8.625,2.0625],"tintindex":0,"rotation":0,"texture":"#0"},"west":{"uv":[2.0625,8.1875,2.25,8.3125],"tintindex":0,"rotation":0,"texture":"#0"},"up":{"uv":[8.1875,1.4375,7.4375,1.25],"tintindex":0,"rotation":0,"texture":"#0"},"down":{"uv":[8.25,6.5625,7.5,6.75],"tintindex":0,"rotation":0,"texture":"#0"}}},{"from":[2.0,2.2876415,-8.091969],"to":[14.0,14.287642,7.908031],"faces":{"east":{"uv":[3.625,2.9375,4.625,3.6875],"tintindex":0,"rotation":0,"texture":"#0"},"south":{"uv":[5.3125,1.875,6.0625,2.625],"tintindex":0,"rotation":0,"texture":"#0"},"north":{"uv":[4.6875,3.75,5.4375,4.5],"tintindex":0,"rotation":0,"texture":"#0"},"west":{"uv":[3.625,3.75,4.625,4.5],"tintindex":0,"rotation":0,"texture":"#0"},"up":{"uv":[5.125,1.0,4.375,0.0],"tintindex":0,"rotation":0,"texture":"#0"},"down":{"uv":[5.125,1.0625,4.375,2.0625],"tintindex":0,"rotation":0,"texture":"#0"}}},{"from":[1.5,1.7876415,4.4080315],"to":[14.5,8.787642,7.408031],"faces":{"east":{"uv":[3.25,8.0,3.4375,8.4375],"tintindex":0,"rotation":0,"texture":"#0"},"south":{"uv":[5.875,5.75,6.6875,6.1875],"tintindex":0,"rotation":0,"texture":"#0"},"north":{"uv":[5.875,5.25,6.6875,5.6875],"tintindex":0,"rotation":0,"texture":"#0"},"west":{"uv":[3.5,8.0,3.6875,8.4375],"tintindex":0,"rotation":0,"texture":"#0"},"up":{"uv":[7.8125,1.8125,7.0,1.625],"tintindex":0,"rotation":0,"texture":"#0"},"down":{"uv":[8.125,5.875,7.3125,6.0625],"tintindex":0,"rotation":0,"texture":"#0"}}},{"from":[1.0,8.287642,-0.09196854],"to":[15.0,15.287642,12.908031],"faces":{"east":{"uv":[1.875,5.8125,2.6875,6.25],"tintindex":0,"rotation":0,"texture":"#0"},"south":{"uv":[5.625,3.1875,6.5,3.625],"tintindex":0,"rotation":0,"texture":"#0"},"north":{"uv":[5.625,2.6875,6.5,3.125],"tintindex":0,"rotation":0,"texture":"#0"},"west":{"uv":[2.75,5.8125,3.5625,6.25],"tintindex":0,"rotation":0,"texture":"#0"},"up":{"uv":[4.5,5.375,3.625,4.5625],"tintindex":0,"rotation":0,"texture":"#0"},"down":{"uv":[5.4375,4.5625,4.5625,5.375],"tintindex":0,"rotation":0,"texture":"#0"}}}],"display":{"gui":{"rotation":[30,225,0]}}}