{"textures":{"0":"modelengine:entity/horse_pegasus"},"elements":[{"from":[7.0,20.046196,10.591032],"to":[9.0,23.046196,20.591032],"faces":{"east":{"uv":[7.625,5.625,8.25,5.8125],"tintindex":0,"rotation":0,"texture":"#0"},"south":{"uv":[1.875,5.5625,2.0,5.75],"tintindex":0,"rotation":0,"texture":"#0"},"north":{"uv":[5.3125,2.6875,5.4375,2.875],"tintindex":0,"rotation":0,"texture":"#0"},"west":{"uv":[7.9375,2.5625,8.5625,2.75],"tintindex":0,"rotation":0,"texture":"#0"},"up":{"uv":[4.875,8.625,4.75,8.0],"tintindex":0,"rotation":0,"texture":"#0"},"down":{"uv":[5.0625,8.0,4.9375,8.625],"tintindex":0,"rotation":0,"texture":"#0"}},"rotation":{"origin":[8.0,-2.2888718,20.732483],"angle":-22.5,"axis":"x"}},{"from":[10.967876,14.444565,6.7078333],"to":[13.967876,19.444565,7.7078342],"faces":{"east":{"uv":[4.8125,7.0625,4.875,7.375],"tintindex":0,"rotation":0,"texture":"#0"},"south":{"uv":[5.125,8.125,5.3125,8.4375],"tintindex":0,"rotation":0,"texture":"#0"},"north":{"uv":[8.125,3.0,8.3125,3.3125],"tintindex":0,"rotation":0,"texture":"#0"},"west":{"uv":[7.1875,0.0,7.25,0.3125],"tintindex":0,"rotation":0,"texture":"#0"},"up":{"uv":[8.5,5.8125,8.3125,5.75],"tintindex":0,"rotation":0,"texture":"#0"},"down":{"uv":[8.5,6.0625,8.3125,6.125],"tintindex":0,"rotation":0,"texture":"#0"}},"rotation":{"origin":[8.0,-2.2888718,20.732483],"angle":22.5,"axis":"z"}},{"from":[5.0,12.046196,-0.40896893],"to":[11.0,14.046196,6.591031],"faces":{"east":{"uv":[8.0625,5.4375,8.5,5.5625],"tintindex":0,"rotation":0,"texture":"#0"},"south":{"uv":[8.1875,3.5625,8.5625,3.6875],"tintindex":0,"rotation":0,"texture":"#0"},"north":{"uv":[8.1875,3.375,8.5625,3.5],"tintindex":0,"rotation":0,"texture":"#0"},"west":{"uv":[8.125,7.875,8.5625,8.0],"tintindex":0,"rotation":0,"texture":"#0"},"up":{"uv":[4.0,7.5,3.625,7.0625],"tintindex":0,"rotation":0,"texture":"#0"},"down":{"uv":[4.4375,7.0625,4.0625,7.5],"tintindex":0,"rotation":0,"texture":"#0"}},"rotation":{"origin":[8.0,-2.2888718,20.732483],"angle":-22.5,"axis":"x"}},{"from":[4.0,12.046196,6.591031],"to":[12.0,20.046196,17.591032],"faces":{"east":{"uv":[6.0,0.0,6.6875,0.5],"tintindex":0,"rotation":0,"texture":"#0"},"south":{"uv":[6.5625,6.25,7.0625,6.75],"tintindex":0,"rotation":0,"texture":"#0"},"north":{"uv":[6.5625,2.625,7.0625,3.125],"tintindex":0,"rotation":0,"texture":"#0"},"west":{"uv":[6.0,0.5625,6.6875,1.0625],"tintindex":0,"rotation":0,"texture":"#0"},"up":{"uv":[6.5,1.8125,6.0,1.125],"tintindex":0,"rotation":0,"texture":"#0"},"down":{"uv":[6.625,1.875,6.125,2.5625],"tintindex":0,"rotation":0,"texture":"#0"}},"rotation":{"origin":[8.0,-2.2888718,20.732483],"angle":-22.5,"axis":"x"}},{"from":[6.975,12.046196,17.591032],"to":[9.025,20.046196,20.591032],"faces":{"east":{"uv":[7.375,7.9375,7.5625,8.4375],"tintindex":0,"rotation":0,"texture":"#0"},"south":{"uv":[7.8125,8.0625,7.9375,8.5625],"tintindex":0,"rotation":0,"texture":"#0"},"north":{"uv":[7.625,8.0625,7.75,8.5625],"tintindex":0,"rotation":0,"texture":"#0"},"west":{"uv":[3.0,8.0,3.1875,8.5],"tintindex":0,"rotation":0,"texture":"#0"},"up":{"uv":[5.75,8.375,5.625,8.1875],"tintindex":0,"rotation":0,"texture":"#0"},"down":{"uv":[5.9375,8.1875,5.8125,8.375],"tintindex":0,"rotation":0,"texture":"#0"}},"rotation":{"origin":[8.025,-2.2888718,20.732483],"angle":-22.5,"axis":"x"}},{"from":[5.0,14.046196,-0.40896893],"to":[11.0,19.046196,6.591031],"faces":{"east":{"uv":[0.0,7.6875,0.4375,8.0],"tintindex":0,"rotation":0,"texture":"#0"},"south":{"uv":[7.8125,0.875,8.1875,1.1875],"tintindex":0,"rotation":0,"texture":"#0"},"north":{"uv":[7.75,3.5,8.125,3.8125],"tintindex":0,"rotation":0,"texture":"#0"},"west":{"uv":[7.625,7.6875,8.0625,8.0],"tintindex":0,"rotation":0,"texture":"#0"},"up":{"uv":[3.125,7.5,2.75,7.0625],"tintindex":0,"rotation":0,"texture":"#0"},"down":{"uv":[3.5625,7.0625,3.1875,7.5],"tintindex":0,"rotation":0,"texture":"#0"}},"rotation":{"origin":[8.0,-2.2888718,20.732483],"angle":-22.5,"axis":"x"}},{"from":[2.032124,14.444565,6.7078333],"to":[5.032124,19.444565,7.7078342],"faces":{"east":{"uv":[7.1875,5.1875,7.25,5.5],"tintindex":0,"rotation":0,"texture":"#0"},"south":{"uv":[8.125,7.5,8.3125,7.8125],"tintindex":0,"rotation":0,"texture":"#0"},"north":{"uv":[5.375,8.125,5.5625,8.4375],"tintindex":0,"rotation":0,"texture":"#0"},"west":{"uv":[7.3125,0.6875,7.375,1.0],"tintindex":0,"rotation":0,"texture":"#0"},"up":{"uv":[8.5,6.25,8.3125,6.1875],"tintindex":0,"rotation":0,"texture":"#0"},"down":{"uv":[8.5,6.3125,8.3125,6.375],"tintindex":0,"rotation":0,"texture":"#0"}},"rotation":{"origin":[8.0,-2.2888718,20.732483],"angle":-22.5,"axis":"z"}}],"display":{"gui":{"rotation":[30,225,0]}}}