{"textures":{"0":"modelengine:entity/horse_pegasus"},"elements":[{"from":[1.9635077,7.646428,11.151257],"to":[10.463508,8.146428,12.651257],"faces":{"east":{"uv":[7.4375,1.5,7.625,1.5625],"tintindex":0,"rotation":0,"texture":"#0"},"south":{"uv":[8.0625,5.3125,9.125,5.375],"tintindex":0,"rotation":0,"texture":"#0"},"north":{"uv":[8.0625,5.1875,9.125,5.25],"tintindex":0,"rotation":0,"texture":"#0"},"west":{"uv":[7.5,3.0625,7.6875,3.125],"tintindex":0,"rotation":0,"texture":"#0"},"up":{"uv":[7.75,2.3125,6.6875,2.125],"tintindex":0,"rotation":0,"texture":"#0"},"down":{"uv":[7.75,2.125,6.6875,2.3125],"tintindex":0,"rotation":0,"texture":"#0"}},"rotation":{"origin":[-0.25929165,6.842679,15.148913],"angle":22.5,"axis":"y"}},{"from":[0.7279711,8.133928,6.921437],"to":[8.727971,8.133928,27.421436],"faces":{"up":{"uv":[1.0,5.5,0.0,2.9375],"tintindex":0,"rotation":0,"texture":"#0"},"down":{"uv":[1.0,2.9375,0.0,5.5],"tintindex":0,"rotation":0,"texture":"#0"}}}],"display":{"gui":{"rotation":[30,225,0]}}}