{"textures":{"0":"modelengine:entity/horse_pegasus"},"elements":[{"from":[3.6870966,7.6812506,6.2348995],"to":[12.687096,8.181251,7.7348995],"faces":{"east":{"uv":[8.3125,3.9375,8.5,4.0],"tintindex":0,"rotation":0,"texture":"#0"},"south":{"uv":[8.0625,0.25,9.1875,0.3125],"tintindex":0,"rotation":0,"texture":"#0"},"north":{"uv":[8.0625,0.125,9.1875,0.1875],"tintindex":0,"rotation":0,"texture":"#0"},"west":{"uv":[8.3125,4.0625,8.5,4.125],"tintindex":0,"rotation":0,"texture":"#0"},"up":{"uv":[7.75,5.125,6.625,4.9375],"tintindex":0,"rotation":0,"texture":"#0"},"down":{"uv":[7.75,4.9375,6.625,5.125],"tintindex":0,"rotation":0,"texture":"#0"}},"rotation":{"origin":[12.522628,6.8775005,17.621498],"angle":22.5,"axis":"y"}},{"from":[-2.282876,7.65625,3.7204409],"to":[8.717123,8.181251,5.220441],"faces":{"east":{"uv":[8.3125,4.1875,8.5,4.25],"tintindex":0,"rotation":0,"texture":"#0"},"south":{"uv":[8.0,6.9375,9.375,7.0],"tintindex":0,"rotation":0,"texture":"#0"},"north":{"uv":[8.0,6.8125,9.375,6.875],"tintindex":0,"rotation":0,"texture":"#0"},"west":{"uv":[8.3125,5.625,8.5,5.6875],"tintindex":0,"rotation":0,"texture":"#0"},"up":{"uv":[2.25,6.5,0.875,6.3125],"tintindex":0,"rotation":0,"texture":"#0"},"down":{"uv":[2.25,6.3125,0.875,6.5],"tintindex":0,"rotation":0,"texture":"#0"}},"rotation":{"origin":[12.522628,6.8650007,17.621498],"angle":45.0,"axis":"y"}},{"from":[-8.752609,8.13125,6.89402],"to":[8.247391,8.13125,29.89402],"faces":{"up":{"uv":[2.125,2.875,0.0,0.0],"tintindex":0,"rotation":0,"texture":"#0"},"down":{"uv":[2.125,0.0,0.0,2.875],"tintindex":0,"rotation":0,"texture":"#0"}}}],"display":{"gui":{"rotation":[30,225,0]}}}