{"textures":{"0":"modelengine:entity/horse_pegasus"},"elements":[{"from":[4.5,9.879946,4.6903963],"to":[11.5,20.879944,13.690395],"faces":{"east":{"uv":[5.25,5.4375,5.8125,6.125],"tintindex":0,"rotation":0,"texture":"#0"},"south":{"uv":[6.125,4.4375,6.5625,5.125],"tintindex":0,"rotation":0,"texture":"#0"},"north":{"uv":[6.125,3.6875,6.5625,4.375],"tintindex":0,"rotation":0,"texture":"#0"},"west":{"uv":[5.5,3.75,6.0625,4.4375],"tintindex":0,"rotation":0,"texture":"#0"},"up":{"uv":[7.0625,3.75,6.625,3.1875],"tintindex":0,"rotation":0,"texture":"#0"},"down":{"uv":[7.0625,3.8125,6.625,4.375],"tintindex":0,"rotation":0,"texture":"#0"}},"rotation":{"origin":[8.0,6.544876,16.831848],"angle":-22.5,"axis":"x"}},{"from":[7.0,10.879946,13.690395],"to":[9.0,20.879944,16.690395],"faces":{"east":{"uv":[0.5,7.6875,0.6875,8.3125],"tintindex":0,"rotation":0,"texture":"#0"},"south":{"uv":[0.1875,8.0625,0.3125,8.6875],"tintindex":0,"rotation":0,"texture":"#0"},"north":{"uv":[0.0,8.0625,0.125,8.6875],"tintindex":0,"rotation":0,"texture":"#0"},"west":{"uv":[4.5,7.75,4.6875,8.375],"tintindex":0,"rotation":0,"texture":"#0"},"up":{"uv":[6.5,7.25,6.375,7.0625],"tintindex":0,"rotation":0,"texture":"#0"},"down":{"uv":[7.75,0.4375,7.625,0.625],"tintindex":0,"rotation":0,"texture":"#0"}},"rotation":{"origin":[8.0,6.544876,16.831848],"angle":-22.5,"axis":"x"}}],"display":{"gui":{"rotation":[30,225,0]}}}