{"textures":{"0":"modelengine:entity/horse_pegasus"},"elements":[{"from":[5.5364923,7.646428,11.151257],"to":[14.036492,8.146428,12.651257],"faces":{"east":{"uv":[7.6875,3.0625,7.5,3.125],"tintindex":0,"rotation":0,"texture":"#0"},"south":{"uv":[9.125,5.3125,8.0625,5.375],"tintindex":0,"rotation":0,"texture":"#0"},"north":{"uv":[9.125,5.1875,8.0625,5.25],"tintindex":0,"rotation":0,"texture":"#0"},"west":{"uv":[7.625,1.5,7.4375,1.5625],"tintindex":0,"rotation":0,"texture":"#0"},"up":{"uv":[6.6875,2.3125,7.75,2.125],"tintindex":0,"rotation":0,"texture":"#0"},"down":{"uv":[6.6875,2.125,7.75,2.3125],"tintindex":0,"rotation":0,"texture":"#0"}},"rotation":{"origin":[16.259293,6.842679,15.148913],"angle":-22.5,"axis":"y"}},{"from":[7.272029,8.133928,6.921437],"to":[15.272029,8.133928,27.421436],"faces":{"up":{"uv":[0.0,5.5,1.0,2.9375],"tintindex":0,"rotation":0,"texture":"#0"},"down":{"uv":[0.0,2.9375,1.0,5.5],"tintindex":0,"rotation":0,"texture":"#0"}}}],"display":{"gui":{"rotation":[30,225,0]}}}