{"textures":{"0":"modelengine:entity/horse_pegasus"},"elements":[{"from":[5.85625,13.113373,9.251654],"to":[10.85625,19.113373,17.251656],"faces":{"east":{"uv":[7.0,6.8125,7.5,7.1875],"tintindex":0,"rotation":0,"texture":"#0"},"south":{"uv":[7.9375,6.125,8.25,6.5],"tintindex":0,"rotation":0,"texture":"#0"},"north":{"uv":[7.9375,3.875,8.25,4.25],"tintindex":0,"rotation":0,"texture":"#0"},"west":{"uv":[2.1875,7.0625,2.6875,7.4375],"tintindex":0,"rotation":0,"texture":"#0"},"up":{"uv":[7.75,1.1875,7.4375,0.6875],"tintindex":0,"rotation":0,"texture":"#0"},"down":{"uv":[1.0625,7.4375,0.75,7.9375],"tintindex":0,"rotation":0,"texture":"#0"}},"rotation":{"origin":[2.88125,14.064144,-0.24849606],"angle":45.0,"axis":"x"}}],"display":{"gui":{"rotation":[30,225,0]}}}