{"textures":{"0":"modelengine:entity/horse_pegasus"},"elements":[{"from":[10.437509,7.6274996,7.6830773],"to":[19.43751,8.152499,9.183077],"faces":{"east":{"uv":[8.375,5.0625,8.1875,5.125],"tintindex":0,"rotation":0,"texture":"#0"},"south":{"uv":[9.1875,0.0,8.0625,0.0625],"tintindex":0,"rotation":0,"texture":"#0"},"north":{"uv":[9.125,7.0625,8.0,7.125],"tintindex":0,"rotation":0,"texture":"#0"},"west":{"uv":[7.6875,4.3125,7.5,4.375],"tintindex":0,"rotation":0,"texture":"#0"},"up":{"uv":[6.625,4.625,7.75,4.4375],"tintindex":0,"rotation":0,"texture":"#0"},"down":{"uv":[6.625,4.4375,7.75,4.625],"tintindex":0,"rotation":0,"texture":"#0"}},"rotation":{"origin":[8.980603,6.8362503,12.192488],"angle":45.0,"axis":"y"}},{"from":[7.9933405,8.139999,1.9650111],"to":[13.4933405,8.139999,24.465012],"faces":{"up":{"uv":[2.125,5.75,2.8125,2.9375],"tintindex":0,"rotation":0,"texture":"#0"},"down":{"uv":[2.125,2.9375,2.8125,5.75],"tintindex":0,"rotation":0,"texture":"#0"}}}],"display":{"gui":{"rotation":[30,225,0]}}}