{"textures":{"0":"modelengine:entity/horse_pegasus"},"elements":[{"from":[7.9901094,8.16875,6.89402],"to":[24.990108,8.16875,29.89402],"faces":{"up":{"uv":[0.0,2.875,2.125,0.0],"tintindex":0,"rotation":0,"texture":"#0"},"down":{"uv":[0.0,0.0,2.125,2.875],"tintindex":0,"rotation":0,"texture":"#0"}}},{"from":[3.3129044,7.6812506,6.2348995],"to":[12.312903,8.181251,7.7348995],"faces":{"east":{"uv":[8.5,4.0625,8.3125,4.125],"tintindex":0,"rotation":0,"texture":"#0"},"south":{"uv":[9.1875,0.25,8.0625,0.3125],"tintindex":0,"rotation":0,"texture":"#0"},"north":{"uv":[9.1875,0.125,8.0625,0.1875],"tintindex":0,"rotation":0,"texture":"#0"},"west":{"uv":[8.5,3.9375,8.3125,4.0],"tintindex":0,"rotation":0,"texture":"#0"},"up":{"uv":[6.625,5.125,7.75,4.9375],"tintindex":0,"rotation":0,"texture":"#0"},"down":{"uv":[6.625,4.9375,7.75,5.125],"tintindex":0,"rotation":0,"texture":"#0"}},"rotation":{"origin":[3.4773722,6.8775005,17.621498],"angle":-22.5,"axis":"y"}},{"from":[7.282877,7.65625,3.7204409],"to":[18.282875,8.181251,5.220441],"faces":{"east":{"uv":[8.5,5.625,8.3125,5.6875],"tintindex":0,"rotation":0,"texture":"#0"},"south":{"uv":[9.375,6.9375,8.0,7.0],"tintindex":0,"rotation":0,"texture":"#0"},"north":{"uv":[9.375,6.8125,8.0,6.875],"tintindex":0,"rotation":0,"texture":"#0"},"west":{"uv":[8.5,4.1875,8.3125,4.25],"tintindex":0,"rotation":0,"texture":"#0"},"up":{"uv":[0.875,6.5,2.25,6.3125],"tintindex":0,"rotation":0,"texture":"#0"},"down":{"uv":[0.875,6.3125,2.25,6.5],"tintindex":0,"rotation":0,"texture":"#0"}},"rotation":{"origin":[3.4773722,6.8650007,17.621498],"angle":-45.0,"axis":"y"}}],"display":{"gui":{"rotation":[30,225,0]}}}