{"textures":{"0":"modelengine:entity/horse_pegasus"},"elements":[{"from":[4.420833,2.1147861,2.4141555],"to":[10.420834,13.114786,11.414156],"faces":{"east":{"uv":[0.625,5.5625,1.1875,6.25],"tintindex":0,"rotation":0,"texture":"#0"},"south":{"uv":[6.5625,1.125,6.9375,1.8125],"tintindex":0,"rotation":0,"texture":"#0"},"north":{"uv":[3.1875,6.3125,3.5625,7.0],"tintindex":0,"rotation":0,"texture":"#0"},"west":{"uv":[1.25,5.5625,1.8125,6.25],"tintindex":0,"rotation":0,"texture":"#0"},"up":{"uv":[1.25,7.375,0.875,6.8125],"tintindex":0,"rotation":0,"texture":"#0"},"down":{"uv":[1.6875,6.8125,1.3125,7.375],"tintindex":0,"rotation":0,"texture":"#0"}},"rotation":{"origin":[2.420833,6.8138046,-2.8045025],"angle":22.5,"axis":"x"}}],"display":{"gui":{"rotation":[30,225,0]}}}