{"textures":{"0":"modelengine:entity/nocsy_ganon_bokoblin2"},"elements":[{"from":[2.5,2.4000006,2.0499997],"to":[13.5,9.4,12.049999],"faces":{"east":{"uv":[0.75,3.8125,1.375,4.25],"tintindex":0,"rotation":0,"texture":"#0"},"south":{"uv":[0.0,3.5625,0.6875,4.0],"tintindex":0,"rotation":0,"texture":"#0"},"north":{"uv":[3.25,2.3125,3.9375,2.75],"tintindex":0,"rotation":0,"texture":"#0"},"west":{"uv":[3.875,1.125,4.5,1.5625],"tintindex":0,"rotation":0,"texture":"#0"},"up":{"uv":[3.1875,2.375,2.5,1.75],"tintindex":0,"rotation":0,"texture":"#0"},"down":{"uv":[3.1875,2.4375,2.5,3.0625],"tintindex":0,"rotation":0,"texture":"#0"}}},{"from":[2.5,-4.5999994,1.9499998],"to":[13.5,4.4000006,1.9499998],"faces":{"south":{"uv":[2.375,3.125,3.0625,3.6875],"tintindex":0,"rotation":0,"texture":"#0"},"north":{"uv":[3.125,1.125,3.8125,1.6875],"tintindex":0,"rotation":0,"texture":"#0"}}},{"from":[2.5,-4.5999994,12.125],"to":[13.5,4.4000006,12.125],"faces":{"south":{"uv":[0.875,3.1875,1.5625,3.75],"tintindex":0,"rotation":0,"texture":"#0"},"north":{"uv":[3.125,3.125,3.8125,3.6875],"tintindex":0,"rotation":0,"texture":"#0"}}}],"display":{"gui":{"rotation":[30,225,0]}}}