{"textures":{"0":"modelengine:entity/nocsy_ganon_bokoblin2"},"elements":[{"from":[6.390233,1.7247124,4.123105],"to":[11.390233,9.724712,11.123104],"faces":{"east":{"uv":[4.0,0.5625,4.4375,1.0625],"tintindex":0,"rotation":0,"texture":"#0"},"south":{"uv":[2.9375,5.0,3.25,5.5],"tintindex":0,"rotation":0,"texture":"#0"},"north":{"uv":[0.9375,4.9375,1.25,5.4375],"tintindex":0,"rotation":0,"texture":"#0"},"west":{"uv":[4.0,1.625,4.4375,2.125],"tintindex":0,"rotation":0,"texture":"#0"},"up":{"uv":[5.875,5.0,5.5625,4.5625],"tintindex":0,"rotation":0,"texture":"#0"},"down":{"uv":[5.875,5.0625,5.5625,5.5],"tintindex":0,"rotation":0,"texture":"#0"}}},{"from":[7.090233,-3.875288,2.8631048],"to":[12.090233,4.124712,8.863105],"faces":{"east":{"uv":[4.5625,0.625,4.9375,1.125],"tintindex":0,"rotation":0,"texture":"#0"},"south":{"uv":[3.6875,5.0,4.0,5.5],"tintindex":0,"rotation":0,"texture":"#0"},"north":{"uv":[3.3125,5.0,3.625,5.5],"tintindex":0,"rotation":0,"texture":"#0"},"west":{"uv":[0.0,4.625,0.375,5.125],"tintindex":0,"rotation":0,"texture":"#0"},"up":{"uv":[1.8125,6.1875,1.5,5.8125],"tintindex":0,"rotation":0,"texture":"#0"},"down":{"uv":[6.125,2.5625,5.8125,2.9375],"tintindex":0,"rotation":0,"texture":"#0"}},"rotation":{"origin":[9.190233,-0.375288,7.2731047],"angle":22.5,"axis":"x"}}],"display":{"gui":{"rotation":[30,225,0]}}}