{"textures":{"0":"modelengine:entity/nocsy_ganon_bokoblin2"},"elements":[{"from":[5.5794964,-2.0677662,5.422139],"to":[10.579496,3.9322329,11.422139],"faces":{"east":{"uv":[2.0625,5.5,2.4375,5.875],"tintindex":0,"rotation":0,"texture":"#0"},"south":{"uv":[0.6875,5.9375,1.0,6.3125],"tintindex":0,"rotation":0,"texture":"#0"},"north":{"uv":[0.3125,5.9375,0.625,6.3125],"tintindex":0,"rotation":0,"texture":"#0"},"west":{"uv":[2.5,5.5,2.875,5.875],"tintindex":0,"rotation":0,"texture":"#0"},"up":{"uv":[6.25,2.0,5.9375,1.625],"tintindex":0,"rotation":0,"texture":"#0"},"down":{"uv":[2.1875,5.9375,1.875,6.3125],"tintindex":0,"rotation":0,"texture":"#0"}}},{"from":[5.8794966,1.732233,5.632139],"to":[9.879496,9.732234,10.632139],"faces":{"east":{"uv":[4.8125,5.1875,5.125,5.6875],"tintindex":0,"rotation":0,"texture":"#0"},"south":{"uv":[4.8125,5.75,5.0625,6.25],"tintindex":0,"rotation":0,"texture":"#0"},"north":{"uv":[1.1875,5.75,1.4375,6.25],"tintindex":0,"rotation":0,"texture":"#0"},"west":{"uv":[5.1875,5.125,5.5,5.625],"tintindex":0,"rotation":0,"texture":"#0"},"up":{"uv":[6.75,6.25,6.5,5.9375],"tintindex":0,"rotation":0,"texture":"#0"},"down":{"uv":[6.75,6.3125,6.5,6.625],"tintindex":0,"rotation":0,"texture":"#0"}}}],"display":{"gui":{"rotation":[30,225,0]}}}