{"textures":{"0":"modelengine:entity/horse_magma"},"elements":[{"from":[7.0,20.046196,10.591032],"to":[9.0,23.046196,20.591032],"faces":{"east":{"uv":[6.375,1.75,7.0,1.9375],"tintindex":0,"rotation":0,"texture":"#0"},"south":{"uv":[4.75,4.375,4.875,4.5625],"tintindex":0,"rotation":0,"texture":"#0"},"north":{"uv":[0.625,3.4375,0.75,3.625],"tintindex":0,"rotation":0,"texture":"#0"},"west":{"uv":[6.625,2.5625,7.25,2.75],"tintindex":0,"rotation":0,"texture":"#0"},"up":{"uv":[4.375,7.375,4.25,6.75],"tintindex":0,"rotation":0,"texture":"#0"},"down":{"uv":[6.9375,0.0,6.8125,0.625],"tintindex":0,"rotation":0,"texture":"#0"}},"rotation":{"origin":[8.0,-2.2888718,20.732483],"angle":-22.5,"axis":"x"}},{"from":[10.967876,14.444565,6.7078333],"to":[13.967876,19.444565,7.7078342],"faces":{"east":{"uv":[0.9375,1.625,1.0,1.9375],"tintindex":0,"rotation":0,"texture":"#0"},"south":{"uv":[1.875,6.9375,2.0625,7.25],"tintindex":0,"rotation":0,"texture":"#0"},"north":{"uv":[5.875,3.0625,6.0625,3.375],"tintindex":0,"rotation":0,"texture":"#0"},"west":{"uv":[0.8125,2.5,0.875,2.8125],"tintindex":0,"rotation":0,"texture":"#0"},"up":{"uv":[1.8125,3.0,1.625,2.9375],"tintindex":0,"rotation":0,"texture":"#0"},"down":{"uv":[2.625,3.0625,2.4375,3.125],"tintindex":0,"rotation":0,"texture":"#0"}},"rotation":{"origin":[8.0,-2.2888718,20.732483],"angle":22.5,"axis":"z"}},{"from":[5.0,12.046196,-0.40896893],"to":[11.0,14.046196,6.591031],"faces":{"east":{"uv":[6.9375,2.0,7.375,2.125],"tintindex":0,"rotation":0,"texture":"#0"},"south":{"uv":[5.9375,6.9375,6.3125,7.0625],"tintindex":0,"rotation":0,"texture":"#0"},"north":{"uv":[5.5,6.9375,5.875,7.0625],"tintindex":0,"rotation":0,"texture":"#0"},"west":{"uv":[2.625,6.9375,3.0625,7.0625],"tintindex":0,"rotation":0,"texture":"#0"},"up":{"uv":[5.1875,6.0625,4.8125,5.625],"tintindex":0,"rotation":0,"texture":"#0"},"down":{"uv":[6.0,0.4375,5.625,0.0],"tintindex":0,"rotation":0,"texture":"#0"}},"rotation":{"origin":[8.0,-2.2888718,20.732483],"angle":-22.5,"axis":"x"}},{"from":[4.0,12.046196,6.591031],"to":[12.0,20.046196,17.591032],"faces":{"east":{"uv":[3.25,4.125,3.9375,4.625],"tintindex":0,"rotation":0,"texture":"#0"},"south":{"uv":[3.0625,1.625,3.5625,2.125],"tintindex":0,"rotation":0,"texture":"#0"},"north":{"uv":[3.0625,1.625,3.5625,2.125],"tintindex":0,"rotation":0,"texture":"#0"},"west":{"uv":[4.0,4.125,4.6875,4.625],"tintindex":0,"rotation":0,"texture":"#0"},"up":{"uv":[0.5,4.875,0.0,4.1875],"tintindex":0,"rotation":0,"texture":"#0"},"down":{"uv":[0.5,4.875,0.0,4.1875],"tintindex":0,"rotation":0,"texture":"#0"}},"rotation":{"origin":[8.0,-2.2888718,20.732483],"angle":-22.5,"axis":"x"}},{"from":[6.975,12.046196,17.591032],"to":[9.025,20.046196,20.591032],"faces":{"east":{"uv":[1.625,5.1875,1.4375,5.6875],"tintindex":0,"rotation":0,"texture":"#0"},"south":{"uv":[4.875,6.125,5.0,6.625],"tintindex":0,"rotation":0,"texture":"#0"},"north":{"uv":[0.75,6.0,0.875,7.125],"tintindex":0,"rotation":0,"texture":"#0"},"west":{"uv":[1.4375,5.1875,1.625,5.6875],"tintindex":0,"rotation":0,"texture":"#0"},"up":{"uv":[5.3125,4.3125,5.1875,4.125],"tintindex":0,"rotation":0,"texture":"#0"},"down":{"uv":[5.6875,3.875,5.5625,4.0625],"tintindex":0,"rotation":0,"texture":"#0"}},"rotation":{"origin":[8.025,-2.2888718,20.732483],"angle":-22.5,"axis":"x"}},{"from":[5.0,14.046196,-0.40896893],"to":[11.0,19.046196,6.591031],"faces":{"east":{"uv":[6.4375,3.0,6.875,3.3125],"tintindex":0,"rotation":0,"texture":"#0"},"south":{"uv":[6.25,6.5625,6.625,6.875],"tintindex":0,"rotation":0,"texture":"#0"},"north":{"uv":[5.8125,6.5625,6.1875,6.875],"tintindex":0,"rotation":0,"texture":"#0"},"west":{"uv":[6.4375,3.375,6.875,3.6875],"tintindex":0,"rotation":0,"texture":"#0"},"up":{"uv":[6.0,0.4375,5.625,0.0],"tintindex":0,"rotation":0,"texture":"#0"},"down":{"uv":[6.0,0.5,5.625,0.9375],"tintindex":0,"rotation":0,"texture":"#0"}},"rotation":{"origin":[8.0,-2.2888718,20.732483],"angle":-22.5,"axis":"x"}},{"from":[2.032124,14.444565,6.7078333],"to":[5.032124,19.444565,7.7078342],"faces":{"east":{"uv":[4.625,3.625,4.6875,3.9375],"tintindex":0,"rotation":0,"texture":"#0"},"south":{"uv":[2.375,6.9375,2.5625,7.25],"tintindex":0,"rotation":0,"texture":"#0"},"north":{"uv":[2.125,6.9375,2.3125,7.25],"tintindex":0,"rotation":0,"texture":"#0"},"west":{"uv":[5.625,1.0,5.6875,1.3125],"tintindex":0,"rotation":0,"texture":"#0"},"up":{"uv":[5.3125,2.75,5.125,2.6875],"tintindex":0,"rotation":0,"texture":"#0"},"down":{"uv":[6.125,5.6875,5.9375,5.75],"tintindex":0,"rotation":0,"texture":"#0"}},"rotation":{"origin":[8.0,-2.2888718,20.732483],"angle":-22.5,"axis":"z"}}],"display":{"gui":{"rotation":[30,225,0]}}}