{"textures":{"0":"modelengine:entity/horse_magma"},"elements":[{"from":[5.579167,2.1147861,2.4141555],"to":[11.579166,13.114786,11.414156],"faces":{"east":{"uv":[0.0,3.4375,0.5625,4.125],"tintindex":0,"rotation":0,"texture":"#0"},"south":{"uv":[4.75,3.625,5.125,4.3125],"tintindex":0,"rotation":0,"texture":"#0"},"north":{"uv":[4.75,0.75,5.125,1.4375],"tintindex":0,"rotation":0,"texture":"#0"},"west":{"uv":[3.625,0.0,4.1875,0.6875],"tintindex":0,"rotation":0,"texture":"#0"},"up":{"uv":[1.375,5.625,1.0,5.0625],"tintindex":0,"rotation":0,"texture":"#0"},"down":{"uv":[5.4375,2.8125,5.0625,3.375],"tintindex":0,"rotation":0,"texture":"#0"}},"rotation":{"origin":[13.579166,6.8138046,-2.8045025],"angle":22.5,"axis":"x"}},{"from":[5.579167,1.2428312,-3.6395493],"to":[5.579167,13.242832,2.3604507],"faces":{"east":{"uv":[4.0625,5.4375,3.6875,4.6875],"tintindex":0,"rotation":0,"texture":"#0"},"west":{"uv":[3.6875,5.4375,4.0625,4.6875],"tintindex":0,"rotation":0,"texture":"#0"}},"rotation":{"origin":[5.579167,6.242832,-0.63954926],"angle":22.5,"axis":"x"}}],"display":{"gui":{"rotation":[30,225,0]}}}