{"textures":{"0":"modelengine:entity/horse_magma"},"elements":[{"from":[4.5,9.879946,4.6903963],"to":[11.5,20.879944,13.690395],"faces":{"east":{"uv":[2.4375,3.1875,3.0,3.875],"tintindex":0,"rotation":0,"texture":"#0"},"south":{"uv":[4.25,1.25,4.6875,1.9375],"tintindex":0,"rotation":0,"texture":"#0"},"north":{"uv":[0.5625,4.25,1.0,4.9375],"tintindex":0,"rotation":0,"texture":"#0"},"west":{"uv":[3.0625,3.1875,3.625,3.875],"tintindex":0,"rotation":0,"texture":"#0"},"up":{"uv":[5.4375,4.9375,5.0,4.375],"tintindex":0,"rotation":0,"texture":"#0"},"down":{"uv":[5.4375,4.9375,5.0,4.375],"tintindex":0,"rotation":0,"texture":"#0"}},"rotation":{"origin":[8.0,6.544876,16.831848],"angle":-22.5,"axis":"x"}},{"from":[7.0,10.879946,13.690395],"to":[9.0,20.879944,16.690395],"faces":{"east":{"uv":[1.625,5.6875,1.4375,6.3125],"tintindex":0,"rotation":0,"texture":"#0"},"south":{"uv":[4.875,6.625,5.0,7.25],"tintindex":0,"rotation":0,"texture":"#0"},"north":{"uv":[0.75,6.0,0.875,7.125],"tintindex":0,"rotation":0,"texture":"#0"},"west":{"uv":[1.4375,5.6875,1.625,6.3125],"tintindex":0,"rotation":0,"texture":"#0"},"up":{"uv":[5.3125,4.3125,5.1875,4.125],"tintindex":0,"rotation":0,"texture":"#0"},"down":{"uv":[5.6875,3.875,5.5625,4.0625],"tintindex":0,"rotation":0,"texture":"#0"}},"rotation":{"origin":[8.0,6.544876,16.831848],"angle":-22.5,"axis":"x"}}],"display":{"gui":{"rotation":[30,225,0]}}}