{"textures":{"0":"modelengine:entity/horse_magma"},"elements":[{"from":[4.420833,2.1147861,2.4141555],"to":[10.420834,13.114786,11.414156],"faces":{"east":{"uv":[4.1875,0.0,3.625,0.6875],"tintindex":0,"rotation":0,"texture":"#0"},"south":{"uv":[5.125,3.625,4.75,4.3125],"tintindex":0,"rotation":0,"texture":"#0"},"north":{"uv":[5.125,0.75,4.75,1.4375],"tintindex":0,"rotation":0,"texture":"#0"},"west":{"uv":[0.5625,3.4375,0.0,4.125],"tintindex":0,"rotation":0,"texture":"#0"},"up":{"uv":[1.0,5.625,1.375,5.0625],"tintindex":0,"rotation":0,"texture":"#0"},"down":{"uv":[5.0625,2.8125,5.4375,3.375],"tintindex":0,"rotation":0,"texture":"#0"}},"rotation":{"origin":[2.420833,6.8138046,-2.8045025],"angle":22.5,"axis":"x"}},{"from":[10.420834,1.2428312,-3.6395493],"to":[10.420834,13.242832,2.3604507],"faces":{"east":{"uv":[4.0625,5.4375,3.6875,4.6875],"tintindex":0,"rotation":0,"texture":"#0"},"west":{"uv":[3.6875,5.4375,4.0625,4.6875],"tintindex":0,"rotation":0,"texture":"#0"}},"rotation":{"origin":[10.420834,6.242832,-0.63954926],"angle":22.5,"axis":"x"}}],"display":{"gui":{"rotation":[30,225,0]}}}