{"textures":{"0":"modelengine:entity/nocsy_fpv2_slender"},"elements":[{"from":[4.603546,3.5436115,10.5293865],"to":[4.603546,9.543612,16.529387],"faces":{"east":{"uv":[1.75,11.25,2.5,12.0],"tintindex":0,"rotation":0,"texture":"#0"},"west":{"uv":[11.25,1.75,12.0,2.5],"tintindex":0,"rotation":0,"texture":"#0"}},"rotation":{"origin":[5.0,8.4,11.7],"angle":22.5,"axis":"z"}},{"from":[4.5,6.7582684,17.813913],"to":[11.5,10.758268,17.813913],"faces":{"south":{"uv":[4.875,12.25,5.75,12.75],"tintindex":0,"rotation":0,"texture":"#0"},"north":{"uv":[12.125,1.875,13.0,2.375],"tintindex":0,"rotation":0,"texture":"#0"}},"rotation":{"origin":[8.0,10.4,15.700001],"angle":22.5,"axis":"x"}},{"from":[5.0,3.5800781,8.5293865],"to":[11.0,6.580078,16.529387],"faces":{"east":{"uv":[12.5,6.375,13.5,6.75],"tintindex":0,"rotation":0,"texture":"#0"},"south":{"uv":[2.75,13.125,3.5,13.5],"tintindex":0,"rotation":0,"texture":"#0"},"north":{"uv":[13.125,2.25,13.875,2.625],"tintindex":0,"rotation":0,"texture":"#0"},"west":{"uv":[12.625,5.5,13.625,5.875],"tintindex":0,"rotation":0,"texture":"#0"},"up":{"uv":[11.25,10.0,10.5,9.0],"tintindex":0,"rotation":0,"texture":"#0"},"down":{"uv":[3.75,10.75,3.0,11.75],"tintindex":0,"rotation":0,"texture":"#0"}}},{"from":[11.396454,3.5436115,10.5293865],"to":[11.396454,9.543612,16.529387],"faces":{"east":{"uv":[0.875,11.25,1.625,12.0],"tintindex":0,"rotation":0,"texture":"#0"},"west":{"uv":[11.25,0.875,12.0,1.625],"tintindex":0,"rotation":0,"texture":"#0"}},"rotation":{"origin":[11.0,8.4,11.7],"angle":-22.5,"axis":"z"}}],"display":{"gui":{"rotation":[30,225,0]}}}