{"textures":{"0":"modelengine:entity/nocsy_fpv2_slender"},"elements":[{"from":[13.711468,6.9303756,6.1006327],"to":[19.511465,9.730375,8.900632],"faces":{"east":{"uv":[11.625,13.375,12.0,13.75],"tintindex":0,"rotation":0,"texture":"#0"},"south":{"uv":[13.125,3.25,13.875,3.625],"tintindex":0,"rotation":0,"texture":"#0"},"north":{"uv":[13.125,2.75,13.875,3.125],"tintindex":0,"rotation":0,"texture":"#0"},"west":{"uv":[1.5,13.5,1.875,13.875],"tintindex":0,"rotation":0,"texture":"#0"},"up":{"uv":[4.375,13.5,3.625,13.125],"tintindex":0,"rotation":0,"texture":"#0"},"down":{"uv":[13.875,3.75,13.125,4.125],"tintindex":0,"rotation":0,"texture":"#0"}}},{"from":[7.7614675,5.8303757,5.000633],"to":[13.761467,10.830376,10.000633],"faces":{"east":{"uv":[9.75,3.0,10.375,3.625],"tintindex":0,"rotation":0,"texture":"#0"},"south":{"uv":[9.625,11.875,10.375,12.5],"tintindex":0,"rotation":0,"texture":"#0"},"north":{"uv":[11.875,9.375,12.625,10.0],"tintindex":0,"rotation":0,"texture":"#0"},"west":{"uv":[7.5,12.25,8.125,12.875],"tintindex":0,"rotation":0,"texture":"#0"},"up":{"uv":[12.625,10.75,11.875,10.125],"tintindex":0,"rotation":0,"texture":"#0"},"down":{"uv":[11.25,11.875,10.5,12.5],"tintindex":0,"rotation":0,"texture":"#0"}}}],"display":{"gui":{"rotation":[30,225,0]}}}