{"textures":{"0":"modelengine:entity/nocsy_fpv2_slender"},"elements":[{"from":[2.238533,5.8303757,5.000633],"to":[8.238533,10.830376,10.000633],"faces":{"east":{"uv":[12.375,3.25,13.0,3.875],"tintindex":0,"rotation":0,"texture":"#0"},"south":{"uv":[11.375,11.875,12.125,12.5],"tintindex":0,"rotation":0,"texture":"#0"},"north":{"uv":[11.875,10.875,12.625,11.5],"tintindex":0,"rotation":0,"texture":"#0"},"west":{"uv":[12.375,4.0,13.0,4.625],"tintindex":0,"rotation":0,"texture":"#0"},"up":{"uv":[12.75,7.625,12.0,7.0],"tintindex":0,"rotation":0,"texture":"#0"},"down":{"uv":[12.75,7.75,12.0,8.375],"tintindex":0,"rotation":0,"texture":"#0"}}},{"from":[-3.5114665,6.9303756,6.1006327],"to":[2.2885327,9.730375,8.900632],"faces":{"east":{"uv":[4.5,13.5,4.875,13.875],"tintindex":0,"rotation":0,"texture":"#0"},"south":{"uv":[5.625,13.125,6.375,13.5],"tintindex":0,"rotation":0,"texture":"#0"},"north":{"uv":[13.125,4.25,13.875,4.625],"tintindex":0,"rotation":0,"texture":"#0"},"west":{"uv":[5.0,13.5,5.375,13.875],"tintindex":0,"rotation":0,"texture":"#0"},"up":{"uv":[8.875,13.5,8.125,13.125],"tintindex":0,"rotation":0,"texture":"#0"},"down":{"uv":[9.75,13.125,9.0,13.5],"tintindex":0,"rotation":0,"texture":"#0"}}}],"display":{"gui":{"rotation":[30,225,0]}}}