{"textures":{"4":"modelengine:entity/hv_tenebris"},"elements":[{"from":[9.352,7.719,9.352],"to":[6.648,-1.7189999,6.648],"faces":{"east":{"uv":[12.75,12.083334,13.0,12.833334],"tintindex":0,"rotation":0,"texture":"#4"},"south":{"uv":[12.833334,3.9166667,13.083334,4.666667],"tintindex":0,"rotation":0,"texture":"#4"},"north":{"uv":[12.75,11.333334,13.0,12.083334],"tintindex":0,"rotation":0,"texture":"#4"},"west":{"uv":[9.333334,12.833334,9.583334,13.583334],"tintindex":0,"rotation":0,"texture":"#4"},"up":{"uv":[15.083334,13.25,14.833334,13.0],"tintindex":0,"rotation":0,"texture":"#4"},"down":{"uv":[15.083334,13.25,14.833334,13.5],"tintindex":0,"rotation":0,"texture":"#4"}}},{"from":[6.96,-1.289999,6.96],"to":[9.04,7.290001,9.04],"faces":{"east":{"uv":[13.916667,5.5,14.083334,6.25],"tintindex":0,"rotation":0,"texture":"#4"},"south":{"uv":[13.916667,11.5,14.083334,12.25],"tintindex":0,"rotation":0,"texture":"#4"},"north":{"uv":[4.25,13.916667,4.416667,14.666667],"tintindex":0,"rotation":0,"texture":"#4"},"west":{"uv":[13.916667,12.25,14.083334,13.0],"tintindex":0,"rotation":0,"texture":"#4"},"up":{"uv":[6.416667,15.25,6.25,15.083334],"tintindex":0,"rotation":0,"texture":"#4"},"down":{"uv":[6.5833335,15.083334,6.416667,15.25],"tintindex":0,"rotation":0,"texture":"#4"}}}],"display":{"gui":{"rotation":[30,225,0]}}}