{"textures":{"4":"modelengine:entity/hv_tenebris"},"elements":[{"from":[3.5,0.5,4.99],"to":[11.5,14.5,10.99],"faces":{"east":{"uv":[2.1666667,10.0,2.6666667,11.166667],"tintindex":0,"rotation":0,"texture":"#4"},"south":{"uv":[7.25,9.25,7.916667,10.416667],"tintindex":0,"rotation":0,"texture":"#4"},"north":{"uv":[8.25,9.166667,8.916667,10.333334],"tintindex":0,"rotation":0,"texture":"#4"},"west":{"uv":[2.6666667,10.0,3.1666667,11.166667],"tintindex":0,"rotation":0,"texture":"#4"},"up":{"uv":[12.083334,5.166667,11.416667,4.666667],"tintindex":0,"rotation":0,"texture":"#4"},"down":{"uv":[12.083334,5.166667,11.416667,5.666667],"tintindex":0,"rotation":0,"texture":"#4"}}}],"display":{"gui":{"rotation":[30,225,0]}}}