{"textures":{"4":"modelengine:entity/hv_tenebris"},"elements":[{"from":[4.5,0.5,5.0],"to":[12.5,14.5,11.0],"faces":{"east":{"uv":[9.75,8.166667,10.25,9.333334],"tintindex":0,"rotation":0,"texture":"#4"},"south":{"uv":[9.083334,8.166667,9.75,9.333334],"tintindex":0,"rotation":0,"texture":"#4"},"north":{"uv":[9.083334,6.3333335,9.75,7.5],"tintindex":0,"rotation":0,"texture":"#4"},"west":{"uv":[1.6666667,10.0,2.1666667,11.166667],"tintindex":0,"rotation":0,"texture":"#4"},"up":{"uv":[1.25,11.916667,0.5833334,11.416667],"tintindex":0,"rotation":0,"texture":"#4"},"down":{"uv":[12.083334,4.166667,11.416667,4.666667],"tintindex":0,"rotation":0,"texture":"#4"}}}],"display":{"gui":{"rotation":[30,225,0]}}}