{"textures":{"4":"modelengine:entity/hv_tenebris"},"elements":[{"from":[6.5,6.45,-5.000001],"to":[9.5,9.450001,5.0],"faces":{"east":{"uv":[3.8333335,6.0,4.666667,6.25],"tintindex":0,"rotation":0,"texture":"#4"},"south":{"uv":[14.75,12.5,15.0,12.75],"tintindex":0,"rotation":0,"texture":"#4"},"north":{"uv":[14.75,12.25,15.0,12.5],"tintindex":0,"rotation":0,"texture":"#4"},"west":{"uv":[12.416667,6.916667,13.25,7.166667],"tintindex":0,"rotation":0,"texture":"#4"},"up":{"uv":[10.416667,13.333334,10.166667,12.5],"tintindex":0,"rotation":0,"texture":"#4"},"down":{"uv":[12.75,11.416667,12.5,12.25],"tintindex":0,"rotation":0,"texture":"#4"}}},{"from":[6.65,6.75,-7.500001],"to":[9.35,9.25,7.5],"faces":{"east":{"uv":[12.416667,3.4166667,13.666667,3.5833335],"tintindex":0,"rotation":0,"texture":"#4"},"south":{"uv":[11.5,11.166667,11.75,11.333334],"tintindex":0,"rotation":0,"texture":"#4"},"north":{"uv":[11.0,10.0,11.25,10.166667],"tintindex":0,"rotation":0,"texture":"#4"},"west":{"uv":[12.416667,3.5833335,13.666667,3.75],"tintindex":0,"rotation":0,"texture":"#4"},"up":{"uv":[10.166667,12.583334,9.916667,11.333334],"tintindex":0,"rotation":0,"texture":"#4"},"down":{"uv":[7.0833335,11.666667,6.8333335,12.916667],"tintindex":0,"rotation":0,"texture":"#4"}}}],"display":{"gui":{"rotation":[30,225,0]}}}