{"textures":{"4":"modelengine:entity/hv_tenebris"},"elements":[{"from":[5.0,5.0,7.0],"to":[11.0,11.0,9.0],"faces":{"east":{"uv":[9.75,14.333334,9.916667,14.833334],"tintindex":0,"rotation":0,"texture":"#4"},"south":{"uv":[0.5833334,11.916667,1.0833334,12.416667],"tintindex":0,"rotation":0,"texture":"#4"},"north":{"uv":[11.833334,10.5,12.333334,11.0],"tintindex":0,"rotation":0,"texture":"#4"},"west":{"uv":[9.916667,14.333334,10.083334,14.833334],"tintindex":0,"rotation":0,"texture":"#4"},"up":{"uv":[3.6666667,10.166667,3.1666667,10.0],"tintindex":0,"rotation":0,"texture":"#4"},"down":{"uv":[13.25,6.75,12.75,6.916667],"tintindex":0,"rotation":0,"texture":"#4"}},"rotation":{"origin":[8.0,8.0,10.0],"angle":-45.0,"axis":"z"}}],"display":{"gui":{"rotation":[30,225,0]}}}