{"textures":{"4":"modelengine:entity/hv_tenebris"},"elements":[{"from":[7.125,7.1249995,8.375],"to":[8.875,8.875,8.875],"faces":{"east":{"uv":[2.9166667,12.166667,3.0,12.416667],"tintindex":0,"rotation":0,"texture":"#4"},"south":{"uv":[14.333334,14.25,14.666667,14.5],"tintindex":0,"rotation":0,"texture":"#4"},"north":{"uv":[14.333334,14.0,14.666667,14.25],"tintindex":0,"rotation":0,"texture":"#4"},"west":{"uv":[12.333334,10.75,12.416667,11.0],"tintindex":0,"rotation":0,"texture":"#4"},"up":{"uv":[2.3333335,9.0,2.0,8.916667],"tintindex":0,"rotation":0,"texture":"#4"},"down":{"uv":[2.0,9.916667,1.6666667,10.0],"tintindex":0,"rotation":0,"texture":"#4"}}},{"from":[7.25,6.8749995,21.25],"to":[8.75,8.375,23.75],"faces":{"east":{"uv":[12.75,9.333334,13.166667,9.583334],"tintindex":0,"rotation":0,"texture":"#4"},"south":{"uv":[4.25,14.833334,4.5,15.083334],"tintindex":0,"rotation":0,"texture":"#4"},"north":{"uv":[14.666667,14.75,14.916667,15.0],"tintindex":0,"rotation":0,"texture":"#4"},"west":{"uv":[14.166667,5.25,14.583334,5.5],"tintindex":0,"rotation":0,"texture":"#4"},"up":{"uv":[1.6666667,11.166667,1.4166667,10.75],"tintindex":0,"rotation":0,"texture":"#4"},"down":{"uv":[11.583334,2.9166667,11.333334,3.3333335],"tintindex":0,"rotation":0,"texture":"#4"}},"rotation":{"origin":[8.0,7.6249995,22.5],"angle":22.5,"axis":"x"}},{"from":[7.375,7.3749995,7.875],"to":[8.625,8.625,21.875],"faces":{"east":{"uv":[9.75,7.3333335,12.083334,7.5],"tintindex":0,"rotation":0,"texture":"#4"},"south":{"uv":[1.4166667,13.166667,1.6666667,13.333334],"tintindex":0,"rotation":0,"texture":"#4"},"north":{"uv":[10.5,11.75,10.75,11.916667],"tintindex":0,"rotation":0,"texture":"#4"},"west":{"uv":[10.25,4.0,12.583334,4.166667],"tintindex":0,"rotation":0,"texture":"#4"},"up":{"uv":[8.166667,11.583334,7.916667,9.25],"tintindex":0,"rotation":0,"texture":"#4"},"down":{"uv":[7.25,9.333334,7.0,11.666667],"tintindex":0,"rotation":0,"texture":"#4"}}},{"from":[7.25,7.2499995,16.875],"to":[8.75,8.75,20.375],"faces":{"east":{"uv":[13.833334,0.0,14.416667,0.25],"tintindex":0,"rotation":0,"texture":"#4"},"south":{"uv":[5.25,14.833334,5.5,15.083334],"tintindex":0,"rotation":0,"texture":"#4"},"north":{"uv":[4.5,14.833334,4.75,15.083334],"tintindex":0,"rotation":0,"texture":"#4"},"west":{"uv":[13.833334,0.25,14.416667,0.5],"tintindex":0,"rotation":0,"texture":"#4"},"up":{"uv":[11.916667,14.333334,11.666667,13.75],"tintindex":0,"rotation":0,"texture":"#4"},"down":{"uv":[14.083334,0.5,13.833334,1.0833334],"tintindex":0,"rotation":0,"texture":"#4"}}},{"from":[7.125,7.1249995,14.875],"to":[8.875,8.875,15.375],"faces":{"east":{"uv":[14.166667,4.0,14.25,4.25],"tintindex":0,"rotation":0,"texture":"#4"},"south":{"uv":[14.416667,0.25,14.75,0.5],"tintindex":0,"rotation":0,"texture":"#4"},"north":{"uv":[14.416667,0.0,14.75,0.25],"tintindex":0,"rotation":0,"texture":"#4"},"west":{"uv":[14.5,3.75,14.583334,4.0],"tintindex":0,"rotation":0,"texture":"#4"},"up":{"uv":[11.25,7.3333335,10.916667,7.25],"tintindex":0,"rotation":0,"texture":"#4"},"down":{"uv":[12.416667,5.5833335,12.083334,5.666667],"tintindex":0,"rotation":0,"texture":"#4"}}}],"display":{"gui":{"rotation":[30,225,0]}}}