{"textures":{"4":"modelengine:entity/hv_tenebris"},"elements":[{"from":[6.24481,6.563465,3.3904476],"to":[11.444811,11.463463,8.990448],"faces":{"east":{"uv":[12.5,7.5,13.0,7.916667],"tintindex":0,"rotation":0,"texture":"#4"},"south":{"uv":[6.0833335,13.0,6.5,13.416667],"tintindex":0,"rotation":0,"texture":"#4"},"north":{"uv":[5.666667,13.0,6.0833335,13.416667],"tintindex":0,"rotation":0,"texture":"#4"},"west":{"uv":[4.5,12.583334,5.0,13.0],"tintindex":0,"rotation":0,"texture":"#4"},"up":{"uv":[13.0,5.25,12.583334,4.75],"tintindex":0,"rotation":0,"texture":"#4"},"down":{"uv":[5.416667,12.583334,5.0,13.083334],"tintindex":0,"rotation":0,"texture":"#4"}}}],"display":{"gui":{"rotation":[30,225,0]}}}