{"textures":{"4":"modelengine:entity/hv_tenebris"},"elements":[{"from":[4.5551896,6.545475,3.3904476],"to":[9.75519,11.445477,8.990448],"faces":{"east":{"uv":[5.416667,12.583334,5.916667,13.0],"tintindex":0,"rotation":0,"texture":"#4"},"south":{"uv":[13.0,7.916667,13.416667,8.333334],"tintindex":0,"rotation":0,"texture":"#4"},"north":{"uv":[13.0,7.5,13.416667,7.916667],"tintindex":0,"rotation":0,"texture":"#4"},"west":{"uv":[5.916667,12.583334,6.416667,13.0],"tintindex":0,"rotation":0,"texture":"#4"},"up":{"uv":[13.0,8.416667,12.583334,7.916667],"tintindex":0,"rotation":0,"texture":"#4"},"down":{"uv":[13.0,8.416667,12.583334,8.916667],"tintindex":0,"rotation":0,"texture":"#4"}}}],"display":{"gui":{"rotation":[30,225,0]}}}