{"textures":{"4":"modelengine:entity/hv_tenebris"},"elements":[{"from":[10.0,7.9642982,3.4],"to":[14.0,10.964298,12.6],"faces":{"east":{"uv":[12.666667,1.0,13.416667,1.25],"tintindex":0,"rotation":0,"texture":"#4"},"south":{"uv":[1.75,14.333334,2.0833335,14.583334],"tintindex":0,"rotation":0,"texture":"#4"},"north":{"uv":[1.4166667,14.333334,1.75,14.583334],"tintindex":0,"rotation":0,"texture":"#4"},"west":{"uv":[12.666667,1.25,13.416667,1.5],"tintindex":0,"rotation":0,"texture":"#4"},"up":{"uv":[12.166667,0.75,11.833334,0.0],"tintindex":0,"rotation":0,"texture":"#4"},"down":{"uv":[12.166667,9.75,11.833334,10.5],"tintindex":0,"rotation":0,"texture":"#4"}},"rotation":{"origin":[11.0,9.964298,7.0],"angle":45.0,"axis":"z"}},{"from":[2.0,7.9642982,3.4],"to":[6.0,10.964298,12.6],"faces":{"east":{"uv":[12.666667,0.5,13.416667,0.75],"tintindex":0,"rotation":0,"texture":"#4"},"south":{"uv":[0.8333334,14.333334,1.1666667,14.583334],"tintindex":0,"rotation":0,"texture":"#4"},"north":{"uv":[0.5,14.333334,0.8333334,14.583334],"tintindex":0,"rotation":0,"texture":"#4"},"west":{"uv":[12.666667,0.75,13.416667,1.0],"tintindex":0,"rotation":0,"texture":"#4"},"up":{"uv":[12.083334,9.75,11.75,9.0],"tintindex":0,"rotation":0,"texture":"#4"},"down":{"uv":[10.5,11.75,10.166667,12.5],"tintindex":0,"rotation":0,"texture":"#4"}},"rotation":{"origin":[5.0,9.964298,7.0],"angle":-45.0,"axis":"z"}},{"from":[4.2,7.864296,3.5],"to":[11.8,10.864296,12.5],"faces":{"east":{"uv":[12.666667,0.0,13.416667,0.25],"tintindex":0,"rotation":0,"texture":"#4"},"south":{"uv":[13.416667,1.25,14.083334,1.5],"tintindex":0,"rotation":0,"texture":"#4"},"north":{"uv":[12.75,3.1666667,13.416667,3.4166667],"tintindex":0,"rotation":0,"texture":"#4"},"west":{"uv":[12.666667,0.25,13.416667,0.5],"tintindex":0,"rotation":0,"texture":"#4"},"up":{"uv":[10.916667,2.5833335,10.25,1.8333334],"tintindex":0,"rotation":0,"texture":"#4"},"down":{"uv":[10.916667,2.5833335,10.25,3.3333335],"tintindex":0,"rotation":0,"texture":"#4"}}}],"display":{"gui":{"rotation":[30,225,0]}}}