{"textures":{"4":"modelengine:entity/hv_tenebris"},"elements":[{"from":[2.1999998,-6.0,7.625],"to":[13.8,8.0,8.375],"faces":{"east":{"uv":[0.33333334,14.333334,0.4166667,15.5],"tintindex":0,"rotation":0,"texture":"#4"},"south":{"uv":[7.25,8.083334,8.25,9.25],"tintindex":0,"rotation":0,"texture":"#4"},"north":{"uv":[8.083334,6.3333335,9.083334,7.5],"tintindex":0,"rotation":0,"texture":"#4"},"west":{"uv":[0.4166667,14.333334,0.5,15.5],"tintindex":0,"rotation":0,"texture":"#4"},"up":{"uv":[15.416667,4.916667,14.416667,4.8333335],"tintindex":0,"rotation":0,"texture":"#4"},"down":{"uv":[15.416667,8.666667,14.416667,8.75],"tintindex":0,"rotation":0,"texture":"#4"}}}],"display":{"gui":{"rotation":[30,225,0]}}}