{"textures":{"4":"modelengine:entity/hv_tenebris"},"elements":[{"from":[1.1999998,-6.750001,7.375],"to":[14.8,8.25,8.625],"faces":{"east":{"uv":[3.9166667,14.166667,4.0,15.416667],"tintindex":0,"rotation":0,"texture":"#4"},"south":{"uv":[6.166667,6.3333335,7.3333335,7.5833335],"tintindex":0,"rotation":0,"texture":"#4"},"north":{"uv":[5.0,6.3333335,6.166667,7.5833335],"tintindex":0,"rotation":0,"texture":"#4"},"west":{"uv":[7.0833335,14.166667,7.166667,15.416667],"tintindex":0,"rotation":0,"texture":"#4"},"up":{"uv":[15.333334,7.0,14.166667,6.916667],"tintindex":0,"rotation":0,"texture":"#4"},"down":{"uv":[15.416667,2.8333335,14.25,2.9166667],"tintindex":0,"rotation":0,"texture":"#4"}}}],"display":{"gui":{"rotation":[30,225,0]}}}