{"textures":{"4":"modelengine:entity/hv_tenebris"},"elements":[{"from":[3.1999998,-4.0,7.875],"to":[12.8,8.0,8.125],"faces":{"east":{"uv":[8.166667,9.25,8.25,10.25],"tintindex":0,"rotation":0,"texture":"#4"},"south":{"uv":[8.833334,0.8333334,9.666667,1.8333334],"tintindex":0,"rotation":0,"texture":"#4"},"north":{"uv":[8.25,8.166667,9.083334,9.166667],"tintindex":0,"rotation":0,"texture":"#4"},"west":{"uv":[1.1666667,14.333334,1.25,15.333334],"tintindex":0,"rotation":0,"texture":"#4"},"up":{"uv":[15.25,13.0,14.416667,12.916667],"tintindex":0,"rotation":0,"texture":"#4"},"down":{"uv":[15.333334,6.5,14.5,6.5833335],"tintindex":0,"rotation":0,"texture":"#4"}}}],"display":{"gui":{"rotation":[30,225,0]}}}