{"textures":{"4":"modelengine:entity/hv_tenebris"},"elements":[{"from":[2.1999998,-6.0,7.625],"to":[13.8,8.0,8.375],"faces":{"east":{"uv":[13.333334,14.25,13.416667,15.416667],"tintindex":0,"rotation":0,"texture":"#4"},"south":{"uv":[1.0,7.916667,2.0,9.083334],"tintindex":0,"rotation":0,"texture":"#4"},"north":{"uv":[0.0,7.916667,1.0,9.083334],"tintindex":0,"rotation":0,"texture":"#4"},"west":{"uv":[13.416667,14.25,13.5,15.416667],"tintindex":0,"rotation":0,"texture":"#4"},"up":{"uv":[15.416667,4.75,14.416667,4.666667],"tintindex":0,"rotation":0,"texture":"#4"},"down":{"uv":[15.416667,4.75,14.416667,4.8333335],"tintindex":0,"rotation":0,"texture":"#4"}}}],"display":{"gui":{"rotation":[30,225,0]}}}