{"textures":{"4":"modelengine:entity/hv_tenebris"},"elements":[{"from":[1.1999998,-6.750001,7.375],"to":[14.8,8.25,8.625],"faces":{"east":{"uv":[7.166667,14.166667,7.25,15.416667],"tintindex":0,"rotation":0,"texture":"#4"},"south":{"uv":[1.1666667,6.666667,2.3333335,7.916667],"tintindex":0,"rotation":0,"texture":"#4"},"north":{"uv":[0.0,6.666667,1.1666667,7.916667],"tintindex":0,"rotation":0,"texture":"#4"},"west":{"uv":[9.416667,14.25,9.5,15.5],"tintindex":0,"rotation":0,"texture":"#4"},"up":{"uv":[15.416667,3.0,14.25,2.9166667],"tintindex":0,"rotation":0,"texture":"#4"},"down":{"uv":[15.416667,4.3333335,14.25,4.416667],"tintindex":0,"rotation":0,"texture":"#4"}}}],"display":{"gui":{"rotation":[30,225,0]}}}