{"textures":{"4":"modelengine:entity/hv_tenebris"},"elements":[{"from":[3.1999998,-4.0,7.875],"to":[12.8,8.0,8.125],"faces":{"east":{"uv":[2.0833335,14.333334,2.1666667,15.333334],"tintindex":0,"rotation":0,"texture":"#4"},"south":{"uv":[2.8333335,9.0,3.6666667,10.0],"tintindex":0,"rotation":0,"texture":"#4"},"north":{"uv":[2.0,9.0,2.8333335,10.0],"tintindex":0,"rotation":0,"texture":"#4"},"west":{"uv":[2.4166667,14.333334,2.5,15.333334],"tintindex":0,"rotation":0,"texture":"#4"},"up":{"uv":[15.333334,6.666667,14.5,6.5833335],"tintindex":0,"rotation":0,"texture":"#4"},"down":{"uv":[15.333334,6.666667,14.5,6.75],"tintindex":0,"rotation":0,"texture":"#4"}}}],"display":{"gui":{"rotation":[30,225,0]}}}