{"textures":{"4":"modelengine:entity/hv_tenebris"},"elements":[{"from":[3.1999998,-4.0,7.875],"to":[12.8,8.0,8.125],"faces":{"east":{"uv":[12.833334,14.333334,12.916667,15.333334],"tintindex":0,"rotation":0,"texture":"#4"},"south":{"uv":[0.8333334,9.083334,1.6666667,10.083334],"tintindex":0,"rotation":0,"texture":"#4"},"north":{"uv":[0.0,9.083334,0.8333334,10.083334],"tintindex":0,"rotation":0,"texture":"#4"},"west":{"uv":[12.916667,14.333334,13.0,15.333334],"tintindex":0,"rotation":0,"texture":"#4"},"up":{"uv":[15.333334,6.8333335,14.5,6.75],"tintindex":0,"rotation":0,"texture":"#4"},"down":{"uv":[15.416667,2.75,14.583334,2.8333335],"tintindex":0,"rotation":0,"texture":"#4"}}}],"display":{"gui":{"rotation":[30,225,0]}}}