{"textures":{"4":"modelengine:entity/hv_tenebris"},"elements":[{"from":[2.1999998,-6.0,7.625],"to":[13.8,8.0,8.375],"faces":{"east":{"uv":[9.5,14.25,9.583334,15.416667],"tintindex":0,"rotation":0,"texture":"#4"},"south":{"uv":[7.8333335,0.8333334,8.833334,2.0],"tintindex":0,"rotation":0,"texture":"#4"},"north":{"uv":[6.8333335,0.8333334,7.8333335,2.0],"tintindex":0,"rotation":0,"texture":"#4"},"west":{"uv":[12.75,14.25,12.833334,15.416667],"tintindex":0,"rotation":0,"texture":"#4"},"up":{"uv":[4.8333335,6.3333335,3.8333335,6.25],"tintindex":0,"rotation":0,"texture":"#4"},"down":{"uv":[15.416667,3.25,14.416667,3.3333335],"tintindex":0,"rotation":0,"texture":"#4"}}}],"display":{"gui":{"rotation":[30,225,0]}}}