{"textures":{"4":"modelengine:entity/hv_tenebris"},"elements":[{"from":[1.1999998,-6.750001,7.375],"to":[14.8,8.25,8.625],"faces":{"east":{"uv":[2.1666667,13.75,2.25,15.0],"tintindex":0,"rotation":0,"texture":"#4"},"south":{"uv":[3.8333335,6.3333335,5.0,7.5833335],"tintindex":0,"rotation":0,"texture":"#4"},"north":{"uv":[2.6666667,6.0,3.8333335,7.25],"tintindex":0,"rotation":0,"texture":"#4"},"west":{"uv":[3.8333335,14.166667,3.9166667,15.416667],"tintindex":0,"rotation":0,"texture":"#4"},"up":{"uv":[12.166667,4.0,11.0,3.9166667],"tintindex":0,"rotation":0,"texture":"#4"},"down":{"uv":[15.333334,6.8333335,14.166667,6.916667],"tintindex":0,"rotation":0,"texture":"#4"}}}],"display":{"gui":{"rotation":[30,225,0]}}}