{"textures":{"4":"modelengine:entity/hv_tenebris"},"elements":[{"from":[3.0,4.0,3.0],"to":[13.0,12.0,13.0],"faces":{"east":{"uv":[10.166667,5.0,11.0,5.666667],"tintindex":0,"rotation":0,"texture":"#4"},"south":{"uv":[5.666667,10.166667,6.5,10.833334],"tintindex":0,"rotation":0,"texture":"#4"},"north":{"uv":[4.8333335,10.166667,5.666667,10.833334],"tintindex":0,"rotation":0,"texture":"#4"},"west":{"uv":[10.166667,5.666667,11.0,6.3333335],"tintindex":0,"rotation":0,"texture":"#4"},"up":{"uv":[6.166667,10.166667,5.3333335,9.333334],"tintindex":0,"rotation":0,"texture":"#4"},"down":{"uv":[7.0,9.333334,6.166667,10.166667],"tintindex":0,"rotation":0,"texture":"#4"}},"rotation":{"origin":[8.0,8.0,8.0],"angle":45.0,"axis":"y"}}],"display":{"gui":{"rotation":[30,225,0]}}}