{"textures":{"4":"modelengine:entity/hv_tenebris"},"elements":[{"from":[4.0,-0.9999962,4.0],"to":[12.0,11.0,12.0],"faces":{"east":{"uv":[9.583334,9.333334,10.25,10.333334],"tintindex":0,"rotation":0,"texture":"#4"},"south":{"uv":[9.666667,0.8333334,10.333334,1.8333334],"tintindex":0,"rotation":0,"texture":"#4"},"north":{"uv":[8.916667,9.333334,9.583334,10.333334],"tintindex":0,"rotation":0,"texture":"#4"},"west":{"uv":[9.75,6.3333335,10.416667,7.3333335],"tintindex":0,"rotation":0,"texture":"#4"},"up":{"uv":[7.916667,11.083334,7.25,10.416667],"tintindex":0,"rotation":0,"texture":"#4"},"down":{"uv":[1.4166667,10.75,0.75,11.416667],"tintindex":0,"rotation":0,"texture":"#4"}},"rotation":{"origin":[8.0,8.0,8.0],"angle":45.0,"axis":"y"}}],"display":{"gui":{"rotation":[30,225,0]}}}