{"textures":{"4":"modelengine:entity/hv_tenebris"},"elements":[{"from":[6.1213202,2.0,4.0],"to":[11.121321,12.0,9.0],"faces":{"east":{"uv":[1.4166667,11.166667,1.8333334,12.0],"tintindex":0,"rotation":0,"texture":"#4"},"south":{"uv":[1.8333334,11.166667,2.25,12.0],"tintindex":0,"rotation":0,"texture":"#4"},"north":{"uv":[7.25,11.083334,7.666667,11.916667],"tintindex":0,"rotation":0,"texture":"#4"},"west":{"uv":[2.25,11.166667,2.6666667,12.0],"tintindex":0,"rotation":0,"texture":"#4"},"up":{"uv":[13.166667,9.333334,12.75,8.916667],"tintindex":0,"rotation":0,"texture":"#4"},"down":{"uv":[13.416667,4.666667,13.0,5.0833335],"tintindex":0,"rotation":0,"texture":"#4"}},"rotation":{"origin":[10.121321,12.0,8.0],"angle":45.0,"axis":"y"}}],"display":{"gui":{"rotation":[30,225,0]}}}