{"textures":{"4":"modelengine:entity/hv_tenebris"},"elements":[{"from":[6.02868,5.590004,3.4384928],"to":[10.02868,8.590004,11.438493],"faces":{"east":{"uv":[13.416667,3.1666667,14.083334,3.4166667],"tintindex":0,"rotation":0,"texture":"#4"},"south":{"uv":[14.0,14.333334,14.333334,14.583334],"tintindex":0,"rotation":0,"texture":"#4"},"north":{"uv":[13.666667,14.333334,14.0,14.583334],"tintindex":0,"rotation":0,"texture":"#4"},"west":{"uv":[13.416667,4.75,14.083334,5.0],"tintindex":0,"rotation":0,"texture":"#4"},"up":{"uv":[9.333334,13.083334,9.0,12.416667],"tintindex":0,"rotation":0,"texture":"#4"},"down":{"uv":[10.833334,12.416667,10.5,13.083334],"tintindex":0,"rotation":0,"texture":"#4"}}}],"display":{"gui":{"rotation":[30,225,0]}}}