{"textures":{"4":"modelengine:entity/hv_tenebris"},"elements":[{"from":[9.085,8.384998,9.085],"to":[6.915,3.0649986,6.915],"faces":{"east":{"uv":[11.5,14.5,11.666667,14.916667],"tintindex":0,"rotation":0,"texture":"#4"},"south":{"uv":[11.916667,14.5,12.083334,14.916667],"tintindex":0,"rotation":0,"texture":"#4"},"north":{"uv":[11.333334,14.5,11.5,14.916667],"tintindex":0,"rotation":0,"texture":"#4"},"west":{"uv":[12.083334,14.5,12.25,14.916667],"tintindex":0,"rotation":0,"texture":"#4"},"up":{"uv":[1.4166667,15.0,1.25,14.833334],"tintindex":0,"rotation":0,"texture":"#4"},"down":{"uv":[2.4166667,14.833334,2.25,15.0],"tintindex":0,"rotation":0,"texture":"#4"}}},{"from":[7.125,3.2749977,7.125],"to":[8.875,8.174999,8.875],"faces":{"east":{"uv":[8.916667,14.5,9.083334,14.916667],"tintindex":0,"rotation":0,"texture":"#4"},"south":{"uv":[10.333334,14.5,10.5,14.916667],"tintindex":0,"rotation":0,"texture":"#4"},"north":{"uv":[8.75,14.5,8.916667,14.916667],"tintindex":0,"rotation":0,"texture":"#4"},"west":{"uv":[10.5,14.5,10.666667,14.916667],"tintindex":0,"rotation":0,"texture":"#4"},"up":{"uv":[14.75,4.3333335,14.583334,4.166667],"tintindex":0,"rotation":0,"texture":"#4"},"down":{"uv":[1.4166667,14.666667,1.25,14.833334],"tintindex":0,"rotation":0,"texture":"#4"}}}],"display":{"gui":{"rotation":[30,225,0]}}}