{"textures":{"4":"modelengine:entity/hv_tenebris"},"elements":[{"from":[9.3,8.799999,9.3],"to":[6.7,2.2000008,6.7],"faces":{"east":{"uv":[1.6666667,13.75,1.9166667,14.333334],"tintindex":0,"rotation":0,"texture":"#4"},"south":{"uv":[1.9166667,13.75,2.1666667,14.333334],"tintindex":0,"rotation":0,"texture":"#4"},"north":{"uv":[1.4166667,13.75,1.6666667,14.333334],"tintindex":0,"rotation":0,"texture":"#4"},"west":{"uv":[4.416667,13.75,4.666667,14.333334],"tintindex":0,"rotation":0,"texture":"#4"},"up":{"uv":[14.916667,6.3333335,14.666667,6.0833335],"tintindex":0,"rotation":0,"texture":"#4"},"down":{"uv":[14.916667,7.0,14.666667,7.25],"tintindex":0,"rotation":0,"texture":"#4"}}},{"from":[7.0,2.5,7.0],"to":[9.0,8.5,9.0],"faces":{"east":{"uv":[4.5833335,14.333334,4.75,14.833334],"tintindex":0,"rotation":0,"texture":"#4"},"south":{"uv":[4.75,14.333334,4.916667,14.833334],"tintindex":0,"rotation":0,"texture":"#4"},"north":{"uv":[4.416667,14.333334,4.5833335,14.833334],"tintindex":0,"rotation":0,"texture":"#4"},"west":{"uv":[5.25,14.333334,5.416667,14.833334],"tintindex":0,"rotation":0,"texture":"#4"},"up":{"uv":[12.333334,10.5,12.166667,10.333334],"tintindex":0,"rotation":0,"texture":"#4"},"down":{"uv":[12.583334,9.583334,12.416667,9.75],"tintindex":0,"rotation":0,"texture":"#4"}}}],"display":{"gui":{"rotation":[30,225,0]}}}