{"textures":{"4":"modelengine:entity/hv_tenebris"},"elements":[{"from":[6.308,-0.14275074,6.7],"to":[9.692,8.74025,10.084],"faces":{"east":{"uv":[12.916667,1.5,13.166667,2.25],"tintindex":0,"rotation":0,"texture":"#4"},"south":{"uv":[2.25,12.916667,2.5,13.666667],"tintindex":0,"rotation":0,"texture":"#4"},"north":{"uv":[12.75,12.833334,13.0,13.583334],"tintindex":0,"rotation":0,"texture":"#4"},"west":{"uv":[6.75,12.916667,7.0,13.666667],"tintindex":0,"rotation":0,"texture":"#4"},"up":{"uv":[15.166667,7.5,14.916667,7.25],"tintindex":0,"rotation":0,"texture":"#4"},"down":{"uv":[15.166667,7.5,14.916667,7.75],"tintindex":0,"rotation":0,"texture":"#4"}}},{"from":[5.8,6.9041247,5.12],"to":[10.0,11.104125,6.52],"faces":{"east":{"uv":[9.666667,15.083334,9.75,15.416667],"tintindex":0,"rotation":0,"texture":"#4"},"south":{"uv":[14.083334,8.333334,14.416667,8.666667],"tintindex":0,"rotation":0,"texture":"#4"},"north":{"uv":[14.083334,8.0,14.416667,8.333334],"tintindex":0,"rotation":0,"texture":"#4"},"west":{"uv":[15.083334,9.666667,15.166667,10.0],"tintindex":0,"rotation":0,"texture":"#4"},"up":{"uv":[10.083334,15.166667,9.75,15.083334],"tintindex":0,"rotation":0,"texture":"#4"},"down":{"uv":[15.416667,10.0,15.083334,10.083334],"tintindex":0,"rotation":0,"texture":"#4"}},"rotation":{"origin":[7.9,9.004125,7.2200003],"angle":-45.0,"axis":"z"}},{"from":[5.8,6.9041247,10.23],"to":[10.0,11.104125,11.63],"faces":{"east":{"uv":[15.083334,10.083334,15.166667,10.416667],"tintindex":0,"rotation":0,"texture":"#4"},"south":{"uv":[14.083334,9.0,14.416667,9.333334],"tintindex":0,"rotation":0,"texture":"#4"},"north":{"uv":[14.083334,8.666667,14.416667,9.0],"tintindex":0,"rotation":0,"texture":"#4"},"west":{"uv":[15.083334,10.416667,15.166667,10.75],"tintindex":0,"rotation":0,"texture":"#4"},"up":{"uv":[15.416667,10.833334,15.083334,10.75],"tintindex":0,"rotation":0,"texture":"#4"},"down":{"uv":[15.416667,10.833334,15.083334,10.916667],"tintindex":0,"rotation":0,"texture":"#4"}},"rotation":{"origin":[7.9,9.004125,9.53],"angle":-45.0,"axis":"z"}}],"display":{"gui":{"rotation":[30,225,0]}}}