{"textures":{"4":"modelengine:entity/hv_tenebris"},"elements":[{"from":[10.622601,8.814276,10.622601],"to":[5.3774,-2.4375248,5.3774],"faces":{"east":{"uv":[4.8333335,10.833334,5.25,11.75],"tintindex":0,"rotation":0,"texture":"#4"},"south":{"uv":[5.25,10.833334,5.666667,11.75],"tintindex":0,"rotation":0,"texture":"#4"},"north":{"uv":[4.416667,10.833334,4.8333335,11.75],"tintindex":0,"rotation":0,"texture":"#4"},"west":{"uv":[5.666667,10.833334,6.0833335,11.75],"tintindex":0,"rotation":0,"texture":"#4"},"up":{"uv":[13.416667,11.416667,13.0,11.0],"tintindex":0,"rotation":0,"texture":"#4"},"down":{"uv":[13.416667,11.416667,13.0,11.833334],"tintindex":0,"rotation":0,"texture":"#4"}}},{"from":[5.885,-1.9933748,6.285],"to":[10.115,8.370125,10.515],"faces":{"east":{"uv":[4.5,11.75,4.8333335,12.583334],"tintindex":0,"rotation":0,"texture":"#4"},"south":{"uv":[4.8333335,11.75,5.166667,12.583334],"tintindex":0,"rotation":0,"texture":"#4"},"north":{"uv":[1.6666667,9.083334,2.0,9.916667],"tintindex":0,"rotation":0,"texture":"#4"},"west":{"uv":[5.166667,11.75,5.5,12.583334],"tintindex":0,"rotation":0,"texture":"#4"},"up":{"uv":[14.416667,7.666667,14.083334,7.3333335],"tintindex":0,"rotation":0,"texture":"#4"},"down":{"uv":[14.416667,7.666667,14.083334,8.0],"tintindex":0,"rotation":0,"texture":"#4"}}},{"from":[6.885,1.0066252,5.185],"to":[8.115,5.370125,11.015],"faces":{"east":{"uv":[11.416667,5.666667,11.916667,6.0],"tintindex":0,"rotation":0,"texture":"#4"},"south":{"uv":[15.083334,11.25,15.166667,11.583334],"tintindex":0,"rotation":0,"texture":"#4"},"north":{"uv":[15.083334,10.916667,15.166667,11.25],"tintindex":0,"rotation":0,"texture":"#4"},"west":{"uv":[13.583334,6.3333335,14.083334,6.666667],"tintindex":0,"rotation":0,"texture":"#4"},"up":{"uv":[2.6666667,7.166667,2.5833335,6.666667],"tintindex":0,"rotation":0,"texture":"#4"},"down":{"uv":[7.3333335,7.5833335,7.25,8.083334],"tintindex":0,"rotation":0,"texture":"#4"}}},{"from":[4.885,5.206625,4.885],"to":[11.115,6.5701256,11.115],"faces":{"east":{"uv":[13.583334,3.0,14.083334,3.0833335],"tintindex":0,"rotation":0,"texture":"#4"},"south":{"uv":[13.583334,3.0833335,14.083334,3.1666667],"tintindex":0,"rotation":0,"texture":"#4"},"north":{"uv":[10.333334,1.75,10.833334,1.8333334],"tintindex":0,"rotation":0,"texture":"#4"},"west":{"uv":[14.666667,6.416667,15.166667,6.5],"tintindex":0,"rotation":0,"texture":"#4"},"up":{"uv":[12.416667,7.166667,11.916667,6.666667],"tintindex":0,"rotation":0,"texture":"#4"},"down":{"uv":[7.5833335,11.916667,7.0833335,12.416667],"tintindex":0,"rotation":0,"texture":"#4"}}}],"display":{"gui":{"rotation":[30,225,0]}}}