{"textures":{"4":"modelengine:entity/hv_tenebris"},"elements":[{"from":[7.475,4.8499985,7.475],"to":[8.525,8.349998,8.525],"faces":{"east":{"uv":[4.3333335,15.083334,4.416667,15.416667],"tintindex":0,"rotation":0,"texture":"#4"},"south":{"uv":[4.416667,15.083334,4.5,15.416667],"tintindex":0,"rotation":0,"texture":"#4"},"north":{"uv":[4.25,15.083334,4.3333335,15.416667],"tintindex":0,"rotation":0,"texture":"#4"},"west":{"uv":[4.5,15.083334,4.5833335,15.416667],"tintindex":0,"rotation":0,"texture":"#4"},"up":{"uv":[13.0,4.75,12.916667,4.666667],"tintindex":0,"rotation":0,"texture":"#4"},"down":{"uv":[6.5,12.916667,6.416667,13.0],"tintindex":0,"rotation":0,"texture":"#4"}}},{"from":[8.735,8.559998,8.735001],"to":[7.265,4.6399994,7.2650003],"faces":{"east":{"uv":[4.666667,15.083334,4.75,15.416667],"tintindex":0,"rotation":0,"texture":"#4"},"south":{"uv":[5.25,15.083334,5.3333335,15.416667],"tintindex":0,"rotation":0,"texture":"#4"},"north":{"uv":[4.5833335,15.083334,4.666667,15.416667],"tintindex":0,"rotation":0,"texture":"#4"},"west":{"uv":[5.3333335,15.083334,5.416667,15.416667],"tintindex":0,"rotation":0,"texture":"#4"},"up":{"uv":[7.0833335,13.0,7.0,12.916667],"tintindex":0,"rotation":0,"texture":"#4"},"down":{"uv":[7.0833335,13.0,7.0,13.083334],"tintindex":0,"rotation":0,"texture":"#4"}}}],"display":{"gui":{"rotation":[30,225,0]}}}