{"textures":{"4":"modelengine:entity/hv_tenebris"},"elements":[{"from":[5.0,-13.0,4.65],"to":[14.0,8.0,12.35],"faces":{"east":{"uv":[5.916667,7.5833335,6.5833335,9.333334],"tintindex":0,"rotation":0,"texture":"#4"},"south":{"uv":[3.8333335,7.5833335,4.5833335,9.333334],"tintindex":0,"rotation":0,"texture":"#4"},"north":{"uv":[7.3333335,6.3333335,8.083334,8.083334],"tintindex":0,"rotation":0,"texture":"#4"},"west":{"uv":[6.5833335,7.5833335,7.25,9.333334],"tintindex":0,"rotation":0,"texture":"#4"},"up":{"uv":[11.0,9.5,10.25,8.833334],"tintindex":0,"rotation":0,"texture":"#4"},"down":{"uv":[11.0,9.5,10.25,10.166667],"tintindex":0,"rotation":0,"texture":"#4"}},"rotation":{"origin":[8.0,8.0,8.0],"angle":-22.5,"axis":"z"}}],"display":{"gui":{"rotation":[30,225,0]}}}