{"textures":{"4":"modelengine:entity/hv_tenebris"},"elements":[{"from":[9.55,8.549999,9.55],"to":[6.45,0.95000076,6.45],"faces":{"east":{"uv":[10.666667,13.5,10.916667,14.166667],"tintindex":0,"rotation":0,"texture":"#4"},"south":{"uv":[10.916667,13.5,11.166667,14.166667],"tintindex":0,"rotation":0,"texture":"#4"},"north":{"uv":[10.416667,13.5,10.666667,14.166667],"tintindex":0,"rotation":0,"texture":"#4"},"west":{"uv":[11.166667,13.5,11.416667,14.166667],"tintindex":0,"rotation":0,"texture":"#4"},"up":{"uv":[14.916667,14.5,14.666667,14.25],"tintindex":0,"rotation":0,"texture":"#4"},"down":{"uv":[14.916667,14.5,14.666667,14.75],"tintindex":0,"rotation":0,"texture":"#4"}}},{"from":[6.75,1.25,6.75],"to":[9.25,8.25,9.25],"faces":{"east":{"uv":[5.25,13.75,5.5,14.333334],"tintindex":0,"rotation":0,"texture":"#4"},"south":{"uv":[6.5,13.75,6.75,14.333334],"tintindex":0,"rotation":0,"texture":"#4"},"north":{"uv":[4.666667,13.75,4.916667,14.333334],"tintindex":0,"rotation":0,"texture":"#4"},"west":{"uv":[7.25,13.75,7.5,14.333334],"tintindex":0,"rotation":0,"texture":"#4"},"up":{"uv":[14.916667,8.5,14.666667,8.25],"tintindex":0,"rotation":0,"texture":"#4"},"down":{"uv":[10.333334,14.666667,10.083334,14.916667],"tintindex":0,"rotation":0,"texture":"#4"}}}],"display":{"gui":{"rotation":[30,225,0]}}}