{"textures":{"4":"modelengine:entity/hv_tenebris"},"elements":[{"from":[6.96,0.13500023,6.96],"to":[9.04,8.715,9.04],"faces":{"east":{"uv":[12.833334,13.583334,13.0,14.333334],"tintindex":0,"rotation":0,"texture":"#4"},"south":{"uv":[13.5,13.666667,13.666667,14.416667],"tintindex":0,"rotation":0,"texture":"#4"},"north":{"uv":[10.0,12.583334,10.166667,13.333334],"tintindex":0,"rotation":0,"texture":"#4"},"west":{"uv":[11.916667,13.75,12.083334,14.5],"tintindex":0,"rotation":0,"texture":"#4"},"up":{"uv":[6.0833335,15.25,5.916667,15.083334],"tintindex":0,"rotation":0,"texture":"#4"},"down":{"uv":[6.25,15.083334,6.0833335,15.25],"tintindex":0,"rotation":0,"texture":"#4"}}},{"from":[9.352,9.143999,9.352],"to":[6.648,-0.29400063,6.648],"faces":{"east":{"uv":[7.666667,12.583334,7.916667,13.333334],"tintindex":0,"rotation":0,"texture":"#4"},"south":{"uv":[9.75,12.583334,10.0,13.333334],"tintindex":0,"rotation":0,"texture":"#4"},"north":{"uv":[12.166667,0.0,12.416667,0.75],"tintindex":0,"rotation":0,"texture":"#4"},"west":{"uv":[12.666667,1.5,12.916667,2.25],"tintindex":0,"rotation":0,"texture":"#4"},"up":{"uv":[15.0,3.8333335,14.75,3.5833335],"tintindex":0,"rotation":0,"texture":"#4"},"down":{"uv":[15.0,3.8333335,14.75,4.0833335],"tintindex":0,"rotation":0,"texture":"#4"}}}],"display":{"gui":{"rotation":[30,225,0]}}}