{"textures":{"4":"modelengine:entity/hv_tenebris"},"elements":[{"from":[6.95,3.2749977,6.95],"to":[9.05,8.524998,9.05],"faces":{"east":{"uv":[8.25,14.5,8.416667,14.916667],"tintindex":0,"rotation":0,"texture":"#4"},"south":{"uv":[8.416667,14.5,8.583334,14.916667],"tintindex":0,"rotation":0,"texture":"#4"},"north":{"uv":[8.083334,14.5,8.25,14.916667],"tintindex":0,"rotation":0,"texture":"#4"},"west":{"uv":[8.583334,14.5,8.75,14.916667],"tintindex":0,"rotation":0,"texture":"#4"},"up":{"uv":[12.25,14.166667,12.083334,14.0],"tintindex":0,"rotation":0,"texture":"#4"},"down":{"uv":[14.416667,4.416667,14.25,4.5833335],"tintindex":0,"rotation":0,"texture":"#4"}}},{"from":[9.26,8.735001,9.26],"to":[6.74,3.0649986,6.74],"faces":{"east":{"uv":[13.833334,7.0,14.083334,7.5],"tintindex":0,"rotation":0,"texture":"#4"},"south":{"uv":[13.833334,7.5,14.083334,8.0],"tintindex":0,"rotation":0,"texture":"#4"},"north":{"uv":[6.25,13.833334,6.5,14.333334],"tintindex":0,"rotation":0,"texture":"#4"},"west":{"uv":[13.833334,8.0,14.083334,8.5],"tintindex":0,"rotation":0,"texture":"#4"},"up":{"uv":[15.0,0.75,14.75,0.5],"tintindex":0,"rotation":0,"texture":"#4"},"down":{"uv":[15.0,0.75,14.75,1.0],"tintindex":0,"rotation":0,"texture":"#4"}}}],"display":{"gui":{"rotation":[30,225,0]}}}