{"textures":{"4":"modelengine:entity/hv_tenebris"},"elements":[{"from":[9.26,8.735001,9.26],"to":[6.74,3.0649986,6.74],"faces":{"east":{"uv":[13.833334,11.0,14.083334,11.5],"tintindex":0,"rotation":0,"texture":"#4"},"south":{"uv":[4.0,13.916667,4.25,14.416667],"tintindex":0,"rotation":0,"texture":"#4"},"north":{"uv":[13.833334,10.5,14.083334,11.0],"tintindex":0,"rotation":0,"texture":"#4"},"west":{"uv":[13.916667,5.0,14.166667,5.5],"tintindex":0,"rotation":0,"texture":"#4"},"up":{"uv":[15.0,1.75,14.75,1.5],"tintindex":0,"rotation":0,"texture":"#4"},"down":{"uv":[15.0,1.75,14.75,2.0],"tintindex":0,"rotation":0,"texture":"#4"}}},{"from":[6.95,3.2749977,6.95],"to":[9.05,8.524998,9.05],"faces":{"east":{"uv":[6.916667,14.583334,7.0833335,15.0],"tintindex":0,"rotation":0,"texture":"#4"},"south":{"uv":[14.583334,8.75,14.75,9.166667],"tintindex":0,"rotation":0,"texture":"#4"},"north":{"uv":[6.75,14.583334,6.916667,15.0],"tintindex":0,"rotation":0,"texture":"#4"},"west":{"uv":[9.083334,14.583334,9.25,15.0],"tintindex":0,"rotation":0,"texture":"#4"},"up":{"uv":[15.166667,12.416667,15.0,12.25],"tintindex":0,"rotation":0,"texture":"#4"},"down":{"uv":[12.583334,15.0,12.416667,15.166667],"tintindex":0,"rotation":0,"texture":"#4"}}}],"display":{"gui":{"rotation":[30,225,0]}}}