{"textures":{"4":"modelengine:entity/hv_tenebris"},"elements":[{"from":[6.5,1.25,6.5],"to":[9.5,8.75,9.5],"faces":{"east":{"uv":[3.25,13.5,3.5,14.166667],"tintindex":0,"rotation":0,"texture":"#4"},"south":{"uv":[3.5,13.5,3.75,14.166667],"tintindex":0,"rotation":0,"texture":"#4"},"north":{"uv":[3.0,13.5,3.25,14.166667],"tintindex":0,"rotation":0,"texture":"#4"},"west":{"uv":[3.75,13.5,4.0,14.166667],"tintindex":0,"rotation":0,"texture":"#4"},"up":{"uv":[14.916667,3.5833335,14.666667,3.3333335],"tintindex":0,"rotation":0,"texture":"#4"},"down":{"uv":[14.916667,5.3333335,14.666667,5.5833335],"tintindex":0,"rotation":0,"texture":"#4"}}},{"from":[9.8,9.049999,9.8],"to":[6.2,0.95000076,6.2],"faces":{"east":{"uv":[12.416667,5.5833335,12.75,6.25],"tintindex":0,"rotation":0,"texture":"#4"},"south":{"uv":[12.416667,6.25,12.75,6.916667],"tintindex":0,"rotation":0,"texture":"#4"},"north":{"uv":[3.9166667,12.416667,4.25,13.083334],"tintindex":0,"rotation":0,"texture":"#4"},"west":{"uv":[7.0833335,12.416667,7.416667,13.083334],"tintindex":0,"rotation":0,"texture":"#4"},"up":{"uv":[14.25,13.333334,13.916667,13.0],"tintindex":0,"rotation":0,"texture":"#4"},"down":{"uv":[14.25,13.333334,13.916667,13.666667],"tintindex":0,"rotation":0,"texture":"#4"}}}],"display":{"gui":{"rotation":[30,225,0]}}}