{"textures":{"4":"modelengine:entity/hv_tenebris"},"elements":[{"from":[6.75,1.25,6.75],"to":[9.25,8.25,9.25],"faces":{"east":{"uv":[0.5,13.75,0.75,14.333334],"tintindex":0,"rotation":0,"texture":"#4"},"south":{"uv":[0.75,13.75,1.0,14.333334],"tintindex":0,"rotation":0,"texture":"#4"},"north":{"uv":[0.25,13.75,0.5,14.333334],"tintindex":0,"rotation":0,"texture":"#4"},"west":{"uv":[1.0,13.75,1.25,14.333334],"tintindex":0,"rotation":0,"texture":"#4"},"up":{"uv":[14.916667,5.8333335,14.666667,5.5833335],"tintindex":0,"rotation":0,"texture":"#4"},"down":{"uv":[14.916667,5.8333335,14.666667,6.0833335],"tintindex":0,"rotation":0,"texture":"#4"}}},{"from":[9.55,8.549999,9.55],"to":[6.45,0.95000076,6.45],"faces":{"east":{"uv":[7.0,13.5,7.25,14.166667],"tintindex":0,"rotation":0,"texture":"#4"},"south":{"uv":[7.8333335,13.5,8.083334,14.166667],"tintindex":0,"rotation":0,"texture":"#4"},"north":{"uv":[5.0,13.5,5.25,14.166667],"tintindex":0,"rotation":0,"texture":"#4"},"west":{"uv":[8.083334,13.5,8.333334,14.166667],"tintindex":0,"rotation":0,"texture":"#4"},"up":{"uv":[14.916667,7.5,14.666667,7.25],"tintindex":0,"rotation":0,"texture":"#4"},"down":{"uv":[14.916667,7.5,14.666667,7.75],"tintindex":0,"rotation":0,"texture":"#4"}}}],"display":{"gui":{"rotation":[30,225,0]}}}