{"textures":{"4":"modelengine:entity/hv_tenebris"},"elements":[{"from":[7.4750004,4.8499985,7.475],"to":[8.525,8.349998,8.525],"faces":{"east":{"uv":[1.0833334,15.0,1.1666667,15.333334],"tintindex":0,"rotation":0,"texture":"#4"},"south":{"uv":[2.0,15.0,2.0833335,15.333334],"tintindex":0,"rotation":0,"texture":"#4"},"north":{"uv":[1.0,15.0,1.0833334,15.333334],"tintindex":0,"rotation":0,"texture":"#4"},"west":{"uv":[4.0,15.0,4.0833335,15.333334],"tintindex":0,"rotation":0,"texture":"#4"},"up":{"uv":[12.166667,9.666667,12.083334,9.583334],"tintindex":0,"rotation":0,"texture":"#4"},"down":{"uv":[12.166667,9.666667,12.083334,9.75],"tintindex":0,"rotation":0,"texture":"#4"}}},{"from":[8.735001,8.559998,8.735],"to":[7.2650003,4.6399994,7.265],"faces":{"east":{"uv":[4.166667,15.0,4.25,15.333334],"tintindex":0,"rotation":0,"texture":"#4"},"south":{"uv":[6.75,15.0,6.8333335,15.333334],"tintindex":0,"rotation":0,"texture":"#4"},"north":{"uv":[4.0833335,15.0,4.166667,15.333334],"tintindex":0,"rotation":0,"texture":"#4"},"west":{"uv":[6.8333335,15.0,6.916667,15.333334],"tintindex":0,"rotation":0,"texture":"#4"},"up":{"uv":[0.5833334,12.416667,0.5,12.333334],"tintindex":0,"rotation":0,"texture":"#4"},"down":{"uv":[12.5,9.75,12.416667,9.833334],"tintindex":0,"rotation":0,"texture":"#4"}}}],"display":{"gui":{"rotation":[30,225,0]}}}