{"textures":{"4":"modelengine:entity/hv_tenebris"},"elements":[{"from":[7.25,3.5,7.25],"to":[8.75,8.5,8.75],"faces":{"east":{"uv":[14.416667,9.166667,14.583334,9.583334],"tintindex":0,"rotation":0,"texture":"#4"},"south":{"uv":[14.416667,9.583334,14.583334,10.0],"tintindex":0,"rotation":0,"texture":"#4"},"north":{"uv":[14.416667,8.75,14.583334,9.166667],"tintindex":0,"rotation":0,"texture":"#4"},"west":{"uv":[14.416667,10.0,14.583334,10.416667],"tintindex":0,"rotation":0,"texture":"#4"},"up":{"uv":[12.75,10.75,12.583334,10.583334],"tintindex":0,"rotation":0,"texture":"#4"},"down":{"uv":[2.6666667,12.916667,2.5,13.083334],"tintindex":0,"rotation":0,"texture":"#4"}}},{"from":[9.05,8.799999,9.05],"to":[6.95,3.1999989,6.95],"faces":{"east":{"uv":[5.5833335,14.333334,5.75,14.833334],"tintindex":0,"rotation":0,"texture":"#4"},"south":{"uv":[5.75,14.333334,5.916667,14.833334],"tintindex":0,"rotation":0,"texture":"#4"},"north":{"uv":[5.416667,14.333334,5.5833335,14.833334],"tintindex":0,"rotation":0,"texture":"#4"},"west":{"uv":[5.916667,14.333334,6.0833335,14.833334],"tintindex":0,"rotation":0,"texture":"#4"},"up":{"uv":[0.5,13.166667,0.33333334,13.0],"tintindex":0,"rotation":0,"texture":"#4"},"down":{"uv":[13.166667,5.0833335,13.0,5.25],"tintindex":0,"rotation":0,"texture":"#4"}}}],"display":{"gui":{"rotation":[30,225,0]}}}