{"textures":{"4":"modelengine:entity/hv_tenebris"},"elements":[{"from":[8.91,8.560001,8.91],"to":[7.09,3.9400024,7.09],"faces":{"east":{"uv":[14.583334,10.833334,14.75,11.25],"tintindex":0,"rotation":0,"texture":"#4"},"south":{"uv":[14.583334,11.25,14.75,11.666667],"tintindex":0,"rotation":0,"texture":"#4"},"north":{"uv":[14.583334,10.416667,14.75,10.833334],"tintindex":0,"rotation":0,"texture":"#4"},"west":{"uv":[14.583334,11.666667,14.75,12.083334],"tintindex":0,"rotation":0,"texture":"#4"},"up":{"uv":[15.166667,12.75,15.0,12.583334],"tintindex":0,"rotation":0,"texture":"#4"},"down":{"uv":[15.166667,15.0,15.0,15.166667],"tintindex":0,"rotation":0,"texture":"#4"}}},{"from":[7.3,4.1500015,7.3],"to":[8.7,8.350002,8.7],"faces":{"east":{"uv":[14.75,15.0,14.833334,15.333334],"tintindex":0,"rotation":0,"texture":"#4"},"south":{"uv":[14.833334,15.0,14.916667,15.333334],"tintindex":0,"rotation":0,"texture":"#4"},"north":{"uv":[14.666667,15.0,14.75,15.333334],"tintindex":0,"rotation":0,"texture":"#4"},"west":{"uv":[14.916667,15.0,15.0,15.333334],"tintindex":0,"rotation":0,"texture":"#4"},"up":{"uv":[12.916667,4.75,12.833334,4.666667],"tintindex":0,"rotation":0,"texture":"#4"},"down":{"uv":[6.8333335,12.833334,6.75,12.916667],"tintindex":0,"rotation":0,"texture":"#4"}}}],"display":{"gui":{"rotation":[30,225,0]}}}