{"textures":{"4":"modelengine:entity/hv_tenebris"},"elements":[{"from":[6.5,1.25,6.5],"to":[9.5,8.75,9.5],"faces":{"east":{"uv":[8.583334,13.5,8.833334,14.166667],"tintindex":0,"rotation":0,"texture":"#4"},"south":{"uv":[8.833334,13.5,9.083334,14.166667],"tintindex":0,"rotation":0,"texture":"#4"},"north":{"uv":[8.333334,13.5,8.583334,14.166667],"tintindex":0,"rotation":0,"texture":"#4"},"west":{"uv":[9.083334,13.5,9.333334,14.166667],"tintindex":0,"rotation":0,"texture":"#4"},"up":{"uv":[14.916667,8.0,14.666667,7.75],"tintindex":0,"rotation":0,"texture":"#4"},"down":{"uv":[14.916667,8.0,14.666667,8.25],"tintindex":0,"rotation":0,"texture":"#4"}}},{"from":[9.8,9.049999,9.8],"to":[6.2,0.95000076,6.2],"faces":{"east":{"uv":[8.333334,12.416667,8.666667,13.083334],"tintindex":0,"rotation":0,"texture":"#4"},"south":{"uv":[8.666667,12.416667,9.0,13.083334],"tintindex":0,"rotation":0,"texture":"#4"},"north":{"uv":[8.0,12.416667,8.333334,13.083334],"tintindex":0,"rotation":0,"texture":"#4"},"west":{"uv":[12.416667,8.916667,12.75,9.583334],"tintindex":0,"rotation":0,"texture":"#4"},"up":{"uv":[14.25,14.0,13.916667,13.666667],"tintindex":0,"rotation":0,"texture":"#4"},"down":{"uv":[14.0,14.0,13.666667,14.333334],"tintindex":0,"rotation":0,"texture":"#4"}}}],"display":{"gui":{"rotation":[30,225,0]}}}