{"textures":{"4":"modelengine:entity/hv_tenebris"},"elements":[{"from":[7.25,3.5,7.25],"to":[8.75,8.5,8.75],"faces":{"east":{"uv":[14.416667,10.833334,14.583334,11.25],"tintindex":0,"rotation":0,"texture":"#4"},"south":{"uv":[14.416667,11.25,14.583334,11.666667],"tintindex":0,"rotation":0,"texture":"#4"},"north":{"uv":[14.416667,10.416667,14.583334,10.833334],"tintindex":0,"rotation":0,"texture":"#4"},"west":{"uv":[14.416667,11.666667,14.583334,12.083334],"tintindex":0,"rotation":0,"texture":"#4"},"up":{"uv":[13.333334,10.583334,13.166667,10.416667],"tintindex":0,"rotation":0,"texture":"#4"},"down":{"uv":[13.416667,3.75,13.25,3.9166667],"tintindex":0,"rotation":0,"texture":"#4"}}},{"from":[9.05,8.799999,9.05],"to":[6.95,3.1999989,6.95],"faces":{"east":{"uv":[7.416667,14.333334,7.5833335,14.833334],"tintindex":0,"rotation":0,"texture":"#4"},"south":{"uv":[7.5833335,14.333334,7.75,14.833334],"tintindex":0,"rotation":0,"texture":"#4"},"north":{"uv":[7.25,14.333334,7.416667,14.833334],"tintindex":0,"rotation":0,"texture":"#4"},"west":{"uv":[9.583334,14.333334,9.75,14.833334],"tintindex":0,"rotation":0,"texture":"#4"},"up":{"uv":[13.583334,8.583334,13.416667,8.416667],"tintindex":0,"rotation":0,"texture":"#4"},"down":{"uv":[13.583334,8.583334,13.416667,8.75],"tintindex":0,"rotation":0,"texture":"#4"}}}],"display":{"gui":{"rotation":[30,225,0]}}}