{"textures":{"4":"modelengine:entity/hv_tenebris"},"elements":[{"from":[9.085,8.384998,9.085],"to":[6.915,3.0649986,6.915],"faces":{"east":{"uv":[12.416667,14.583334,12.583334,15.0],"tintindex":0,"rotation":0,"texture":"#4"},"south":{"uv":[14.583334,12.5,14.75,12.916667],"tintindex":0,"rotation":0,"texture":"#4"},"north":{"uv":[14.583334,12.083334,14.75,12.5],"tintindex":0,"rotation":0,"texture":"#4"},"west":{"uv":[12.583334,14.583334,12.75,15.0],"tintindex":0,"rotation":0,"texture":"#4"},"up":{"uv":[5.5833335,15.25,5.416667,15.083334],"tintindex":0,"rotation":0,"texture":"#4"},"down":{"uv":[5.75,15.083334,5.5833335,15.25],"tintindex":0,"rotation":0,"texture":"#4"}}},{"from":[7.125,3.2749977,7.125],"to":[8.875,8.174999,8.875],"faces":{"east":{"uv":[9.25,14.583334,9.416667,15.0],"tintindex":0,"rotation":0,"texture":"#4"},"south":{"uv":[14.583334,9.583334,14.75,10.0],"tintindex":0,"rotation":0,"texture":"#4"},"north":{"uv":[14.583334,9.166667,14.75,9.583334],"tintindex":0,"rotation":0,"texture":"#4"},"west":{"uv":[14.583334,10.0,14.75,10.416667],"tintindex":0,"rotation":0,"texture":"#4"},"up":{"uv":[15.166667,12.583334,15.0,12.416667],"tintindex":0,"rotation":0,"texture":"#4"},"down":{"uv":[12.75,15.0,12.583334,15.166667],"tintindex":0,"rotation":0,"texture":"#4"}}}],"display":{"gui":{"rotation":[30,225,0]}}}