{"textures":{"4":"modelengine:entity/hv_tenebris"},"elements":[{"from":[7.0,2.5,7.0],"to":[9.0,8.5,9.0],"faces":{"east":{"uv":[6.25,14.333334,6.416667,14.833334],"tintindex":0,"rotation":0,"texture":"#4"},"south":{"uv":[6.416667,14.333334,6.5833335,14.833334],"tintindex":0,"rotation":0,"texture":"#4"},"north":{"uv":[6.0833335,14.333334,6.25,14.833334],"tintindex":0,"rotation":0,"texture":"#4"},"west":{"uv":[6.5833335,14.333334,6.75,14.833334],"tintindex":0,"rotation":0,"texture":"#4"},"up":{"uv":[13.166667,8.916667,13.0,8.75],"tintindex":0,"rotation":0,"texture":"#4"},"down":{"uv":[11.833334,13.083334,11.666667,13.25],"tintindex":0,"rotation":0,"texture":"#4"}}},{"from":[9.3,8.799999,9.3],"to":[6.7,2.2000008,6.7],"faces":{"east":{"uv":[9.583334,13.75,9.833334,14.333334],"tintindex":0,"rotation":0,"texture":"#4"},"south":{"uv":[9.833334,13.75,10.083334,14.333334],"tintindex":0,"rotation":0,"texture":"#4"},"north":{"uv":[7.5,13.75,7.75,14.333334],"tintindex":0,"rotation":0,"texture":"#4"},"west":{"uv":[10.083334,13.75,10.333334,14.333334],"tintindex":0,"rotation":0,"texture":"#4"},"up":{"uv":[11.916667,14.916667,11.666667,14.666667],"tintindex":0,"rotation":0,"texture":"#4"},"down":{"uv":[14.916667,14.0,14.666667,14.25],"tintindex":0,"rotation":0,"texture":"#4"}}}],"display":{"gui":{"rotation":[30,225,0]}}}