{"textures":{"4":"modelengine:entity/hv_tenebris"},"elements":[{"from":[6.7,-1.6524982,6.7],"to":[9.3,8.357502,9.3],"faces":{"east":{"uv":[7.416667,12.416667,7.666667,13.25],"tintindex":0,"rotation":0,"texture":"#4"},"south":{"uv":[1.75,12.5,2.0,13.333334],"tintindex":0,"rotation":0,"texture":"#4"},"north":{"uv":[4.25,12.416667,4.5,13.25],"tintindex":0,"rotation":0,"texture":"#4"},"west":{"uv":[2.0,12.5,2.25,13.333334],"tintindex":0,"rotation":0,"texture":"#4"},"up":{"uv":[15.0,2.75,14.75,2.5],"tintindex":0,"rotation":0,"texture":"#4"},"down":{"uv":[15.0,3.0,14.75,3.25],"tintindex":0,"rotation":0,"texture":"#4"}}},{"from":[9.6119995,8.786503,9.6119995],"to":[6.388,-2.081499,6.388],"faces":{"east":{"uv":[6.5,12.166667,6.75,13.083334],"tintindex":0,"rotation":0,"texture":"#4"},"south":{"uv":[12.166667,8.916667,12.416667,9.833334],"tintindex":0,"rotation":0,"texture":"#4"},"north":{"uv":[2.6666667,12.166667,2.9166667,13.083334],"tintindex":0,"rotation":0,"texture":"#4"},"west":{"uv":[12.333334,4.666667,12.583334,5.5833335],"tintindex":0,"rotation":0,"texture":"#4"},"up":{"uv":[6.75,15.083334,6.5,14.833334],"tintindex":0,"rotation":0,"texture":"#4"},"down":{"uv":[7.5,14.833334,7.25,15.083334],"tintindex":0,"rotation":0,"texture":"#4"}}}],"display":{"gui":{"rotation":[30,225,0]}}}