{"textures":{"4":"modelengine:entity/hv_tenebris"},"elements":[{"from":[8.91,8.560001,8.91],"to":[7.09,3.9400024,7.09],"faces":{"east":{"uv":[10.833334,14.5,11.0,14.916667],"tintindex":0,"rotation":0,"texture":"#4"},"south":{"uv":[11.0,14.5,11.166667,14.916667],"tintindex":0,"rotation":0,"texture":"#4"},"north":{"uv":[10.666667,14.5,10.833334,14.916667],"tintindex":0,"rotation":0,"texture":"#4"},"west":{"uv":[11.166667,14.5,11.333334,14.916667],"tintindex":0,"rotation":0,"texture":"#4"},"up":{"uv":[4.416667,14.833334,4.25,14.666667],"tintindex":0,"rotation":0,"texture":"#4"},"down":{"uv":[14.916667,5.166667,14.75,5.3333335],"tintindex":0,"rotation":0,"texture":"#4"}}},{"from":[7.3,4.1500015,7.3],"to":[8.7,8.350002,8.7],"faces":{"east":{"uv":[12.333334,14.916667,12.416667,15.25],"tintindex":0,"rotation":0,"texture":"#4"},"south":{"uv":[14.5,14.916667,14.583334,15.25],"tintindex":0,"rotation":0,"texture":"#4"},"north":{"uv":[9.0,14.916667,9.083334,15.25],"tintindex":0,"rotation":0,"texture":"#4"},"west":{"uv":[14.583334,14.916667,14.666667,15.25],"tintindex":0,"rotation":0,"texture":"#4"},"up":{"uv":[12.083334,8.083334,12.0,8.0],"tintindex":0,"rotation":0,"texture":"#4"},"down":{"uv":[12.083334,8.083334,12.0,8.166667],"tintindex":0,"rotation":0,"texture":"#4"}}}],"display":{"gui":{"rotation":[30,225,0]}}}