{"textures":{"4":"modelengine:entity/hv_tenebris"},"elements":[{"from":[6.44,-1.6525002,6.44],"to":[9.559999,9.072498,9.559999],"faces":{"east":{"uv":[2.4166667,12.0,2.6666667,12.916667],"tintindex":0,"rotation":0,"texture":"#4"},"south":{"uv":[12.083334,4.666667,12.333334,5.5833335],"tintindex":0,"rotation":0,"texture":"#4"},"north":{"uv":[9.5,11.916667,9.75,12.833334],"tintindex":0,"rotation":0,"texture":"#4"},"west":{"uv":[12.083334,8.0,12.333334,8.916667],"tintindex":0,"rotation":0,"texture":"#4"},"up":{"uv":[15.0,2.25,14.75,2.0],"tintindex":0,"rotation":0,"texture":"#4"},"down":{"uv":[15.0,2.25,14.75,2.5],"tintindex":0,"rotation":0,"texture":"#4"}}},{"from":[9.872,9.501499,9.872],"to":[6.128,-2.081501,6.1280003],"faces":{"east":{"uv":[2.6666667,11.166667,3.0,12.166667],"tintindex":0,"rotation":0,"texture":"#4"},"south":{"uv":[6.5,11.166667,6.8333335,12.166667],"tintindex":0,"rotation":0,"texture":"#4"},"north":{"uv":[2.0,7.916667,2.3333335,8.916667],"tintindex":0,"rotation":0,"texture":"#4"},"west":{"uv":[11.416667,8.166667,11.75,9.166667],"tintindex":0,"rotation":0,"texture":"#4"},"up":{"uv":[14.416667,3.3333335,14.083334,3.0],"tintindex":0,"rotation":0,"texture":"#4"},"down":{"uv":[14.416667,4.5833335,14.083334,4.916667],"tintindex":0,"rotation":0,"texture":"#4"}}}],"display":{"gui":{"rotation":[30,225,0]}}}