{"textures":{"4":"modelengine:entity/hv_tenebris"},"elements":[{"from":[0.0,7.5004997,0.0],"to":[16.0,9.5005,16.0],"faces":{"east":{"uv":[11.333334,7.166667,12.666667,7.3333335],"tintindex":0,"rotation":0,"texture":"#4"},"south":{"uv":[11.916667,3.75,13.25,3.9166667],"tintindex":0,"rotation":0,"texture":"#4"},"north":{"uv":[8.833334,1.8333334,10.166667,2.0],"tintindex":0,"rotation":0,"texture":"#4"},"west":{"uv":[12.083334,7.3333335,13.416667,7.5],"tintindex":0,"rotation":0,"texture":"#4"},"up":{"uv":[1.3333334,6.666667,0.0,5.3333335],"tintindex":0,"rotation":0,"texture":"#4"},"down":{"uv":[2.6666667,5.3333335,1.3333334,6.666667],"tintindex":0,"rotation":0,"texture":"#4"}},"rotation":{"origin":[8.0,8.4995,8.0],"angle":-45.0,"axis":"y"}},{"from":[-2.3431454,7.4995003,0.0],"to":[21.656855,7.4995003,24.0],"faces":{"up":{"uv":[4.8333335,2.0,2.8333335,0.0],"tintindex":0,"rotation":0,"texture":"#4"},"down":{"uv":[4.8333335,2.0,2.8333335,4.0],"tintindex":0,"rotation":0,"texture":"#4"}},"rotation":{"origin":[13.656855,8.4995,8.0],"angle":-45.0,"axis":"y"}}],"display":{"gui":{"rotation":[30,225,0]}}}