{"textures":{"0":"modelengine:entity/hv_tenebris_staff_vfx","4":"modelengine:entity/hv_tenebris"},"elements":[{"from":[7.2375,6.1066203,2.4322414],"to":[8.7625,10.15662,3.7822418],"faces":{"east":{"uv":[12.333334,13.5,12.583334,14.166667],"tintindex":0,"rotation":0,"texture":"#4"},"south":{"uv":[13.0,13.5,13.25,14.166667],"tintindex":0,"rotation":0,"texture":"#4"},"north":{"uv":[11.416667,13.5,11.666667,14.166667],"tintindex":0,"rotation":0,"texture":"#4"},"west":{"uv":[0.0,13.583334,0.25,14.25],"tintindex":0,"rotation":0,"texture":"#4"},"up":{"uv":[5.75,15.083334,5.5,14.833334],"tintindex":0,"rotation":0,"texture":"#4"},"down":{"uv":[6.0,14.833334,5.75,15.083334],"tintindex":0,"rotation":0,"texture":"#4"}},"rotation":{"origin":[7.6625004,6.801104,6.628401],"angle":45.0,"axis":"x"}},{"from":[7.2375,6.1066203,10.859806],"to":[8.7625,10.15662,12.209806],"faces":{"east":{"uv":[13.583334,9.083334,13.833334,9.75],"tintindex":0,"rotation":0,"texture":"#4"},"south":{"uv":[9.333334,13.583334,9.583334,14.25],"tintindex":0,"rotation":0,"texture":"#4"},"north":{"uv":[13.583334,8.416667,13.833334,9.083334],"tintindex":0,"rotation":0,"texture":"#4"},"west":{"uv":[13.583334,9.75,13.833334,10.416667],"tintindex":0,"rotation":0,"texture":"#4"},"up":{"uv":[6.25,15.083334,6.0,14.833334],"tintindex":0,"rotation":0,"texture":"#4"},"down":{"uv":[6.5,14.833334,6.25,15.083334],"tintindex":0,"rotation":0,"texture":"#4"}},"rotation":{"origin":[7.6625004,6.801104,6.628401],"angle":45.0,"axis":"x"}},{"from":[7.1125,5.227163,11.597758],"to":[8.8875,9.277163,12.947759],"faces":{"east":{"uv":[12.583334,13.583334,12.833334,14.25],"tintindex":0,"rotation":0,"texture":"#4"},"south":{"uv":[10.833334,12.416667,11.166667,13.083334],"tintindex":0,"rotation":0,"texture":"#4"},"north":{"uv":[12.416667,10.75,12.75,11.416667],"tintindex":0,"rotation":0,"texture":"#4"},"west":{"uv":[2.25,13.666667,2.5,14.333334],"tintindex":0,"rotation":0,"texture":"#4"},"up":{"uv":[14.75,0.75,14.416667,0.5],"tintindex":0,"rotation":0,"texture":"#4"},"down":{"uv":[14.75,0.75,14.416667,1.0],"tintindex":0,"rotation":0,"texture":"#4"}}},{"from":[6.9875,11.670403,5.2960243],"to":[9.0125,13.020403,9.346024],"faces":{"east":{"uv":[13.5,3.75,14.166667,4.0],"tintindex":0,"rotation":0,"texture":"#4"},"south":{"uv":[14.416667,1.25,14.75,1.5],"tintindex":0,"rotation":0,"texture":"#4"},"north":{"uv":[14.416667,1.0,14.75,1.25],"tintindex":0,"rotation":0,"texture":"#4"},"west":{"uv":[13.5,4.0,14.166667,4.25],"tintindex":0,"rotation":0,"texture":"#4"},"up":{"uv":[11.5,13.083334,11.166667,12.416667],"tintindex":0,"rotation":0,"texture":"#4"},"down":{"uv":[11.833334,12.416667,11.5,13.083334],"tintindex":0,"rotation":0,"texture":"#4"}},"rotation":{"origin":[7.6625004,6.801104,6.628401],"angle":45.0,"axis":"x"}},{"from":[7.9875,2.170403,-7.2039757],"to":[7.9875,26.170403,16.796024],"faces":{"east":{"uv":[0.0,0.0,8.0,8.0],"tintindex":0,"rotation":0,"texture":"#0"},"west":{"uv":[8.0,0.0,0.0,8.0],"tintindex":0,"rotation":0,"texture":"#0"}},"rotation":{"origin":[8.6625,7.801104,-0.8715992],"angle":45.0,"axis":"x"}},{"from":[7.1125,10.790945,6.0339756],"to":[8.8875,12.140945,10.083977],"faces":{"east":{"uv":[13.583334,1.5,14.25,1.75],"tintindex":0,"rotation":0,"texture":"#4"},"south":{"uv":[14.416667,4.416667,14.75,4.666667],"tintindex":0,"rotation":0,"texture":"#4"},"north":{"uv":[14.416667,3.0,14.75,3.25],"tintindex":0,"rotation":0,"texture":"#4"},"west":{"uv":[13.583334,2.75,14.25,3.0],"tintindex":0,"rotation":0,"texture":"#4"},"up":{"uv":[0.33333334,13.166667,0.0,12.5],"tintindex":0,"rotation":0,"texture":"#4"},"down":{"uv":[1.75,12.5,1.4166667,13.166667],"tintindex":0,"rotation":0,"texture":"#4"}}}],"display":{"gui":{"rotation":[30,225,0]}}}