{"textures":{"4":"modelengine:entity/hv_tenebris"},"elements":[{"from":[11.6,11.6,11.599998],"to":[4.4000006,4.3999996,4.3999977],"faces":{"east":{"uv":[11.333334,1.1666667,11.916667,1.75],"tintindex":0,"rotation":0,"texture":"#4"},"south":{"uv":[11.333334,1.75,11.916667,2.3333335],"tintindex":0,"rotation":0,"texture":"#4"},"north":{"uv":[11.25,0.5833334,11.833334,1.1666667],"tintindex":0,"rotation":0,"texture":"#4"},"west":{"uv":[11.333334,2.3333335,11.916667,2.9166667],"tintindex":0,"rotation":0,"texture":"#4"},"up":{"uv":[11.916667,6.5833335,11.333334,6.0],"tintindex":0,"rotation":0,"texture":"#4"},"down":{"uv":[11.916667,6.5833335,11.333334,7.166667],"tintindex":0,"rotation":0,"texture":"#4"}}},{"from":[5.0,5.0,5.0],"to":[11.0,11.0,10.999998],"faces":{"east":{"uv":[11.916667,1.25,12.416667,1.75],"tintindex":0,"rotation":0,"texture":"#4"},"south":{"uv":[11.916667,1.75,12.416667,2.25],"tintindex":0,"rotation":0,"texture":"#4"},"north":{"uv":[11.916667,0.75,12.416667,1.25],"tintindex":0,"rotation":0,"texture":"#4"},"west":{"uv":[11.916667,2.25,12.416667,2.75],"tintindex":0,"rotation":0,"texture":"#4"},"up":{"uv":[12.416667,3.25,11.916667,2.75],"tintindex":0,"rotation":0,"texture":"#4"},"down":{"uv":[12.416667,3.25,11.916667,3.75],"tintindex":0,"rotation":0,"texture":"#4"}}}],"display":{"gui":{"rotation":[30,225,0]}}}