{"textures":{"4":"modelengine:entity/hv_tenebris"},"elements":[{"from":[9.8,9.799999,9.8],"to":[6.2,6.199999,6.2],"faces":{"east":{"uv":[3.1666667,14.166667,3.5,14.5],"tintindex":0,"rotation":0,"texture":"#4"},"south":{"uv":[14.166667,3.3333335,14.5,3.6666667],"tintindex":0,"rotation":0,"texture":"#4"},"north":{"uv":[2.8333335,14.166667,3.1666667,14.5],"tintindex":0,"rotation":0,"texture":"#4"},"west":{"uv":[3.5,14.166667,3.8333335,14.5],"tintindex":0,"rotation":0,"texture":"#4"},"up":{"uv":[14.5,4.0,14.166667,3.6666667],"tintindex":0,"rotation":0,"texture":"#4"},"down":{"uv":[5.25,14.166667,4.916667,14.5],"tintindex":0,"rotation":0,"texture":"#4"}}},{"from":[6.5,6.5,6.5],"to":[9.5,9.5,9.5],"faces":{"east":{"uv":[10.333334,14.916667,10.583334,15.166667],"tintindex":0,"rotation":0,"texture":"#4"},"south":{"uv":[10.583334,14.916667,10.833334,15.166667],"tintindex":0,"rotation":0,"texture":"#4"},"north":{"uv":[10.083334,14.916667,10.333334,15.166667],"tintindex":0,"rotation":0,"texture":"#4"},"west":{"uv":[10.833334,14.916667,11.083334,15.166667],"tintindex":0,"rotation":0,"texture":"#4"},"up":{"uv":[11.333334,15.166667,11.083334,14.916667],"tintindex":0,"rotation":0,"texture":"#4"},"down":{"uv":[11.583334,14.916667,11.333334,15.166667],"tintindex":0,"rotation":0,"texture":"#4"}}}],"display":{"gui":{"rotation":[30,225,0]}}}