{"textures":{"4":"modelengine:entity/hv_tenebris"},"elements":[{"from":[9.8,9.799999,9.8],"to":[6.2,6.199999,6.2],"faces":{"east":{"uv":[14.166667,6.5,14.5,6.8333335],"tintindex":0,"rotation":0,"texture":"#4"},"south":{"uv":[7.75,14.166667,8.083334,14.5],"tintindex":0,"rotation":0,"texture":"#4"},"north":{"uv":[14.166667,4.916667,14.5,5.25],"tintindex":0,"rotation":0,"texture":"#4"},"west":{"uv":[8.083334,14.166667,8.416667,14.5],"tintindex":0,"rotation":0,"texture":"#4"},"up":{"uv":[8.75,14.5,8.416667,14.166667],"tintindex":0,"rotation":0,"texture":"#4"},"down":{"uv":[9.083334,14.166667,8.75,14.5],"tintindex":0,"rotation":0,"texture":"#4"}}},{"from":[6.5,6.5,6.5],"to":[9.5,9.5,9.5],"faces":{"east":{"uv":[11.833334,14.916667,12.083334,15.166667],"tintindex":0,"rotation":0,"texture":"#4"},"south":{"uv":[12.083334,14.916667,12.333334,15.166667],"tintindex":0,"rotation":0,"texture":"#4"},"north":{"uv":[11.583334,14.916667,11.833334,15.166667],"tintindex":0,"rotation":0,"texture":"#4"},"west":{"uv":[14.916667,14.0,15.166667,14.25],"tintindex":0,"rotation":0,"texture":"#4"},"up":{"uv":[14.5,15.166667,14.25,14.916667],"tintindex":0,"rotation":0,"texture":"#4"},"down":{"uv":[15.166667,14.25,14.916667,14.5],"tintindex":0,"rotation":0,"texture":"#4"}}}],"display":{"gui":{"rotation":[30,225,0]}}}