{"textures":{"4":"modelengine:entity/hv_tenebris"},"elements":[{"from":[6.5,6.5,6.5],"to":[9.5,9.5,9.5],"faces":{"east":{"uv":[14.916667,14.75,15.166667,15.0],"tintindex":0,"rotation":0,"texture":"#4"},"south":{"uv":[15.0,0.0,15.25,0.25],"tintindex":0,"rotation":0,"texture":"#4"},"north":{"uv":[14.916667,14.5,15.166667,14.75],"tintindex":0,"rotation":0,"texture":"#4"},"west":{"uv":[15.0,0.25,15.25,0.5],"tintindex":0,"rotation":0,"texture":"#4"},"up":{"uv":[0.75,15.25,0.5,15.0],"tintindex":0,"rotation":0,"texture":"#4"},"down":{"uv":[15.25,0.5,15.0,0.75],"tintindex":0,"rotation":0,"texture":"#4"}}},{"from":[9.8,9.799999,9.8],"to":[6.2,6.199999,6.2],"faces":{"east":{"uv":[10.666667,14.166667,11.0,14.5],"tintindex":0,"rotation":0,"texture":"#4"},"south":{"uv":[11.0,14.166667,11.333334,14.5],"tintindex":0,"rotation":0,"texture":"#4"},"north":{"uv":[10.333334,14.166667,10.666667,14.5],"tintindex":0,"rotation":0,"texture":"#4"},"west":{"uv":[11.333334,14.166667,11.666667,14.5],"tintindex":0,"rotation":0,"texture":"#4"},"up":{"uv":[12.416667,14.5,12.083334,14.166667],"tintindex":0,"rotation":0,"texture":"#4"},"down":{"uv":[14.583334,1.5,14.25,1.8333334],"tintindex":0,"rotation":0,"texture":"#4"}}}],"display":{"gui":{"rotation":[30,225,0]}}}