{"textures":{"4":"modelengine:entity/hv_tenebris"},"elements":[{"from":[6.5,6.5,6.5],"to":[9.5,9.5,9.5],"faces":{"east":{"uv":[14.916667,8.0,15.166667,8.25],"tintindex":0,"rotation":0,"texture":"#4"},"south":{"uv":[8.25,14.916667,8.5,15.166667],"tintindex":0,"rotation":0,"texture":"#4"},"north":{"uv":[8.0,14.916667,8.25,15.166667],"tintindex":0,"rotation":0,"texture":"#4"},"west":{"uv":[14.916667,8.25,15.166667,8.5],"tintindex":0,"rotation":0,"texture":"#4"},"up":{"uv":[8.75,15.166667,8.5,14.916667],"tintindex":0,"rotation":0,"texture":"#4"},"down":{"uv":[9.0,14.916667,8.75,15.166667],"tintindex":0,"rotation":0,"texture":"#4"}}},{"from":[9.8,9.799999,9.8],"to":[6.2,6.199999,6.2],"faces":{"east":{"uv":[14.083334,11.666667,14.416667,12.0],"tintindex":0,"rotation":0,"texture":"#4"},"south":{"uv":[14.083334,12.0,14.416667,12.333334],"tintindex":0,"rotation":0,"texture":"#4"},"north":{"uv":[14.083334,11.333334,14.416667,11.666667],"tintindex":0,"rotation":0,"texture":"#4"},"west":{"uv":[14.083334,12.333334,14.416667,12.666667],"tintindex":0,"rotation":0,"texture":"#4"},"up":{"uv":[14.416667,13.0,14.083334,12.666667],"tintindex":0,"rotation":0,"texture":"#4"},"down":{"uv":[2.8333335,14.166667,2.5,14.5],"tintindex":0,"rotation":0,"texture":"#4"}}}],"display":{"gui":{"rotation":[30,225,0]}}}