{"textures":{"4":"modelengine:entity/hv_tenebris"},"elements":[{"from":[-14.0,7.0,7.0],"to":[7.3333335,9.0,8.999999],"faces":{"east":{"uv":[11.916667,5.666667,12.416667,6.166667],"tintindex":0,"rotation":0,"texture":"#4"},"south":{"uv":[4.8333335,4.8333335,10.166667,5.3333335],"tintindex":0,"rotation":0,"texture":"#4"},"north":{"uv":[4.8333335,4.3333335,10.166667,4.8333335],"tintindex":0,"rotation":0,"texture":"#4"},"west":{"uv":[11.916667,6.166667,12.416667,6.666667],"tintindex":0,"rotation":0,"texture":"#4"},"up":{"uv":[10.166667,5.8333335,4.8333335,5.3333335],"tintindex":0,"rotation":0,"texture":"#4"},"down":{"uv":[10.166667,5.8333335,4.8333335,6.3333335],"tintindex":0,"rotation":0,"texture":"#4"}}},{"from":[7.5,9.166667,9.166666],"to":[-14.166668,6.833333,6.833333],"faces":{"east":{"uv":[11.0,3.3333335,11.583334,3.9166667],"tintindex":0,"rotation":0,"texture":"#4"},"south":{"uv":[4.8333335,2.5833335,10.25,3.1666667],"tintindex":0,"rotation":0,"texture":"#4"},"north":{"uv":[4.8333335,2.0,10.25,2.5833335],"tintindex":0,"rotation":0,"texture":"#4"},"west":{"uv":[10.166667,11.166667,10.75,11.75],"tintindex":0,"rotation":0,"texture":"#4"},"up":{"uv":[10.25,3.75,4.8333335,3.1666667],"tintindex":0,"rotation":0,"texture":"#4"},"down":{"uv":[10.25,3.75,4.8333335,4.3333335],"tintindex":0,"rotation":0,"texture":"#4"}}}],"display":{"gui":{"rotation":[30,225,0]}}}