{"textures":{"4":"modelengine:entity/hv_tenebris"},"elements":[{"from":[7.0,2.5,7.0],"to":[9.0,8.5,9.0],"faces":{"east":{"uv":[6.8333335,11.166667,7.0,11.666667],"tintindex":0,"rotation":0,"texture":"#4"},"south":{"uv":[1.0833334,11.916667,1.25,12.416667],"tintindex":0,"rotation":0,"texture":"#4"},"north":{"uv":[3.0,11.166667,3.1666667,11.666667],"tintindex":0,"rotation":0,"texture":"#4"},"west":{"uv":[12.166667,9.833334,12.333334,10.333334],"tintindex":0,"rotation":0,"texture":"#4"},"up":{"uv":[9.083334,9.333334,8.916667,9.166667],"tintindex":0,"rotation":0,"texture":"#4"},"down":{"uv":[11.416667,10.0,11.25,10.166667],"tintindex":0,"rotation":0,"texture":"#4"}}},{"from":[9.3,8.799999,9.3],"to":[6.7,2.2000008,6.7],"faces":{"east":{"uv":[13.666667,12.833334,13.916667,13.416667],"tintindex":0,"rotation":0,"texture":"#4"},"south":{"uv":[13.25,13.666667,13.5,14.25],"tintindex":0,"rotation":0,"texture":"#4"},"north":{"uv":[13.666667,12.25,13.916667,12.833334],"tintindex":0,"rotation":0,"texture":"#4"},"west":{"uv":[13.666667,13.416667,13.916667,14.0],"tintindex":0,"rotation":0,"texture":"#4"},"up":{"uv":[13.916667,14.833334,13.666667,14.583334],"tintindex":0,"rotation":0,"texture":"#4"},"down":{"uv":[14.833334,13.75,14.583334,14.0],"tintindex":0,"rotation":0,"texture":"#4"}}}],"display":{"gui":{"rotation":[30,225,0]}}}