{"textures":{"4":"modelengine:entity/hv_tenebris"},"elements":[{"from":[7.475,4.8499985,7.475],"to":[8.525,8.349998,8.525],"faces":{"east":{"uv":[0.5,12.0,0.5833334,12.333334],"tintindex":0,"rotation":0,"texture":"#4"},"south":{"uv":[6.416667,12.583334,6.5,12.916667],"tintindex":0,"rotation":0,"texture":"#4"},"north":{"uv":[11.916667,11.5,12.0,11.833334],"tintindex":0,"rotation":0,"texture":"#4"},"west":{"uv":[4.916667,13.75,5.0,14.083334],"tintindex":0,"rotation":0,"texture":"#4"},"up":{"uv":[11.333334,7.3333335,11.25,7.25],"tintindex":0,"rotation":0,"texture":"#4"},"down":{"uv":[11.833334,10.083334,11.75,10.166667],"tintindex":0,"rotation":0,"texture":"#4"}}},{"from":[8.735,8.559998,8.735],"to":[7.265,4.6399994,7.265],"faces":{"east":{"uv":[10.333334,13.75,10.416667,14.083334],"tintindex":0,"rotation":0,"texture":"#4"},"south":{"uv":[14.5,4.916667,14.583334,5.25],"tintindex":0,"rotation":0,"texture":"#4"},"north":{"uv":[7.75,13.75,7.8333335,14.083334],"tintindex":0,"rotation":0,"texture":"#4"},"west":{"uv":[14.25,14.583334,14.333334,14.916667],"tintindex":0,"rotation":0,"texture":"#4"},"up":{"uv":[11.916667,1.1666667,11.833334,1.0833334],"tintindex":0,"rotation":0,"texture":"#4"},"down":{"uv":[12.0,11.833334,11.916667,11.916667],"tintindex":0,"rotation":0,"texture":"#4"}}}],"display":{"gui":{"rotation":[30,225,0]}}}