{"textures":{"4":"modelengine:entity/hv_tenebris"},"elements":[{"from":[9.55,8.549999,9.55],"to":[6.45,0.95000076,6.45],"faces":{"east":{"uv":[13.416667,13.0,13.666667,13.666667],"tintindex":0,"rotation":0,"texture":"#4"},"south":{"uv":[2.5,13.5,2.75,14.166667],"tintindex":0,"rotation":0,"texture":"#4"},"north":{"uv":[13.416667,12.333334,13.666667,13.0],"tintindex":0,"rotation":0,"texture":"#4"},"west":{"uv":[2.75,13.5,3.0,14.166667],"tintindex":0,"rotation":0,"texture":"#4"},"up":{"uv":[14.166667,14.833334,13.916667,14.583334],"tintindex":0,"rotation":0,"texture":"#4"},"down":{"uv":[0.25,14.666667,0.0,14.916667],"tintindex":0,"rotation":0,"texture":"#4"}}},{"from":[6.75,1.25,6.75],"to":[9.25,8.25,9.25],"faces":{"east":{"uv":[11.583334,0.0,11.833334,0.5833334],"tintindex":0,"rotation":0,"texture":"#4"},"south":{"uv":[6.75,13.666667,7.0,14.25],"tintindex":0,"rotation":0,"texture":"#4"},"north":{"uv":[2.3333335,6.666667,2.5833335,7.25],"tintindex":0,"rotation":0,"texture":"#4"},"west":{"uv":[13.666667,11.666667,13.916667,12.25],"tintindex":0,"rotation":0,"texture":"#4"},"up":{"uv":[14.833334,13.5,14.583334,13.25],"tintindex":0,"rotation":0,"texture":"#4"},"down":{"uv":[14.833334,13.5,14.583334,13.75],"tintindex":0,"rotation":0,"texture":"#4"}}}],"display":{"gui":{"rotation":[30,225,0]}}}