{"textures":{"4":"modelengine:entity/hv_tenebris"},"elements":[{"from":[9.26,8.735001,9.26],"to":[6.74,3.0649986,6.74],"faces":{"east":{"uv":[5.5,13.833334,5.75,14.333334],"tintindex":0,"rotation":0,"texture":"#4"},"south":{"uv":[5.75,13.833334,6.0,14.333334],"tintindex":0,"rotation":0,"texture":"#4"},"north":{"uv":[7.666667,11.083334,7.916667,11.583334],"tintindex":0,"rotation":0,"texture":"#4"},"west":{"uv":[6.0,13.833334,6.25,14.333334],"tintindex":0,"rotation":0,"texture":"#4"},"up":{"uv":[15.0,0.25,14.75,0.0],"tintindex":0,"rotation":0,"texture":"#4"},"down":{"uv":[15.0,0.25,14.75,0.5],"tintindex":0,"rotation":0,"texture":"#4"}}},{"from":[6.95,3.2749977,6.95],"to":[9.05,8.524998,9.05],"faces":{"east":{"uv":[14.416667,12.5,14.583334,12.916667],"tintindex":0,"rotation":0,"texture":"#4"},"south":{"uv":[13.5,14.416667,13.666667,14.833334],"tintindex":0,"rotation":0,"texture":"#4"},"north":{"uv":[14.416667,12.083334,14.583334,12.5],"tintindex":0,"rotation":0,"texture":"#4"},"west":{"uv":[2.5,14.5,2.6666667,14.916667],"tintindex":0,"rotation":0,"texture":"#4"},"up":{"uv":[5.416667,13.666667,5.25,13.5],"tintindex":0,"rotation":0,"texture":"#4"},"down":{"uv":[7.416667,13.5,7.25,13.666667],"tintindex":0,"rotation":0,"texture":"#4"}}}],"display":{"gui":{"rotation":[30,225,0]}}}