{"textures":{"4":"modelengine:entity/hv_tenebris"},"elements":[{"from":[8.91,8.560001,8.91],"to":[7.09,3.9400024,7.09],"faces":{"east":{"uv":[1.5833334,14.583334,1.75,15.0],"tintindex":0,"rotation":0,"texture":"#4"},"south":{"uv":[1.75,14.583334,1.9166667,15.0],"tintindex":0,"rotation":0,"texture":"#4"},"north":{"uv":[14.583334,1.5,14.75,1.9166667],"tintindex":0,"rotation":0,"texture":"#4"},"west":{"uv":[1.9166667,14.583334,2.0833335,15.0],"tintindex":0,"rotation":0,"texture":"#4"},"up":{"uv":[15.166667,9.416667,15.0,9.25],"tintindex":0,"rotation":0,"texture":"#4"},"down":{"uv":[15.166667,9.416667,15.0,9.583334],"tintindex":0,"rotation":0,"texture":"#4"}}},{"from":[7.3,4.1500015,7.3],"to":[8.7,8.350002,8.7],"faces":{"east":{"uv":[9.083334,15.0,9.166667,15.333334],"tintindex":0,"rotation":0,"texture":"#4"},"south":{"uv":[9.166667,15.0,9.25,15.333334],"tintindex":0,"rotation":0,"texture":"#4"},"north":{"uv":[15.0,8.916667,15.083334,9.25],"tintindex":0,"rotation":0,"texture":"#4"},"west":{"uv":[9.25,15.0,9.333334,15.333334],"tintindex":0,"rotation":0,"texture":"#4"},"up":{"uv":[12.5,11.5,12.416667,11.416667],"tintindex":0,"rotation":0,"texture":"#4"},"down":{"uv":[11.916667,12.416667,11.833334,12.5],"tintindex":0,"rotation":0,"texture":"#4"}}}],"display":{"gui":{"rotation":[30,225,0]}}}