{"textures":{"4":"modelengine:entity/hv_tenebris"},"elements":[{"from":[9.8,9.049999,9.8],"to":[6.2,0.95000076,6.2],"faces":{"east":{"uv":[2.9166667,12.416667,3.25,13.083334],"tintindex":0,"rotation":0,"texture":"#4"},"south":{"uv":[3.25,12.416667,3.5833335,13.083334],"tintindex":0,"rotation":0,"texture":"#4"},"north":{"uv":[12.416667,2.75,12.75,3.4166667],"tintindex":0,"rotation":0,"texture":"#4"},"west":{"uv":[3.5833335,12.416667,3.9166667,13.083334],"tintindex":0,"rotation":0,"texture":"#4"},"up":{"uv":[11.333334,6.3333335,11.0,6.0],"tintindex":0,"rotation":0,"texture":"#4"},"down":{"uv":[13.416667,4.3333335,13.083334,4.666667],"tintindex":0,"rotation":0,"texture":"#4"}}},{"from":[6.5,1.25,6.5],"to":[9.5,8.75,9.5],"faces":{"east":{"uv":[4.166667,13.25,4.416667,13.916667],"tintindex":0,"rotation":0,"texture":"#4"},"south":{"uv":[12.083334,13.333334,12.333334,14.0],"tintindex":0,"rotation":0,"texture":"#4"},"north":{"uv":[6.5,13.083334,6.75,13.75],"tintindex":0,"rotation":0,"texture":"#4"},"west":{"uv":[13.416667,11.666667,13.666667,12.333334],"tintindex":0,"rotation":0,"texture":"#4"},"up":{"uv":[13.25,14.833334,13.0,14.583334],"tintindex":0,"rotation":0,"texture":"#4"},"down":{"uv":[14.833334,13.0,14.583334,13.25],"tintindex":0,"rotation":0,"texture":"#4"}}}],"display":{"gui":{"rotation":[30,225,0]}}}