{"textures":{"4":"modelengine:entity/hv_tenebris"},"elements":[{"from":[6.0,6.9041247,10.23],"to":[10.2,11.104125,11.63],"faces":{"east":{"uv":[13.083334,15.083334,13.166667,15.416667],"tintindex":0,"rotation":0,"texture":"#4"},"south":{"uv":[14.083334,11.0,14.416667,11.333334],"tintindex":0,"rotation":0,"texture":"#4"},"north":{"uv":[14.083334,10.666667,14.416667,11.0],"tintindex":0,"rotation":0,"texture":"#4"},"west":{"uv":[13.166667,15.083334,13.25,15.416667],"tintindex":0,"rotation":0,"texture":"#4"},"up":{"uv":[15.416667,13.25,15.083334,13.166667],"tintindex":0,"rotation":0,"texture":"#4"},"down":{"uv":[15.416667,13.25,15.083334,13.333334],"tintindex":0,"rotation":0,"texture":"#4"}},"rotation":{"origin":[8.1,9.004125,9.53],"angle":45.0,"axis":"z"}},{"from":[6.0,6.9041247,5.12],"to":[10.2,11.104125,6.52],"faces":{"east":{"uv":[15.083334,11.583334,15.166667,11.916667],"tintindex":0,"rotation":0,"texture":"#4"},"south":{"uv":[14.083334,10.333334,14.416667,10.666667],"tintindex":0,"rotation":0,"texture":"#4"},"north":{"uv":[14.083334,10.0,14.416667,10.333334],"tintindex":0,"rotation":0,"texture":"#4"},"west":{"uv":[13.0,15.083334,13.083334,15.416667],"tintindex":0,"rotation":0,"texture":"#4"},"up":{"uv":[15.416667,13.083334,15.083334,13.0],"tintindex":0,"rotation":0,"texture":"#4"},"down":{"uv":[15.416667,13.083334,15.083334,13.166667],"tintindex":0,"rotation":0,"texture":"#4"}},"rotation":{"origin":[8.1,9.004125,7.2200003],"angle":45.0,"axis":"z"}},{"from":[6.308,-0.14275074,6.7],"to":[9.691999,8.74025,10.084],"faces":{"east":{"uv":[4.75,13.0,5.0,13.75],"tintindex":0,"rotation":0,"texture":"#4"},"south":{"uv":[5.416667,13.0,5.666667,13.75],"tintindex":0,"rotation":0,"texture":"#4"},"north":{"uv":[4.5,13.0,4.75,13.75],"tintindex":0,"rotation":0,"texture":"#4"},"west":{"uv":[13.0,5.5833335,13.25,6.3333335],"tintindex":0,"rotation":0,"texture":"#4"},"up":{"uv":[8.0,15.166667,7.75,14.916667],"tintindex":0,"rotation":0,"texture":"#4"},"down":{"uv":[15.166667,7.75,14.916667,8.0],"tintindex":0,"rotation":0,"texture":"#4"}}}],"display":{"gui":{"rotation":[30,225,0]}}}