{"textures":{"4":"modelengine:entity/hv_tenebris"},"elements":[{"from":[8.735001,8.559998,8.735001],"to":[7.2650003,4.6399994,7.2650003],"faces":{"east":{"uv":[15.0,10.916667,15.083334,11.25],"tintindex":0,"rotation":0,"texture":"#4"},"south":{"uv":[15.0,11.25,15.083334,11.583334],"tintindex":0,"rotation":0,"texture":"#4"},"north":{"uv":[15.0,10.583334,15.083334,10.916667],"tintindex":0,"rotation":0,"texture":"#4"},"west":{"uv":[15.0,11.583334,15.083334,11.916667],"tintindex":0,"rotation":0,"texture":"#4"},"up":{"uv":[12.583334,8.0,12.5,7.916667],"tintindex":0,"rotation":0,"texture":"#4"},"down":{"uv":[12.583334,9.75,12.5,9.833334],"tintindex":0,"rotation":0,"texture":"#4"}}},{"from":[7.475,4.8499985,7.475],"to":[8.525,8.349998,8.525],"faces":{"east":{"uv":[15.0,9.583334,15.083334,9.916667],"tintindex":0,"rotation":0,"texture":"#4"},"south":{"uv":[15.0,9.916667,15.083334,10.25],"tintindex":0,"rotation":0,"texture":"#4"},"north":{"uv":[9.333334,15.0,9.416667,15.333334],"tintindex":0,"rotation":0,"texture":"#4"},"west":{"uv":[15.0,10.25,15.083334,10.583334],"tintindex":0,"rotation":0,"texture":"#4"},"up":{"uv":[12.0,12.5,11.916667,12.416667],"tintindex":0,"rotation":0,"texture":"#4"},"down":{"uv":[12.583334,3.9166667,12.5,4.0],"tintindex":0,"rotation":0,"texture":"#4"}}}],"display":{"gui":{"rotation":[30,225,0]}}}