{"textures":{"4":"modelengine:entity/hv_tenebris"},"elements":[{"from":[7.125,3.2749977,7.125],"to":[8.875,8.174999,8.875],"faces":{"east":{"uv":[0.8333334,14.583334,1.0,15.0],"tintindex":0,"rotation":0,"texture":"#4"},"south":{"uv":[1.0,14.583334,1.1666667,15.0],"tintindex":0,"rotation":0,"texture":"#4"},"north":{"uv":[0.6666667,14.583334,0.8333334,15.0],"tintindex":0,"rotation":0,"texture":"#4"},"west":{"uv":[1.4166667,14.583334,1.5833334,15.0],"tintindex":0,"rotation":0,"texture":"#4"},"up":{"uv":[7.0833335,15.166667,6.916667,15.0],"tintindex":0,"rotation":0,"texture":"#4"},"down":{"uv":[15.166667,8.75,15.0,8.916667],"tintindex":0,"rotation":0,"texture":"#4"}}},{"from":[9.085,8.384998,9.085],"to":[6.915,3.0649986,6.915],"faces":{"east":{"uv":[14.583334,2.3333335,14.75,2.75],"tintindex":0,"rotation":0,"texture":"#4"},"south":{"uv":[14.583334,3.75,14.75,4.166667],"tintindex":0,"rotation":0,"texture":"#4"},"north":{"uv":[14.583334,1.9166667,14.75,2.3333335],"tintindex":0,"rotation":0,"texture":"#4"},"west":{"uv":[14.583334,4.916667,14.75,5.3333335],"tintindex":0,"rotation":0,"texture":"#4"},"up":{"uv":[15.166667,12.083334,15.0,11.916667],"tintindex":0,"rotation":0,"texture":"#4"},"down":{"uv":[15.166667,12.083334,15.0,12.25],"tintindex":0,"rotation":0,"texture":"#4"}}}],"display":{"gui":{"rotation":[30,225,0]}}}