{"textures":{"4":"modelengine:entity/hv_tenebris"},"elements":[{"from":[9.26,8.735001,9.26],"to":[6.74,3.0649986,6.74],"faces":{"east":{"uv":[13.833334,9.0,14.083334,9.5],"tintindex":0,"rotation":0,"texture":"#4"},"south":{"uv":[13.833334,9.5,14.083334,10.0],"tintindex":0,"rotation":0,"texture":"#4"},"north":{"uv":[13.833334,8.5,14.083334,9.0],"tintindex":0,"rotation":0,"texture":"#4"},"west":{"uv":[13.833334,10.0,14.083334,10.5],"tintindex":0,"rotation":0,"texture":"#4"},"up":{"uv":[15.0,1.25,14.75,1.0],"tintindex":0,"rotation":0,"texture":"#4"},"down":{"uv":[15.0,1.25,14.75,1.5],"tintindex":0,"rotation":0,"texture":"#4"}}},{"from":[6.95,3.2749977,6.95],"to":[9.05,8.524998,9.05],"faces":{"east":{"uv":[14.333334,14.5,14.5,14.916667],"tintindex":0,"rotation":0,"texture":"#4"},"south":{"uv":[14.5,14.5,14.666667,14.916667],"tintindex":0,"rotation":0,"texture":"#4"},"north":{"uv":[12.25,14.5,12.416667,14.916667],"tintindex":0,"rotation":0,"texture":"#4"},"west":{"uv":[0.5,14.583334,0.6666667,15.0],"tintindex":0,"rotation":0,"texture":"#4"},"up":{"uv":[15.166667,4.666667,15.0,4.5],"tintindex":0,"rotation":0,"texture":"#4"},"down":{"uv":[15.166667,4.916667,15.0,5.0833335],"tintindex":0,"rotation":0,"texture":"#4"}}}],"display":{"gui":{"rotation":[30,225,0]}}}