{"textures":{"4":"modelengine:entity/hv_tenebris"},"elements":[{"from":[9.05,8.799999,9.05],"to":[6.95,3.1999989,6.95],"faces":{"east":{"uv":[12.333334,12.5,12.5,13.0],"tintindex":0,"rotation":0,"texture":"#4"},"south":{"uv":[9.583334,12.833334,9.75,13.333334],"tintindex":0,"rotation":0,"texture":"#4"},"north":{"uv":[0.33333334,12.5,0.5,13.0],"tintindex":0,"rotation":0,"texture":"#4"},"west":{"uv":[2.25,14.333334,2.4166667,14.833334],"tintindex":0,"rotation":0,"texture":"#4"},"up":{"uv":[8.166667,11.916667,8.0,11.75],"tintindex":0,"rotation":0,"texture":"#4"},"down":{"uv":[11.916667,11.166667,11.75,11.333334],"tintindex":0,"rotation":0,"texture":"#4"}}},{"from":[7.25,3.5,7.25],"to":[8.75,8.5,8.75],"faces":{"east":{"uv":[2.25,12.5,2.4166667,12.916667],"tintindex":0,"rotation":0,"texture":"#4"},"south":{"uv":[9.166667,13.083334,9.333334,13.5],"tintindex":0,"rotation":0,"texture":"#4"},"north":{"uv":[9.333334,12.416667,9.5,12.833334],"tintindex":0,"rotation":0,"texture":"#4"},"west":{"uv":[4.0,13.5,4.166667,13.916667],"tintindex":0,"rotation":0,"texture":"#4"},"up":{"uv":[8.166667,11.75,8.0,11.583334],"tintindex":0,"rotation":0,"texture":"#4"},"down":{"uv":[7.25,11.666667,7.0833335,11.833334],"tintindex":0,"rotation":0,"texture":"#4"}}}],"display":{"gui":{"rotation":[30,225,0]}}}