{"textures":{"4":"modelengine:entity/hv_tenebris"},"elements":[{"from":[4.885,5.206625,4.885],"to":[11.115,6.5701256,11.115],"faces":{"east":{"uv":[15.0,3.1666667,15.5,3.25],"tintindex":0,"rotation":0,"texture":"#4"},"south":{"uv":[15.0,3.5833335,15.5,3.6666667],"tintindex":0,"rotation":0,"texture":"#4"},"north":{"uv":[15.0,3.0833335,15.5,3.1666667],"tintindex":0,"rotation":0,"texture":"#4"},"west":{"uv":[15.0,3.6666667,15.5,3.75],"tintindex":0,"rotation":0,"texture":"#4"},"up":{"uv":[12.0,12.416667,11.5,11.916667],"tintindex":0,"rotation":0,"texture":"#4"},"down":{"uv":[0.5,12.0,0.0,12.5],"tintindex":0,"rotation":0,"texture":"#4"}}},{"from":[5.885,-1.9933748,6.285],"to":[10.115,8.370125,10.515],"faces":{"east":{"uv":[5.8333335,11.75,6.166667,12.583334],"tintindex":0,"rotation":0,"texture":"#4"},"south":{"uv":[6.166667,11.75,6.5,12.583334],"tintindex":0,"rotation":0,"texture":"#4"},"north":{"uv":[5.5,11.75,5.8333335,12.583334],"tintindex":0,"rotation":0,"texture":"#4"},"west":{"uv":[11.75,8.166667,12.083334,9.0],"tintindex":0,"rotation":0,"texture":"#4"},"up":{"uv":[14.416667,9.666667,14.083334,9.333334],"tintindex":0,"rotation":0,"texture":"#4"},"down":{"uv":[14.416667,9.666667,14.083334,10.0],"tintindex":0,"rotation":0,"texture":"#4"}}},{"from":[7.885,1.0066252,5.185],"to":[9.115,5.370125,11.015],"faces":{"east":{"uv":[13.666667,3.4166667,14.166667,3.75],"tintindex":0,"rotation":0,"texture":"#4"},"south":{"uv":[13.5,15.083334,13.583334,15.416667],"tintindex":0,"rotation":0,"texture":"#4"},"north":{"uv":[15.083334,13.333334,15.166667,13.666667],"tintindex":0,"rotation":0,"texture":"#4"},"west":{"uv":[13.666667,6.666667,14.166667,7.0],"tintindex":0,"rotation":0,"texture":"#4"},"up":{"uv":[8.0,13.083334,7.916667,12.583334],"tintindex":0,"rotation":0,"texture":"#4"},"down":{"uv":[4.5,13.25,4.416667,13.75],"tintindex":0,"rotation":0,"texture":"#4"}}},{"from":[10.622601,8.814276,10.622601],"to":[5.3774,-2.4375248,5.3774],"faces":{"east":{"uv":[11.0,5.0833335,11.416667,6.0],"tintindex":0,"rotation":0,"texture":"#4"},"south":{"uv":[11.0,8.166667,11.416667,9.083334],"tintindex":0,"rotation":0,"texture":"#4"},"north":{"uv":[11.0,4.166667,11.416667,5.0833335],"tintindex":0,"rotation":0,"texture":"#4"},"west":{"uv":[11.0,9.083334,11.416667,10.0],"tintindex":0,"rotation":0,"texture":"#4"},"up":{"uv":[13.416667,13.083334,13.0,12.666667],"tintindex":0,"rotation":0,"texture":"#4"},"down":{"uv":[2.9166667,13.083334,2.5,13.5],"tintindex":0,"rotation":0,"texture":"#4"}}}],"display":{"gui":{"rotation":[30,225,0]}}}