{"textures":{"4":"modelengine:entity/hv_tenebris"},"elements":[{"from":[6.7,-1.6524982,6.7],"to":[9.3,8.357502,9.3],"faces":{"east":{"uv":[12.083334,12.5,12.333334,13.333334],"tintindex":0,"rotation":0,"texture":"#4"},"south":{"uv":[12.5,12.25,12.75,13.083334],"tintindex":0,"rotation":0,"texture":"#4"},"north":{"uv":[11.833334,12.5,12.083334,13.333334],"tintindex":0,"rotation":0,"texture":"#4"},"west":{"uv":[12.583334,3.9166667,12.833334,4.75],"tintindex":0,"rotation":0,"texture":"#4"},"up":{"uv":[10.083334,15.083334,9.833334,14.833334],"tintindex":0,"rotation":0,"texture":"#4"},"down":{"uv":[13.25,14.833334,13.0,15.083334],"tintindex":0,"rotation":0,"texture":"#4"}}},{"from":[9.6119995,8.786503,9.6119995],"to":[6.388,-2.081499,6.388],"faces":{"east":{"uv":[12.416667,0.9166667,12.666667,1.8333334],"tintindex":0,"rotation":0,"texture":"#4"},"south":{"uv":[1.0,12.416667,1.25,13.333334],"tintindex":0,"rotation":0,"texture":"#4"},"north":{"uv":[0.75,12.416667,1.0,13.333334],"tintindex":0,"rotation":0,"texture":"#4"},"west":{"uv":[12.416667,1.8333334,12.666667,2.75],"tintindex":0,"rotation":0,"texture":"#4"},"up":{"uv":[15.166667,6.416667,14.916667,6.166667],"tintindex":0,"rotation":0,"texture":"#4"},"down":{"uv":[15.166667,7.0,14.916667,7.25],"tintindex":0,"rotation":0,"texture":"#4"}}}],"display":{"gui":{"rotation":[30,225,0]}}}