{"textures":{"4":"modelengine:entity/hv_tenebris"},"elements":[{"from":[5.462,-1.9933739,5.462],"to":[10.538,9.110376,10.538],"faces":{"east":{"uv":[10.916667,1.5,11.333334,2.4166667],"tintindex":0,"rotation":0,"texture":"#4"},"south":{"uv":[10.916667,2.4166667,11.333334,3.3333335],"tintindex":0,"rotation":0,"texture":"#4"},"north":{"uv":[6.0833335,10.833334,6.5,11.75],"tintindex":0,"rotation":0,"texture":"#4"},"west":{"uv":[10.916667,6.3333335,11.333334,7.25],"tintindex":0,"rotation":0,"texture":"#4"},"up":{"uv":[13.416667,12.25,13.0,11.833334],"tintindex":0,"rotation":0,"texture":"#4"},"down":{"uv":[13.416667,12.25,13.0,12.666667],"tintindex":0,"rotation":0,"texture":"#4"}}},{"from":[4.885,5.883375,4.885],"to":[11.115,7.246876,11.115],"faces":{"east":{"uv":[15.0,4.166667,15.5,4.25],"tintindex":0,"rotation":0,"texture":"#4"},"south":{"uv":[15.0,4.25,15.5,4.3333335],"tintindex":0,"rotation":0,"texture":"#4"},"north":{"uv":[15.0,4.0833335,15.5,4.166667],"tintindex":0,"rotation":0,"texture":"#4"},"west":{"uv":[15.0,4.416667,15.5,4.5],"tintindex":0,"rotation":0,"texture":"#4"},"up":{"uv":[12.5,12.5,12.0,12.0],"tintindex":0,"rotation":0,"texture":"#4"},"down":{"uv":[12.583334,4.166667,12.083334,4.666667],"tintindex":0,"rotation":0,"texture":"#4"}}},{"from":[11.0456,9.554525,11.0456],"to":[4.9544,-2.4375248,4.9544],"faces":{"east":{"uv":[9.166667,10.333334,9.666667,11.333334],"tintindex":0,"rotation":0,"texture":"#4"},"south":{"uv":[9.666667,10.333334,10.166667,11.333334],"tintindex":0,"rotation":0,"texture":"#4"},"north":{"uv":[8.666667,10.333334,9.166667,11.333334],"tintindex":0,"rotation":0,"texture":"#4"},"west":{"uv":[10.416667,6.3333335,10.916667,7.3333335],"tintindex":0,"rotation":0,"texture":"#4"},"up":{"uv":[1.9166667,12.5,1.4166667,12.0],"tintindex":0,"rotation":0,"texture":"#4"},"down":{"uv":[2.4166667,12.0,1.9166667,12.5],"tintindex":0,"rotation":0,"texture":"#4"}}},{"from":[7.885,-1.0166245,4.9849997],"to":[9.115,7.1468754,11.015],"faces":{"east":{"uv":[3.5,11.75,4.0,12.416667],"tintindex":0,"rotation":0,"texture":"#4"},"south":{"uv":[0.25,14.666667,0.33333334,15.333334],"tintindex":0,"rotation":0,"texture":"#4"},"north":{"uv":[13.25,14.583334,13.333334,15.25],"tintindex":0,"rotation":0,"texture":"#4"},"west":{"uv":[4.0,11.75,4.5,12.416667],"tintindex":0,"rotation":0,"texture":"#4"},"up":{"uv":[13.666667,5.5,13.583334,5.0],"tintindex":0,"rotation":0,"texture":"#4"},"down":{"uv":[3.8333335,14.916667,3.75,15.416667],"tintindex":0,"rotation":0,"texture":"#4"}}},{"from":[4.885,-1.1166248,4.885],"to":[11.115,0.24687576,11.115],"faces":{"east":{"uv":[15.0,3.8333335,15.5,3.9166667],"tintindex":0,"rotation":0,"texture":"#4"},"south":{"uv":[15.0,3.9166667,15.5,4.0],"tintindex":0,"rotation":0,"texture":"#4"},"north":{"uv":[15.0,3.75,15.5,3.8333335],"tintindex":0,"rotation":0,"texture":"#4"},"west":{"uv":[15.0,4.0,15.5,4.0833335],"tintindex":0,"rotation":0,"texture":"#4"},"up":{"uv":[12.5,8.0,12.0,7.5],"tintindex":0,"rotation":0,"texture":"#4"},"down":{"uv":[12.5,11.5,12.0,12.0],"tintindex":0,"rotation":0,"texture":"#4"}}}],"display":{"gui":{"rotation":[30,225,0]}}}