{"textures":{"4":"modelengine:entity/hv_tenebris"},"elements":[{"from":[7.3,4.1500015,7.3],"to":[8.7,8.350002,8.7],"faces":{"east":{"uv":[11.25,1.1666667,11.333334,1.5],"tintindex":0,"rotation":0,"texture":"#4"},"south":{"uv":[11.75,9.75,11.833334,10.083334],"tintindex":0,"rotation":0,"texture":"#4"},"north":{"uv":[10.833334,1.5,10.916667,1.8333334],"tintindex":0,"rotation":0,"texture":"#4"},"west":{"uv":[11.833334,0.75,11.916667,1.0833334],"tintindex":0,"rotation":0,"texture":"#4"},"up":{"uv":[2.6666667,7.25,2.5833335,7.166667],"tintindex":0,"rotation":0,"texture":"#4"},"down":{"uv":[8.25,10.25,8.166667,10.333334],"tintindex":0,"rotation":0,"texture":"#4"}}},{"from":[8.91,8.560001,8.91],"to":[7.09,3.9400024,7.09],"faces":{"east":{"uv":[14.5,3.3333335,14.666667,3.75],"tintindex":0,"rotation":0,"texture":"#4"},"south":{"uv":[3.5,14.5,3.6666667,14.916667],"tintindex":0,"rotation":0,"texture":"#4"},"north":{"uv":[3.3333335,14.5,3.5,14.916667],"tintindex":0,"rotation":0,"texture":"#4"},"west":{"uv":[3.6666667,14.5,3.8333335,14.916667],"tintindex":0,"rotation":0,"texture":"#4"},"up":{"uv":[13.75,1.9166667,13.583334,1.75],"tintindex":0,"rotation":0,"texture":"#4"},"down":{"uv":[13.833334,7.0,13.666667,7.166667],"tintindex":0,"rotation":0,"texture":"#4"}}}],"display":{"gui":{"rotation":[30,225,0]}}}