{"textures":{"4":"modelengine:entity/hv_tenebris"},"elements":[{"from":[9.085,8.384998,9.085],"to":[6.915,3.0649986,6.915],"faces":{"east":{"uv":[5.0833335,14.5,5.25,14.916667],"tintindex":0,"rotation":0,"texture":"#4"},"south":{"uv":[7.75,14.5,7.916667,14.916667],"tintindex":0,"rotation":0,"texture":"#4"},"north":{"uv":[4.916667,14.5,5.0833335,14.916667],"tintindex":0,"rotation":0,"texture":"#4"},"west":{"uv":[7.916667,14.5,8.083334,14.916667],"tintindex":0,"rotation":0,"texture":"#4"},"up":{"uv":[14.0,1.25,13.833334,1.0833334],"tintindex":0,"rotation":0,"texture":"#4"},"down":{"uv":[14.0,4.5833335,13.833334,4.75],"tintindex":0,"rotation":0,"texture":"#4"}}},{"from":[7.125,3.2749977,7.125],"to":[8.875,8.174999,8.875],"faces":{"east":{"uv":[2.8333335,14.5,3.0,14.916667],"tintindex":0,"rotation":0,"texture":"#4"},"south":{"uv":[3.0,14.5,3.1666667,14.916667],"tintindex":0,"rotation":0,"texture":"#4"},"north":{"uv":[2.6666667,14.5,2.8333335,14.916667],"tintindex":0,"rotation":0,"texture":"#4"},"west":{"uv":[3.1666667,14.5,3.3333335,14.916667],"tintindex":0,"rotation":0,"texture":"#4"},"up":{"uv":[13.416667,13.666667,13.25,13.5],"tintindex":0,"rotation":0,"texture":"#4"},"down":{"uv":[0.4166667,13.583334,0.25,13.75],"tintindex":0,"rotation":0,"texture":"#4"}}}],"display":{"gui":{"rotation":[30,225,0]}}}