{"textures":{"4":"modelengine:entity/hv_tenebris"},"elements":[{"from":[6.44,-1.6525002,6.44],"to":[9.559999,9.072498,9.559999],"faces":{"east":{"uv":[12.333334,9.833334,12.583334,10.75],"tintindex":0,"rotation":0,"texture":"#4"},"south":{"uv":[12.416667,0.0,12.666667,0.9166667],"tintindex":0,"rotation":0,"texture":"#4"},"north":{"uv":[12.333334,8.0,12.583334,8.916667],"tintindex":0,"rotation":0,"texture":"#4"},"west":{"uv":[0.5,12.416667,0.75,13.333334],"tintindex":0,"rotation":0,"texture":"#4"},"up":{"uv":[7.75,15.083334,7.5,14.833334],"tintindex":0,"rotation":0,"texture":"#4"},"down":{"uv":[9.833334,14.833334,9.583334,15.083334],"tintindex":0,"rotation":0,"texture":"#4"}}},{"from":[9.872,9.501499,9.872],"to":[6.1280003,-2.081501,6.1280003],"faces":{"east":{"uv":[11.5,10.166667,11.833334,11.166667],"tintindex":0,"rotation":0,"texture":"#4"},"south":{"uv":[11.583334,2.9166667,11.916667,3.9166667],"tintindex":0,"rotation":0,"texture":"#4"},"north":{"uv":[11.416667,9.166667,11.75,10.166667],"tintindex":0,"rotation":0,"texture":"#4"},"west":{"uv":[7.666667,11.583334,8.0,12.583334],"tintindex":0,"rotation":0,"texture":"#4"},"up":{"uv":[14.416667,6.5,14.083334,6.166667],"tintindex":0,"rotation":0,"texture":"#4"},"down":{"uv":[14.416667,7.0,14.083334,7.3333335],"tintindex":0,"rotation":0,"texture":"#4"}}}],"display":{"gui":{"rotation":[30,225,0]}}}