{"textures":{"4":"modelengine:entity/hv_tenebris"},"elements":[{"from":[5.5,5.5,5.5],"to":[10.5,10.5,10.5],"faces":{"east":{"uv":[13.416667,7.5833335,13.833334,8.0],"tintindex":0,"rotation":0,"texture":"#4"},"south":{"uv":[13.416667,8.0,13.833334,8.416667],"tintindex":0,"rotation":0,"texture":"#4"},"north":{"uv":[13.416667,7.166667,13.833334,7.5833335],"tintindex":0,"rotation":0,"texture":"#4"},"west":{"uv":[13.416667,10.416667,13.833334,10.833334],"tintindex":0,"rotation":0,"texture":"#4"},"up":{"uv":[13.833334,11.25,13.416667,10.833334],"tintindex":0,"rotation":0,"texture":"#4"},"down":{"uv":[13.833334,11.25,13.416667,11.666667],"tintindex":0,"rotation":0,"texture":"#4"}}}],"display":{"gui":{"rotation":[30,225,0]}}}