{"textures":{"4":"modelengine:entity/hv_tenebris"},"elements":[{"from":[5.5,5.5,5.5],"to":[10.5,10.5,10.5],"faces":{"east":{"uv":[13.25,6.75,13.666667,7.166667],"tintindex":0,"rotation":0,"texture":"#4"},"south":{"uv":[0.4166667,13.333334,0.8333334,13.75],"tintindex":0,"rotation":0,"texture":"#4"},"north":{"uv":[13.25,5.916667,13.666667,6.3333335],"tintindex":0,"rotation":0,"texture":"#4"},"west":{"uv":[0.8333334,13.333334,1.25,13.75],"tintindex":0,"rotation":0,"texture":"#4"},"up":{"uv":[1.8333334,13.75,1.4166667,13.333334],"tintindex":0,"rotation":0,"texture":"#4"},"down":{"uv":[2.25,13.333334,1.8333334,13.75],"tintindex":0,"rotation":0,"texture":"#4"}}}],"display":{"gui":{"rotation":[30,225,0]}}}