{"textures":{"4":"modelengine:entity/hv_tenebris"},"elements":[{"from":[5.5,5.5,5.5],"to":[10.5,10.5,10.5],"faces":{"east":{"uv":[3.3333335,13.083334,3.75,13.5],"tintindex":0,"rotation":0,"texture":"#4"},"south":{"uv":[3.75,13.083334,4.166667,13.5],"tintindex":0,"rotation":0,"texture":"#4"},"north":{"uv":[2.9166667,13.083334,3.3333335,13.5],"tintindex":0,"rotation":0,"texture":"#4"},"west":{"uv":[13.083334,3.9166667,13.5,4.3333335],"tintindex":0,"rotation":0,"texture":"#4"},"up":{"uv":[5.416667,13.5,5.0,13.083334],"tintindex":0,"rotation":0,"texture":"#4"},"down":{"uv":[7.416667,13.083334,7.0,13.5],"tintindex":0,"rotation":0,"texture":"#4"}}}],"display":{"gui":{"rotation":[30,225,0]}}}