{"textures":{"4":"modelengine:entity/hv_tenebris"},"elements":[{"from":[5.5,5.5,5.5],"to":[10.5,10.5,10.5],"faces":{"east":{"uv":[9.583334,13.333334,10.0,13.75],"tintindex":0,"rotation":0,"texture":"#4"},"south":{"uv":[10.0,13.333334,10.416667,13.75],"tintindex":0,"rotation":0,"texture":"#4"},"north":{"uv":[7.416667,13.333334,7.8333335,13.75],"tintindex":0,"rotation":0,"texture":"#4"},"west":{"uv":[11.666667,13.333334,12.083334,13.75],"tintindex":0,"rotation":0,"texture":"#4"},"up":{"uv":[13.833334,0.4166667,13.416667,0.0],"tintindex":0,"rotation":0,"texture":"#4"},"down":{"uv":[13.833334,0.4166667,13.416667,0.8333334],"tintindex":0,"rotation":0,"texture":"#4"}}}],"display":{"gui":{"rotation":[30,225,0]}}}