{"textures":{"4":"modelengine:entity/hv_tenebris"},"elements":[{"from":[5.5,5.5,5.5],"to":[10.5,10.5,10.5],"faces":{"east":{"uv":[13.416667,1.9166667,13.833334,2.3333335],"tintindex":0,"rotation":0,"texture":"#4"},"south":{"uv":[13.416667,2.3333335,13.833334,2.75],"tintindex":0,"rotation":0,"texture":"#4"},"north":{"uv":[13.416667,0.8333334,13.833334,1.25],"tintindex":0,"rotation":0,"texture":"#4"},"west":{"uv":[13.416667,4.3333335,13.833334,4.75],"tintindex":0,"rotation":0,"texture":"#4"},"up":{"uv":[6.0833335,13.833334,5.666667,13.416667],"tintindex":0,"rotation":0,"texture":"#4"},"down":{"uv":[6.5,13.416667,6.0833335,13.833334],"tintindex":0,"rotation":0,"texture":"#4"}}}],"display":{"gui":{"rotation":[30,225,0]}}}