{"textures":{"4":"modelengine:entity/hv_tenebris"},"elements":[{"from":[5.5,5.5,5.5],"to":[10.5,10.5,10.5],"faces":{"east":{"uv":[13.166667,8.75,13.583334,9.166667],"tintindex":0,"rotation":0,"texture":"#4"},"south":{"uv":[13.166667,9.166667,13.583334,9.583334],"tintindex":0,"rotation":0,"texture":"#4"},"north":{"uv":[13.166667,6.3333335,13.583334,6.75],"tintindex":0,"rotation":0,"texture":"#4"},"west":{"uv":[13.166667,9.583334,13.583334,10.0],"tintindex":0,"rotation":0,"texture":"#4"},"up":{"uv":[13.583334,10.416667,13.166667,10.0],"tintindex":0,"rotation":0,"texture":"#4"},"down":{"uv":[13.666667,5.5,13.25,5.916667],"tintindex":0,"rotation":0,"texture":"#4"}}}],"display":{"gui":{"rotation":[30,225,0]}}}