{"textures":{"4":"modelengine:entity/hv_tenebris"},"elements":[{"from":[5.5,5.5,5.5],"to":[10.5,10.5,10.5],"faces":{"east":{"uv":[8.333334,13.083334,8.75,13.5],"tintindex":0,"rotation":0,"texture":"#4"},"south":{"uv":[8.75,13.083334,9.166667,13.5],"tintindex":0,"rotation":0,"texture":"#4"},"north":{"uv":[7.916667,13.083334,8.333334,13.5],"tintindex":0,"rotation":0,"texture":"#4"},"west":{"uv":[10.416667,13.083334,10.833334,13.5],"tintindex":0,"rotation":0,"texture":"#4"},"up":{"uv":[11.25,13.5,10.833334,13.083334],"tintindex":0,"rotation":0,"texture":"#4"},"down":{"uv":[11.666667,13.083334,11.25,13.5],"tintindex":0,"rotation":0,"texture":"#4"}}}],"display":{"gui":{"rotation":[30,225,0]}}}