{"textures":{"4":"modelengine:entity/hv_tenebris"},"elements":[{"from":[5.5,5.5,5.5],"to":[10.5,10.5,10.5],"faces":{"east":{"uv":[13.0,13.083334,13.416667,13.5],"tintindex":0,"rotation":0,"texture":"#4"},"south":{"uv":[0.0,13.166667,0.4166667,13.583334],"tintindex":0,"rotation":0,"texture":"#4"},"north":{"uv":[12.333334,13.083334,12.75,13.5],"tintindex":0,"rotation":0,"texture":"#4"},"west":{"uv":[13.166667,1.5,13.583334,1.9166667],"tintindex":0,"rotation":0,"texture":"#4"},"up":{"uv":[13.583334,3.1666667,13.166667,2.75],"tintindex":0,"rotation":0,"texture":"#4"},"down":{"uv":[13.583334,5.0833335,13.166667,5.5],"tintindex":0,"rotation":0,"texture":"#4"}}}],"display":{"gui":{"rotation":[30,225,0]}}}