{"textures":{"4":"modelengine:entity/hv_tenebris"},"elements":[{"from":[7.2025,11.076077,-2.9656763],"to":[8.8025,13.176078,-0.8656759],"faces":{"east":{"uv":[14.0,14.0,14.333334,14.333334],"tintindex":0,"rotation":0,"texture":"#4"},"south":{"uv":[10.083334,14.333334,10.333334,14.666667],"tintindex":0,"rotation":0,"texture":"#4"},"north":{"uv":[13.166667,1.9166667,13.416667,2.25],"tintindex":0,"rotation":0,"texture":"#4"},"west":{"uv":[14.083334,0.5,14.416667,0.8333334],"tintindex":0,"rotation":0,"texture":"#4"},"up":{"uv":[11.916667,14.666667,11.666667,14.333334],"tintindex":0,"rotation":0,"texture":"#4"},"down":{"uv":[4.25,14.416667,4.0,14.75],"tintindex":0,"rotation":0,"texture":"#4"}},"rotation":{"origin":[7.3775,11.770561,-7.1970816],"angle":45.0,"axis":"x"}},{"from":[7.2025,7.9510775,-13.345991],"to":[8.8025,10.051078,-11.245991],"faces":{"east":{"uv":[14.083334,0.8333334,14.416667,1.1666667],"tintindex":0,"rotation":0,"texture":"#4"},"south":{"uv":[14.416667,5.8333335,14.666667,6.166667],"tintindex":0,"rotation":0,"texture":"#4"},"north":{"uv":[14.416667,5.5,14.666667,5.8333335],"tintindex":0,"rotation":0,"texture":"#4"},"west":{"uv":[14.083334,1.1666667,14.416667,1.5],"tintindex":0,"rotation":0,"texture":"#4"},"up":{"uv":[14.666667,6.5,14.416667,6.166667],"tintindex":0,"rotation":0,"texture":"#4"},"down":{"uv":[14.666667,7.0,14.416667,7.3333335],"tintindex":0,"rotation":0,"texture":"#4"}},"rotation":{"origin":[7.3775,8.645561,-7.0145855],"angle":-45.0,"axis":"x"}},{"from":[7.37,9.925137,-4.538334],"to":[8.62,11.175137,-0.038333893],"faces":{"east":{"uv":[12.666667,2.25,13.416667,2.5],"tintindex":0,"rotation":0,"texture":"#4"},"south":{"uv":[14.75,12.0,15.0,12.25],"tintindex":0,"rotation":0,"texture":"#4"},"north":{"uv":[14.75,11.75,15.0,12.0],"tintindex":0,"rotation":0,"texture":"#4"},"west":{"uv":[12.666667,2.5,13.416667,2.75],"tintindex":0,"rotation":0,"texture":"#4"},"up":{"uv":[13.0,6.3333335,12.75,5.5833335],"tintindex":0,"rotation":0,"texture":"#4"},"down":{"uv":[13.0,10.583334,12.75,11.333334],"tintindex":0,"rotation":0,"texture":"#4"}}}],"display":{"gui":{"rotation":[30,225,0]}}}