{"textures":{"4":"modelengine:entity/hv_tenebris"},"elements":[{"from":[7.875,6.9997783,-13.403347],"to":[8.125,8.999778,6.096653],"faces":{"east":{"uv":[8.083334,7.5,11.333334,7.8333335],"tintindex":0,"rotation":0,"texture":"#4"},"south":{"uv":[7.5,15.083334,7.5833335,15.416667],"tintindex":0,"rotation":0,"texture":"#4"},"north":{"uv":[7.416667,15.083334,7.5,15.416667],"tintindex":0,"rotation":0,"texture":"#4"},"west":{"uv":[8.25,7.8333335,11.5,8.166667],"tintindex":0,"rotation":0,"texture":"#4"},"up":{"uv":[1.3333334,14.666667,1.25,11.416667],"tintindex":0,"rotation":0,"texture":"#4"},"down":{"uv":[1.4166667,11.416667,1.3333334,14.666667],"tintindex":0,"rotation":0,"texture":"#4"}}},{"from":[7.325,5.949778,5.221653],"to":[8.675,6.449778,7.221653],"faces":{"east":{"uv":[15.0,5.0833335,15.333334,5.166667],"tintindex":0,"rotation":0,"texture":"#4"},"south":{"uv":[14.666667,6.3333335,14.916667,6.416667],"tintindex":0,"rotation":0,"texture":"#4"},"north":{"uv":[0.0,14.25,0.25,14.333334],"tintindex":0,"rotation":0,"texture":"#4"},"west":{"uv":[15.083334,9.583334,15.416667,9.666667],"tintindex":0,"rotation":0,"texture":"#4"},"up":{"uv":[14.666667,8.333334,14.416667,8.0],"tintindex":0,"rotation":0,"texture":"#4"},"down":{"uv":[14.666667,8.333334,14.416667,8.666667],"tintindex":0,"rotation":0,"texture":"#4"}}},{"from":[7.325,9.549778,5.221653],"to":[8.675,10.049778,7.221653],"faces":{"east":{"uv":[12.166667,3.9166667,12.5,4.0],"tintindex":0,"rotation":0,"texture":"#4"},"south":{"uv":[13.0,14.166667,13.25,14.25],"tintindex":0,"rotation":0,"texture":"#4"},"north":{"uv":[9.083334,14.166667,9.333334,14.25],"tintindex":0,"rotation":0,"texture":"#4"},"west":{"uv":[13.5,4.25,13.833334,4.3333335],"tintindex":0,"rotation":0,"texture":"#4"},"up":{"uv":[14.666667,7.666667,14.416667,7.3333335],"tintindex":0,"rotation":0,"texture":"#4"},"down":{"uv":[14.666667,7.666667,14.416667,8.0],"tintindex":0,"rotation":0,"texture":"#4"}}},{"from":[7.6,7.249778,9.096653],"to":[8.4,8.749778,10.596653],"faces":{"east":{"uv":[14.916667,5.666667,15.166667,5.916667],"tintindex":0,"rotation":0,"texture":"#4"},"south":{"uv":[8.083334,7.8333335,8.25,8.083334],"tintindex":0,"rotation":0,"texture":"#4"},"north":{"uv":[4.666667,6.0,4.8333335,6.25],"tintindex":0,"rotation":0,"texture":"#4"},"west":{"uv":[14.916667,5.916667,15.166667,6.166667],"tintindex":0,"rotation":0,"texture":"#4"},"up":{"uv":[3.8333335,9.25,3.6666667,9.0],"tintindex":0,"rotation":0,"texture":"#4"},"down":{"uv":[11.5,7.5,11.333334,7.75],"tintindex":0,"rotation":0,"texture":"#4"}},"rotation":{"origin":[8.0,7.999778,9.846653],"angle":-45.0,"axis":"x"}},{"from":[7.825,6.824778,-13.978348],"to":[8.175,8.824779,-11.978348],"faces":{"east":{"uv":[14.083334,5.5,14.416667,5.8333335],"tintindex":0,"rotation":0,"texture":"#4"},"south":{"uv":[7.666667,15.083334,7.75,15.416667],"tintindex":0,"rotation":0,"texture":"#4"},"north":{"uv":[7.5833335,15.083334,7.666667,15.416667],"tintindex":0,"rotation":0,"texture":"#4"},"west":{"uv":[14.083334,5.8333335,14.416667,6.166667],"tintindex":0,"rotation":0,"texture":"#4"},"up":{"uv":[15.166667,9.25,15.083334,8.916667],"tintindex":0,"rotation":0,"texture":"#4"},"down":{"uv":[9.666667,15.083334,9.583334,15.416667],"tintindex":0,"rotation":0,"texture":"#4"}},"rotation":{"origin":[8.0,7.8247786,-13.228348],"angle":-45.0,"axis":"x"}},{"from":[8.0,6.7497783,-13.403347],"to":[8.0,9.249778,6.096653],"faces":{"east":{"uv":[6.8333335,0.0,10.083334,0.4166667],"tintindex":0,"rotation":0,"texture":"#4"},"west":{"uv":[6.8333335,0.4166667,10.083334,0.8333334],"tintindex":0,"rotation":0,"texture":"#4"}}},{"from":[7.375,5.9997783,5.721653],"to":[8.625,9.999778,6.221653],"faces":{"east":{"uv":[1.5833334,10.083334,1.6666667,10.75],"tintindex":0,"rotation":0,"texture":"#4"},"south":{"uv":[13.666667,5.666667,13.916667,6.3333335],"tintindex":0,"rotation":0,"texture":"#4"},"north":{"uv":[13.666667,5.0,13.916667,5.666667],"tintindex":0,"rotation":0,"texture":"#4"},"west":{"uv":[10.166667,10.333334,10.25,11.0],"tintindex":0,"rotation":0,"texture":"#4"},"up":{"uv":[10.333334,0.8333334,10.083334,0.75],"tintindex":0,"rotation":0,"texture":"#4"},"down":{"uv":[7.666667,13.25,7.416667,13.333334],"tintindex":0,"rotation":0,"texture":"#4"}}},{"from":[7.625,7.624778,6.096653],"to":[8.375,8.374778,10.096653],"faces":{"east":{"uv":[10.25,4.166667,10.916667,4.3333335],"tintindex":0,"rotation":0,"texture":"#4"},"south":{"uv":[7.25,15.083334,7.416667,15.25],"tintindex":0,"rotation":0,"texture":"#4"},"north":{"uv":[6.5833335,15.083334,6.75,15.25],"tintindex":0,"rotation":0,"texture":"#4"},"west":{"uv":[12.666667,7.166667,13.333334,7.3333335],"tintindex":0,"rotation":0,"texture":"#4"},"up":{"uv":[2.8333335,6.0,2.6666667,5.3333335],"tintindex":0,"rotation":0,"texture":"#4"},"down":{"uv":[9.916667,11.916667,9.75,12.583334],"tintindex":0,"rotation":0,"texture":"#4"}}}],"display":{"gui":{"rotation":[30,225,0]}}}