{"textures":{"4":"modelengine:entity/hv_tenebris"},"elements":[{"from":[4.5,6.0,4.25],"to":[11.5,10.5,10.75],"faces":{"east":{"uv":[12.583334,9.583334,13.166667,9.916667],"tintindex":0,"rotation":0,"texture":"#4"},"south":{"uv":[12.583334,9.916667,13.166667,10.25],"tintindex":0,"rotation":0,"texture":"#4"},"north":{"uv":[12.583334,5.25,13.166667,5.5833335],"tintindex":0,"rotation":0,"texture":"#4"},"west":{"uv":[12.583334,10.25,13.166667,10.583334],"tintindex":0,"rotation":0,"texture":"#4"},"up":{"uv":[8.75,11.916667,8.166667,11.333334],"tintindex":0,"rotation":0,"texture":"#4"},"down":{"uv":[9.333334,11.333334,8.75,11.916667],"tintindex":0,"rotation":0,"texture":"#4"}}}],"display":{"gui":{"rotation":[30,225,0]}}}