{"textures":{"0":"modelengine:entity/hv_tenebris_portal_bottom"},"elements":[{"from":[6.5,6.5,6.5],"to":[9.5,9.5,9.5],"faces":{"east":{"uv":[11.666667,1.8333334,12.166667,2.3333335],"tintindex":0,"rotation":0,"texture":"#0"},"south":{"uv":[11.666667,2.3333335,12.166667,2.8333335],"tintindex":0,"rotation":0,"texture":"#0"},"north":{"uv":[11.666667,1.3333334,12.166667,1.8333334],"tintindex":0,"rotation":0,"texture":"#0"},"west":{"uv":[11.666667,2.8333335,12.166667,3.3333335],"tintindex":0,"rotation":0,"texture":"#0"},"up":{"uv":[12.166667,3.8333335,11.666667,3.3333335],"tintindex":0,"rotation":0,"texture":"#0"},"down":{"uv":[12.166667,3.8333335,11.666667,4.3333335],"tintindex":0,"rotation":0,"texture":"#0"}}},{"from":[9.8,9.799999,9.8],"to":[6.2,6.199999,6.2],"faces":{"east":{"uv":[11.0,8.666667,11.666667,9.333334],"tintindex":0,"rotation":0,"texture":"#0"},"south":{"uv":[9.333334,11.0,10.0,11.666667],"tintindex":0,"rotation":0,"texture":"#0"},"north":{"uv":[8.666667,11.0,9.333334,11.666667],"tintindex":0,"rotation":0,"texture":"#0"},"west":{"uv":[11.0,9.333334,11.666667,10.0],"tintindex":0,"rotation":0,"texture":"#0"},"up":{"uv":[10.666667,11.666667,10.0,11.0],"tintindex":0,"rotation":0,"texture":"#0"},"down":{"uv":[11.666667,10.0,11.0,10.666667],"tintindex":0,"rotation":0,"texture":"#0"}}}],"display":{"gui":{"rotation":[30,225,0]}}}