{"textures":{"0":"modelengine:entity/hv_tenebris_portal_bottom"},"elements":[{"from":[9.8,9.799999,9.8],"to":[6.2,6.199999,6.2],"faces":{"east":{"uv":[0.0,11.333334,0.6666667,12.0],"tintindex":0,"rotation":0,"texture":"#0"},"south":{"uv":[0.6666667,11.333334,1.3333334,12.0],"tintindex":0,"rotation":0,"texture":"#0"},"north":{"uv":[10.666667,11.0,11.333334,11.666667],"tintindex":0,"rotation":0,"texture":"#0"},"west":{"uv":[1.3333334,11.333334,2.0,12.0],"tintindex":0,"rotation":0,"texture":"#0"},"up":{"uv":[2.6666667,12.0,2.0,11.333334],"tintindex":0,"rotation":0,"texture":"#0"},"down":{"uv":[3.3333335,11.333334,2.6666667,12.0],"tintindex":0,"rotation":0,"texture":"#0"}}},{"from":[6.5,6.5,6.5],"to":[9.5,9.5,9.5],"faces":{"east":{"uv":[11.666667,9.333334,12.166667,9.833334],"tintindex":0,"rotation":0,"texture":"#0"},"south":{"uv":[9.833334,11.666667,10.333334,12.166667],"tintindex":0,"rotation":0,"texture":"#0"},"north":{"uv":[9.333334,11.666667,9.833334,12.166667],"tintindex":0,"rotation":0,"texture":"#0"},"west":{"uv":[11.666667,9.833334,12.166667,10.333334],"tintindex":0,"rotation":0,"texture":"#0"},"up":{"uv":[10.833334,12.166667,10.333334,11.666667],"tintindex":0,"rotation":0,"texture":"#0"},"down":{"uv":[11.333334,11.666667,10.833334,12.166667],"tintindex":0,"rotation":0,"texture":"#0"}}}],"display":{"gui":{"rotation":[30,225,0]}}}