{"textures":{"0":"modelengine:entity/nocsy_fpv2_ghoul"},"elements":[{"from":[4.5,2.2828426,2.8171573],"to":[11.5,7.2828426,2.8171573],"faces":{"south":{"uv":[5.375,8.0,6.25,8.625],"tintindex":0,"rotation":0,"texture":"#0"},"north":{"uv":[8.0,3.5,8.875,4.125],"tintindex":0,"rotation":0,"texture":"#0"}},"rotation":{"origin":[8.0,8.5,6.5],"angle":22.5,"axis":"x"}},{"from":[9.706765,2.8999996,3.3773184],"to":[16.706764,7.8999996,3.3773184],"faces":{"south":{"uv":[8.375,0.0,9.25,0.625],"tintindex":0,"rotation":0,"texture":"#0"},"north":{"uv":[1.0,8.25,1.875,8.875],"tintindex":0,"rotation":0,"texture":"#0"}},"rotation":{"origin":[12.406765,5.3999996,2.5523186],"angle":-45.0,"axis":"y"}},{"from":[4.4,6.2695527,2.2469268],"to":[11.6,11.469553,10.446927],"faces":{"east":{"uv":[7.25,4.625,8.25,5.25],"tintindex":0,"rotation":0,"texture":"#0"},"south":{"uv":[3.375,8.0,4.25,8.625],"tintindex":0,"rotation":0,"texture":"#0"},"north":{"uv":[0.0,8.0,0.875,8.625],"tintindex":0,"rotation":0,"texture":"#0"},"west":{"uv":[5.375,7.25,6.375,7.875],"tintindex":0,"rotation":0,"texture":"#0"},"up":{"uv":[5.5,4.625,4.625,3.625],"tintindex":0,"rotation":0,"texture":"#0"},"down":{"uv":[5.375,4.75,4.5,5.75],"tintindex":0,"rotation":0,"texture":"#0"}}},{"from":[-0.598526,3.2695522,3.2690792],"to":[6.401474,8.269552,3.2690792],"faces":{"south":{"uv":[8.375,1.5,9.25,2.125],"tintindex":0,"rotation":0,"texture":"#0"},"north":{"uv":[8.375,0.75,9.25,1.375],"tintindex":0,"rotation":0,"texture":"#0"}},"rotation":{"origin":[3.5932345,5.3999996,2.5523186],"angle":45.0,"axis":"y"}}],"display":{"gui":{"rotation":[30,225,0]}}}