{"textures":{"0":"modelengine:entity/nocsy_fpv2_ghoul"},"elements":[{"from":[6.465965,5.3659806,4.468918],"to":[9.665965,8.565981,8.668919],"faces":{"east":{"uv":[9.875,9.0,10.375,9.375],"tintindex":0,"rotation":0,"texture":"#0"},"south":{"uv":[10.25,10.0,10.625,10.375],"tintindex":0,"rotation":0,"texture":"#0"},"north":{"uv":[10.25,9.5,10.625,9.875],"tintindex":0,"rotation":0,"texture":"#0"},"west":{"uv":[10.0,4.875,10.5,5.25],"tintindex":0,"rotation":0,"texture":"#0"},"up":{"uv":[10.5,4.625,10.125,4.125],"tintindex":0,"rotation":0,"texture":"#0"},"down":{"uv":[5.25,10.125,4.875,10.625],"tintindex":0,"rotation":0,"texture":"#0"}},"rotation":{"origin":[8.063423,6.566127,6.57942],"angle":22.5,"axis":"x"}},{"from":[9.451355,5.814207,-1.4772654],"to":[9.451355,8.814207,5.5227346],"faces":{"east":{"uv":[3.375,9.75,4.25,10.125],"tintindex":0,"rotation":0,"texture":"#0"},"west":{"uv":[9.75,3.625,10.625,4.0],"tintindex":0,"rotation":0,"texture":"#0"}},"rotation":{"origin":[9.185498,7.0519457,1.8794203],"angle":45.0,"axis":"z"}},{"from":[6.801916,5.8178024,-1.4772654],"to":[6.801916,8.817802,5.5227346],"faces":{"east":{"uv":[5.0,9.625,5.875,10.0],"tintindex":0,"rotation":0,"texture":"#0"},"west":{"uv":[9.75,3.125,10.625,3.5],"tintindex":0,"rotation":0,"texture":"#0"}},"rotation":{"origin":[7.064178,7.0519457,1.8794203],"angle":-45.0,"axis":"z"}}],"display":{"gui":{"rotation":[30,225,0]}}}