{"textures":{"0":"modelengine:entity/nocsy_ganon_bokoblin3"},"elements":[{"from":[4.900194,1.8850899,4.296193],"to":[9.900194,9.88509,11.296193],"faces":{"east":{"uv":[1.0625,4.5625,1.5,5.0625],"tintindex":0,"rotation":0,"texture":"#0"},"south":{"uv":[1.9375,5.8125,2.25,6.3125],"tintindex":0,"rotation":0,"texture":"#0"},"north":{"uv":[5.25,4.5,5.5625,5.0],"tintindex":0,"rotation":0,"texture":"#0"},"west":{"uv":[4.8125,2.25,5.25,2.75],"tintindex":0,"rotation":0,"texture":"#0"},"up":{"uv":[1.0,7.125,0.6875,6.6875],"tintindex":0,"rotation":0,"texture":"#0"},"down":{"uv":[7.0,3.875,6.6875,4.3125],"tintindex":0,"rotation":0,"texture":"#0"}}},{"from":[5.600195,-3.7149096,3.036193],"to":[10.600195,4.2850914,9.036193],"faces":{"east":{"uv":[5.6875,2.4375,6.0625,2.9375],"tintindex":0,"rotation":0,"texture":"#0"},"south":{"uv":[0.375,6.125,0.6875,6.625],"tintindex":0,"rotation":0,"texture":"#0"},"north":{"uv":[5.8125,5.875,6.125,6.375],"tintindex":0,"rotation":0,"texture":"#0"},"west":{"uv":[5.6875,3.0,6.0625,3.5],"tintindex":0,"rotation":0,"texture":"#0"},"up":{"uv":[4.3125,7.1875,4.0,6.8125],"tintindex":0,"rotation":0,"texture":"#0"},"down":{"uv":[7.1875,0.5625,6.875,0.9375],"tintindex":0,"rotation":0,"texture":"#0"}},"rotation":{"origin":[7.7001944,-0.21490955,7.4461927],"angle":22.5,"axis":"x"}}],"display":{"gui":{"rotation":[30,225,0]}}}