{"textures":{"0":"modelengine:entity/nocsy_ganon_bokoblin3"},"elements":[{"from":[5.3453574,4.3528113,-0.47962022],"to":[7.325357,7.332811,1.5003798],"faces":{"east":{"uv":[8.5,0.0,8.625,0.1875],"tintindex":0,"rotation":0,"texture":"#0"},"south":{"uv":[2.0625,8.5,2.1875,8.6875],"tintindex":0,"rotation":0,"texture":"#0"},"north":{"uv":[8.375,8.4375,8.5,8.625],"tintindex":0,"rotation":0,"texture":"#0"},"west":{"uv":[3.0,8.5,3.125,8.6875],"tintindex":0,"rotation":0,"texture":"#0"},"up":{"uv":[8.8125,0.125,8.6875,0.0],"tintindex":0,"rotation":0,"texture":"#0"},"down":{"uv":[0.5,8.6875,0.375,8.8125],"tintindex":0,"rotation":0,"texture":"#0"}}},{"from":[8.645357,4.3528113,-0.47962022],"to":[10.625357,7.332811,1.5003798],"faces":{"east":{"uv":[6.0625,8.4375,6.1875,8.625],"tintindex":0,"rotation":0,"texture":"#0"},"south":{"uv":[8.4375,6.3125,8.5625,6.5],"tintindex":0,"rotation":0,"texture":"#0"},"north":{"uv":[8.4375,5.875,8.5625,6.0625],"tintindex":0,"rotation":0,"texture":"#0"},"west":{"uv":[8.4375,6.5625,8.5625,6.75],"tintindex":0,"rotation":0,"texture":"#0"},"up":{"uv":[8.75,6.625,8.625,6.5],"tintindex":0,"rotation":0,"texture":"#0"},"down":{"uv":[0.125,8.6875,0.0,8.8125],"tintindex":0,"rotation":0,"texture":"#0"}}},{"from":[5.0353575,4.342811,0.9103799],"to":[11.035357,8.342812,9.910379],"faces":{"east":{"uv":[6.375,5.5625,6.9375,5.8125],"tintindex":0,"rotation":0,"texture":"#0"},"south":{"uv":[7.375,3.125,7.75,3.375],"tintindex":0,"rotation":0,"texture":"#0"},"north":{"uv":[3.125,7.375,3.5,7.625],"tintindex":0,"rotation":0,"texture":"#0"},"west":{"uv":[6.5,2.8125,7.0625,3.0625],"tintindex":0,"rotation":0,"texture":"#0"},"up":{"uv":[3.6875,5.6875,3.3125,5.125],"tintindex":0,"rotation":0,"texture":"#0"},"down":{"uv":[0.875,5.1875,0.5,5.75],"tintindex":0,"rotation":0,"texture":"#0"}}}],"display":{"gui":{"rotation":[30,225,0]}}}