{"textures":{"0":"modelengine:entity/nocsy_ganon_bokoblin3"},"elements":[{"from":[5.9100003,-2.1271355,12.161168],"to":[10.79,2.0528643,16.341167],"faces":{"east":{"uv":[6.0625,7.8125,6.3125,8.0625],"tintindex":0,"rotation":0,"texture":"#0"},"south":{"uv":[3.5,7.6875,3.8125,7.9375],"tintindex":0,"rotation":0,"texture":"#0"},"north":{"uv":[7.625,5.625,7.9375,5.875],"tintindex":0,"rotation":0,"texture":"#0"},"west":{"uv":[7.625,7.8125,7.875,8.0625],"tintindex":0,"rotation":0,"texture":"#0"},"up":{"uv":[8.0,7.4375,7.6875,7.1875],"tintindex":0,"rotation":0,"texture":"#0"},"down":{"uv":[7.5625,7.6875,7.25,7.9375],"tintindex":0,"rotation":0,"texture":"#0"}},"rotation":{"origin":[8.44082,3.1157923,11.37526],"angle":45.0,"axis":"x"}},{"from":[5.9,-1.1472378,8.149227],"to":[10.9,7.8527627,14.149227],"faces":{"east":{"uv":[4.75,5.0625,5.125,5.625],"tintindex":0,"rotation":0,"texture":"#0"},"south":{"uv":[3.3125,5.75,3.625,6.3125],"tintindex":0,"rotation":0,"texture":"#0"},"north":{"uv":[3.875,3.0625,4.1875,3.625],"tintindex":0,"rotation":0,"texture":"#0"},"west":{"uv":[1.0625,5.125,1.4375,5.6875],"tintindex":0,"rotation":0,"texture":"#0"},"up":{"uv":[1.75,7.4375,1.4375,7.0625],"tintindex":0,"rotation":0,"texture":"#0"},"down":{"uv":[7.375,3.875,7.0625,4.25],"tintindex":0,"rotation":0,"texture":"#0"}}}],"display":{"gui":{"rotation":[30,225,0]}}}