{"textures":{"0":"modelengine:entity/nocsy_ganon_bokoblin3"},"elements":[{"from":[-5.171627,9.105394,7.2924867],"to":[0.8283739,11.105394,9.292486],"faces":{"east":{"uv":[3.375,8.6875,3.5,8.8125],"tintindex":0,"rotation":0,"texture":"#0"},"south":{"uv":[6.5,3.125,6.875,3.25],"tintindex":0,"rotation":0,"texture":"#0"},"north":{"uv":[5.875,1.375,6.25,1.5],"tintindex":0,"rotation":0,"texture":"#0"},"west":{"uv":[3.5625,8.6875,3.6875,8.8125],"tintindex":0,"rotation":0,"texture":"#0"},"up":{"uv":[8.3125,5.4375,7.9375,5.3125],"tintindex":0,"rotation":0,"texture":"#0"},"down":{"uv":[8.3125,7.8125,7.9375,7.9375],"tintindex":0,"rotation":0,"texture":"#0"}},"rotation":{"origin":[-1.671627,10.205393,8.292486],"angle":-22.5,"axis":"z"}},{"from":[0.22712113,8.242418,7.302487],"to":[5.207121,10.222418,9.282486],"faces":{"east":{"uv":[8.6875,2.9375,8.8125,3.0625],"tintindex":0,"rotation":0,"texture":"#0"},"south":{"uv":[8.0,5.6875,8.3125,5.8125],"tintindex":0,"rotation":0,"texture":"#0"},"north":{"uv":[5.75,2.1875,6.0625,2.3125],"tintindex":0,"rotation":0,"texture":"#0"},"west":{"uv":[8.6875,3.125,8.8125,3.25],"tintindex":0,"rotation":0,"texture":"#0"},"up":{"uv":[8.3125,6.3125,8.0,6.1875],"tintindex":0,"rotation":0,"texture":"#0"},"down":{"uv":[8.3125,6.875,8.0,7.0],"tintindex":0,"rotation":0,"texture":"#0"}}},{"from":[5.0247383,9.265247,7.2924867],"to":[9.024738,11.265247,9.292486],"faces":{"east":{"uv":[3.75,8.6875,3.875,8.8125],"tintindex":0,"rotation":0,"texture":"#0"},"south":{"uv":[8.375,5.3125,8.625,5.4375],"tintindex":0,"rotation":0,"texture":"#0"},"north":{"uv":[8.1875,3.25,8.4375,3.375],"tintindex":0,"rotation":0,"texture":"#0"},"west":{"uv":[8.6875,4.25,8.8125,4.375],"tintindex":0,"rotation":0,"texture":"#0"},"up":{"uv":[8.625,5.8125,8.375,5.6875],"tintindex":0,"rotation":0,"texture":"#0"},"down":{"uv":[8.625,6.125,8.375,6.25],"tintindex":0,"rotation":0,"texture":"#0"}},"rotation":{"origin":[2.5247383,10.265247,8.292486],"angle":-22.5,"axis":"z"}}],"display":{"gui":{"rotation":[30,225,0]}}}