{"textures":{"0":"modelengine:entity/nocsy_ganon_bokoblin3"},"elements":[{"from":[5.923079,0.3833084,4.927486],"to":[9.923079,8.383308,9.927486],"faces":{"east":{"uv":[0.75,6.125,1.0625,6.625],"tintindex":0,"rotation":0,"texture":"#0"},"south":{"uv":[6.8125,0.0,7.0625,0.5],"tintindex":0,"rotation":0,"texture":"#0"},"north":{"uv":[6.75,4.625,7.0,5.125],"tintindex":0,"rotation":0,"texture":"#0"},"west":{"uv":[6.125,2.1875,6.4375,2.6875],"tintindex":0,"rotation":0,"texture":"#0"},"up":{"uv":[2.5,8.0,2.25,7.6875],"tintindex":0,"rotation":0,"texture":"#0"},"down":{"uv":[2.8125,7.6875,2.5625,8.0],"tintindex":0,"rotation":0,"texture":"#0"}}},{"from":[5.223079,-3.4166918,4.717486],"to":[10.22308,2.5833082,10.717485],"faces":{"east":{"uv":[6.4375,0.5625,6.8125,0.9375],"tintindex":0,"rotation":0,"texture":"#0"},"south":{"uv":[6.875,1.25,7.1875,1.625],"tintindex":0,"rotation":0,"texture":"#0"},"north":{"uv":[1.0625,6.875,1.375,7.25],"tintindex":0,"rotation":0,"texture":"#0"},"west":{"uv":[1.125,6.4375,1.5,6.8125],"tintindex":0,"rotation":0,"texture":"#0"},"up":{"uv":[6.125,7.25,5.8125,6.875],"tintindex":0,"rotation":0,"texture":"#0"},"down":{"uv":[6.5,6.875,6.1875,7.25],"tintindex":0,"rotation":0,"texture":"#0"}}}],"display":{"gui":{"rotation":[30,225,0]}}}