{"textures":{"0":"modelengine:entity/nocsy_ganon_bokoblin3"},"elements":[{"from":[3.9097672,-3.875288,3.8631048],"to":[8.909767,4.124712,9.863105],"faces":{"east":{"uv":[3.75,5.6875,4.125,6.1875],"tintindex":0,"rotation":0,"texture":"#0"},"south":{"uv":[4.0625,6.25,4.375,6.75],"tintindex":0,"rotation":0,"texture":"#0"},"north":{"uv":[3.6875,6.25,4.0,6.75],"tintindex":0,"rotation":0,"texture":"#0"},"west":{"uv":[4.1875,5.6875,4.5625,6.1875],"tintindex":0,"rotation":0,"texture":"#0"},"up":{"uv":[2.1875,7.3125,1.875,6.9375],"tintindex":0,"rotation":0,"texture":"#0"},"down":{"uv":[2.5625,6.9375,2.25,7.3125],"tintindex":0,"rotation":0,"texture":"#0"}},"rotation":{"origin":[6.8097672,-0.375288,8.273105],"angle":22.5,"axis":"x"}},{"from":[4.609767,1.7247124,5.123105],"to":[9.609767,9.724712,12.123105],"faces":{"east":{"uv":[0.0,5.0,0.4375,5.5],"tintindex":0,"rotation":0,"texture":"#0"},"south":{"uv":[6.1875,5.875,6.5,6.375],"tintindex":0,"rotation":0,"texture":"#0"},"north":{"uv":[6.125,2.75,6.4375,3.25],"tintindex":0,"rotation":0,"texture":"#0"},"west":{"uv":[5.0,0.0,5.4375,0.5],"tintindex":0,"rotation":0,"texture":"#0"},"up":{"uv":[7.0,6.625,6.6875,6.1875],"tintindex":0,"rotation":0,"texture":"#0"},"down":{"uv":[7.0,6.6875,6.6875,7.125],"tintindex":0,"rotation":0,"texture":"#0"}}}],"display":{"gui":{"rotation":[30,225,0]}}}