{"textures":{"0":"modelengine:entity/nocsy_ganon_bokoblin3"},"elements":[{"from":[5.21,-2.1271355,12.161168],"to":[10.09,2.0528643,16.341167],"faces":{"east":{"uv":[0.25,7.875,0.5,8.125],"tintindex":0,"rotation":0,"texture":"#0"},"south":{"uv":[7.75,1.875,8.0625,2.125],"tintindex":0,"rotation":0,"texture":"#0"},"north":{"uv":[7.6875,7.5,8.0,7.75],"tintindex":0,"rotation":0,"texture":"#0"},"west":{"uv":[0.875,7.875,1.125,8.125],"tintindex":0,"rotation":0,"texture":"#0"},"up":{"uv":[8.0625,2.4375,7.75,2.1875],"tintindex":0,"rotation":0,"texture":"#0"},"down":{"uv":[8.0625,2.5,7.75,2.75],"tintindex":0,"rotation":0,"texture":"#0"}},"rotation":{"origin":[7.5591803,3.1157923,11.37526],"angle":45.0,"axis":"x"}},{"from":[5.1,-1.1472378,8.149227],"to":[10.1,7.8527627,14.149227],"faces":{"east":{"uv":[5.1875,5.0625,5.5625,5.625],"tintindex":0,"rotation":0,"texture":"#0"},"south":{"uv":[1.5625,5.8125,1.875,6.375],"tintindex":0,"rotation":0,"texture":"#0"},"north":{"uv":[1.1875,5.8125,1.5,6.375],"tintindex":0,"rotation":0,"texture":"#0"},"west":{"uv":[5.25,0.5625,5.625,1.125],"tintindex":0,"rotation":0,"texture":"#0"},"up":{"uv":[7.375,5.0,7.0625,4.625],"tintindex":0,"rotation":0,"texture":"#0"},"down":{"uv":[7.375,6.1875,7.0625,6.5625],"tintindex":0,"rotation":0,"texture":"#0"}}}],"display":{"gui":{"rotation":[30,225,0]}}}