{"textures":{"0":"modelengine:entity/nocsy_ganon_bokoblin3"},"elements":[{"from":[5.958809,-2.5250149,5.131432],"to":[10.958809,3.4749851,11.131432],"faces":{"east":{"uv":[5.8125,6.4375,6.1875,6.8125],"tintindex":0,"rotation":0,"texture":"#0"},"south":{"uv":[3.0,6.9375,3.3125,7.3125],"tintindex":0,"rotation":0,"texture":"#0"},"north":{"uv":[2.625,6.9375,2.9375,7.3125],"tintindex":0,"rotation":0,"texture":"#0"},"west":{"uv":[6.25,6.4375,6.625,6.8125],"tintindex":0,"rotation":0,"texture":"#0"},"up":{"uv":[7.3125,3.5,7.0,3.125],"tintindex":0,"rotation":0,"texture":"#0"},"down":{"uv":[7.3125,5.1875,7.0,5.5625],"tintindex":0,"rotation":0,"texture":"#0"}}},{"from":[6.2588086,1.2749848,5.341432],"to":[10.258808,9.274984,10.341433],"faces":{"east":{"uv":[6.3125,3.875,6.625,4.375],"tintindex":0,"rotation":0,"texture":"#0"},"south":{"uv":[3.6875,6.8125,3.9375,7.3125],"tintindex":0,"rotation":0,"texture":"#0"},"north":{"uv":[6.8125,2.0,7.0625,2.5],"tintindex":0,"rotation":0,"texture":"#0"},"west":{"uv":[1.9375,6.375,2.25,6.875],"tintindex":0,"rotation":0,"texture":"#0"},"up":{"uv":[3.125,8.0,2.875,7.6875],"tintindex":0,"rotation":0,"texture":"#0"},"down":{"uv":[3.4375,7.6875,3.1875,8.0],"tintindex":0,"rotation":0,"texture":"#0"}}}],"display":{"gui":{"rotation":[30,225,0]}}}