{"textures":{"0":"modelengine:entity/nocsy_ganon_bokoblin3"},"elements":[{"from":[5.5702395,4.347197,2.2863278],"to":[11.570239,8.347197,11.286328],"faces":{"east":{"uv":[6.5,3.5625,7.0625,3.8125],"tintindex":0,"rotation":0,"texture":"#0"},"south":{"uv":[7.4375,4.625,7.8125,4.875],"tintindex":0,"rotation":0,"texture":"#0"},"north":{"uv":[7.4375,3.875,7.8125,4.125],"tintindex":0,"rotation":0,"texture":"#0"},"west":{"uv":[6.5625,5.875,7.125,6.125],"tintindex":0,"rotation":0,"texture":"#0"},"up":{"uv":[5.625,1.75,5.25,1.1875],"tintindex":0,"rotation":0,"texture":"#0"},"down":{"uv":[5.6875,1.8125,5.3125,2.375],"tintindex":0,"rotation":0,"texture":"#0"}}},{"from":[5.98024,4.3571973,0.89632773],"to":[7.9602394,7.337197,2.8763278],"faces":{"east":{"uv":[3.1875,8.5,3.3125,8.6875],"tintindex":0,"rotation":0,"texture":"#0"},"south":{"uv":[4.0,8.5,4.125,8.6875],"tintindex":0,"rotation":0,"texture":"#0"},"north":{"uv":[8.5,3.125,8.625,3.3125],"tintindex":0,"rotation":0,"texture":"#0"},"west":{"uv":[4.1875,8.5,4.3125,8.6875],"tintindex":0,"rotation":0,"texture":"#0"},"up":{"uv":[0.6875,8.8125,0.5625,8.6875],"tintindex":0,"rotation":0,"texture":"#0"},"down":{"uv":[8.8125,1.1875,8.6875,1.3125],"tintindex":0,"rotation":0,"texture":"#0"}}},{"from":[9.28024,4.3571973,0.89632773],"to":[11.26024,7.337197,2.8763278],"faces":{"east":{"uv":[4.5625,8.5,4.6875,8.6875],"tintindex":0,"rotation":0,"texture":"#0"},"south":{"uv":[8.5,4.6875,8.625,4.875],"tintindex":0,"rotation":0,"texture":"#0"},"north":{"uv":[4.375,8.5,4.5,8.6875],"tintindex":0,"rotation":0,"texture":"#0"},"west":{"uv":[4.75,8.5,4.875,8.6875],"tintindex":0,"rotation":0,"texture":"#0"},"up":{"uv":[8.8125,1.5,8.6875,1.375],"tintindex":0,"rotation":0,"texture":"#0"},"down":{"uv":[8.8125,2.75,8.6875,2.875],"tintindex":0,"rotation":0,"texture":"#0"}}}],"display":{"gui":{"rotation":[30,225,0]}}}