{"textures":{"0":"modelengine:entity/nocsy_ganon_bokoblin3"},"elements":[{"from":[15.171626,9.105394,7.2924867],"to":[21.171627,11.105394,9.292486],"faces":{"east":{"uv":[8.6875,4.8125,8.8125,4.9375],"tintindex":0,"rotation":0,"texture":"#0"},"south":{"uv":[8.0,2.8125,8.375,2.9375],"tintindex":0,"rotation":0,"texture":"#0"},"north":{"uv":[1.1875,8.0,1.5625,8.125],"tintindex":0,"rotation":0,"texture":"#0"},"west":{"uv":[8.6875,5.0,8.8125,5.125],"tintindex":0,"rotation":0,"texture":"#0"},"up":{"uv":[8.375,4.5,8.0,4.375],"tintindex":0,"rotation":0,"texture":"#0"},"down":{"uv":[8.375,5.5,8.0,5.625],"tintindex":0,"rotation":0,"texture":"#0"}},"rotation":{"origin":[17.671627,10.205393,8.292486],"angle":22.5,"axis":"z"}},{"from":[6.9752617,9.265247,7.2924867],"to":[10.975262,11.265247,9.292486],"faces":{"east":{"uv":[8.6875,5.3125,8.8125,5.4375],"tintindex":0,"rotation":0,"texture":"#0"},"south":{"uv":[8.4375,0.25,8.6875,0.375],"tintindex":0,"rotation":0,"texture":"#0"},"north":{"uv":[8.375,6.8125,8.625,6.9375],"tintindex":0,"rotation":0,"texture":"#0"},"west":{"uv":[8.6875,5.625,8.8125,5.75],"tintindex":0,"rotation":0,"texture":"#0"},"up":{"uv":[8.6875,0.5625,8.4375,0.4375],"tintindex":0,"rotation":0,"texture":"#0"},"down":{"uv":[8.6875,0.625,8.4375,0.75],"tintindex":0,"rotation":0,"texture":"#0"}},"rotation":{"origin":[13.475262,10.265247,8.292486],"angle":22.5,"axis":"z"}},{"from":[10.792879,8.242418,7.302487],"to":[15.772879,10.222418,9.282486],"faces":{"east":{"uv":[8.6875,4.4375,8.8125,4.5625],"tintindex":0,"rotation":0,"texture":"#0"},"south":{"uv":[8.0625,3.4375,8.375,3.5625],"tintindex":0,"rotation":0,"texture":"#0"},"north":{"uv":[3.0,8.0625,3.3125,8.1875],"tintindex":0,"rotation":0,"texture":"#0"},"west":{"uv":[8.6875,4.625,8.8125,4.75],"tintindex":0,"rotation":0,"texture":"#0"},"up":{"uv":[4.3125,8.1875,4.0,8.0625],"tintindex":0,"rotation":0,"texture":"#0"},"down":{"uv":[4.6875,8.0625,4.375,8.1875],"tintindex":0,"rotation":0,"texture":"#0"}}}],"display":{"gui":{"rotation":[30,225,0]}}}