{"textures":{"0":"modelengine:entity/nocsy_ganondorf"},"elements":[{"from":[-3.7099998,4.571013,10.619118],"to":[19.31,8.591013,10.639118],"faces":{"south":{"uv":[0.0,4.625,1.4375,4.875],"tintindex":0,"rotation":0,"texture":"#0"},"north":{"uv":[4.5,1.5625,5.9375,1.8125],"tintindex":0,"rotation":0,"texture":"#0"}},"rotation":{"origin":[9.0,1.4810133,10.529118],"angle":-22.5,"axis":"x"}}],"display":{"gui":{"rotation":[30,225,0]}}}