{"textures":{"0":"modelengine:entity/nocsy_ganondorf"},"elements":[{"from":[5.5990405,1.7274593,4.9500003],"to":[10.79904,7.927461,11.150001],"faces":{"east":{"uv":[6.4375,6.875,6.8125,7.25],"tintindex":0,"rotation":0,"texture":"#0"},"south":{"uv":[6.3125,7.3125,6.625,7.6875],"tintindex":0,"rotation":0,"texture":"#0"},"north":{"uv":[7.3125,5.4375,7.625,5.8125],"tintindex":0,"rotation":0,"texture":"#0"},"west":{"uv":[6.875,6.875,7.25,7.25],"tintindex":0,"rotation":0,"texture":"#0"},"up":{"uv":[7.0,7.6875,6.6875,7.3125],"tintindex":0,"rotation":0,"texture":"#0"},"down":{"uv":[7.625,6.6875,7.3125,7.0625],"tintindex":0,"rotation":0,"texture":"#0"}}}],"display":{"gui":{"rotation":[30,225,0]}}}