{"textures":{"0":"modelengine:entity/nocsy_ganondorf"},"elements":[{"from":[5.4012237,6.5284224,4.0618567],"to":[11.401224,8.528421,10.061857],"faces":{"east":{"uv":[8.625,4.0625,9.0,4.1875],"tintindex":0,"rotation":0,"texture":"#0"},"south":{"uv":[8.625,4.25,9.0,4.375],"tintindex":0,"rotation":0,"texture":"#0"},"north":{"uv":[8.625,3.875,9.0,4.0],"tintindex":0,"rotation":0,"texture":"#0"},"west":{"uv":[4.375,8.625,4.75,8.75],"tintindex":0,"rotation":0,"texture":"#0"},"up":{"uv":[5.375,7.25,5.0,6.875],"tintindex":0,"rotation":0,"texture":"#0"},"down":{"uv":[5.8125,6.875,5.4375,7.25],"tintindex":0,"rotation":0,"texture":"#0"}}},{"from":[5.411224,5.102577,1.0336106],"to":[11.391224,7.182577,5.0136104],"faces":{"east":{"uv":[8.875,5.6875,9.125,5.8125],"tintindex":0,"rotation":0,"texture":"#0"},"south":{"uv":[8.625,7.5625,9.0,7.6875],"tintindex":0,"rotation":0,"texture":"#0"},"north":{"uv":[6.375,8.625,6.75,8.75],"tintindex":0,"rotation":0,"texture":"#0"},"west":{"uv":[2.5625,8.9375,2.8125,9.0625],"tintindex":0,"rotation":0,"texture":"#0"},"up":{"uv":[2.5,8.125,2.125,7.875],"tintindex":0,"rotation":0,"texture":"#0"},"down":{"uv":[2.9375,7.875,2.5625,8.125],"tintindex":0,"rotation":0,"texture":"#0"}},"rotation":{"origin":[8.101258,6.9189405,2.7403288],"angle":-22.5,"axis":"x"}},{"from":[5.4012237,3.5284219,1.0618572],"to":[11.401224,6.5284224,10.061857],"faces":{"east":{"uv":[1.125,7.75,1.6875,7.9375],"tintindex":0,"rotation":0,"texture":"#0"},"south":{"uv":[5.25,8.4375,5.625,8.625],"tintindex":0,"rotation":0,"texture":"#0"},"north":{"uv":[8.4375,5.125,8.8125,5.3125],"tintindex":0,"rotation":0,"texture":"#0"},"west":{"uv":[7.75,1.5,8.3125,1.6875],"tintindex":0,"rotation":0,"texture":"#0"},"up":{"uv":[1.6875,6.875,1.3125,6.3125],"tintindex":0,"rotation":0,"texture":"#0"},"down":{"uv":[6.8125,1.6875,6.4375,2.25],"tintindex":0,"rotation":0,"texture":"#0"}}}],"display":{"gui":{"rotation":[30,225,0]}}}