{"textures":{"0":"modelengine:entity/nocsy_ganondorf"},"elements":[{"from":[3.5107489,10.9527855,6.4763703],"to":[4.510749,11.9527855,7.4763703],"faces":{"east":{"uv":[5.125,9.375,5.1875,9.4375],"tintindex":0,"rotation":0,"texture":"#0"},"south":{"uv":[5.5,9.375,5.5625,9.4375],"tintindex":0,"rotation":0,"texture":"#0"},"north":{"uv":[4.4375,9.375,4.5,9.4375],"tintindex":0,"rotation":0,"texture":"#0"},"west":{"uv":[6.25,9.375,6.3125,9.4375],"tintindex":0,"rotation":0,"texture":"#0"},"up":{"uv":[6.4375,9.4375,6.375,9.375],"tintindex":0,"rotation":0,"texture":"#0"},"down":{"uv":[6.5625,9.375,6.5,9.4375],"tintindex":0,"rotation":0,"texture":"#0"}},"rotation":{"origin":[3.6500006,9.399998,8.5],"angle":-45.0,"axis":"x"}},{"from":[1.1500006,8.899998,5.5],"to":[6.15,9.899998,11.5],"faces":{"east":{"uv":[9.0625,4.3125,9.4375,4.375],"tintindex":0,"rotation":0,"texture":"#0"},"south":{"uv":[9.125,4.9375,9.4375,5.0],"tintindex":0,"rotation":0,"texture":"#0"},"north":{"uv":[1.75,6.3125,2.0625,6.375],"tintindex":0,"rotation":0,"texture":"#0"},"west":{"uv":[9.0625,6.0625,9.4375,6.125],"tintindex":0,"rotation":0,"texture":"#0"},"up":{"uv":[5.125,7.6875,4.8125,7.3125],"tintindex":0,"rotation":0,"texture":"#0"},"down":{"uv":[5.5,7.3125,5.1875,7.6875],"tintindex":0,"rotation":0,"texture":"#0"}}},{"from":[2.5231705,9.189793,8.293428],"to":[3.5231705,10.189793,9.293428],"faces":{"east":{"uv":[9.375,2.8125,9.4375,2.875],"tintindex":0,"rotation":0,"texture":"#0"},"south":{"uv":[2.9375,9.375,3.0,9.4375],"tintindex":0,"rotation":0,"texture":"#0"},"north":{"uv":[2.8125,9.375,2.875,9.4375],"tintindex":0,"rotation":0,"texture":"#0"},"west":{"uv":[9.375,2.9375,9.4375,3.0],"tintindex":0,"rotation":0,"texture":"#0"},"up":{"uv":[9.4375,3.125,9.375,3.0625],"tintindex":0,"rotation":0,"texture":"#0"},"down":{"uv":[4.375,9.375,4.3125,9.4375],"tintindex":0,"rotation":0,"texture":"#0"}},"rotation":{"origin":[3.6500006,9.399998,8.5],"angle":-45.0,"axis":"x"}},{"from":[1.1600006,9.709997,10.535],"to":[6.14,10.689997,12.514999],"faces":{"east":{"uv":[9.3125,3.375,9.4375,3.4375],"tintindex":0,"rotation":0,"texture":"#0"},"south":{"uv":[9.125,5.1875,9.4375,5.25],"tintindex":0,"rotation":0,"texture":"#0"},"north":{"uv":[9.125,5.0625,9.4375,5.125],"tintindex":0,"rotation":0,"texture":"#0"},"west":{"uv":[3.4375,9.3125,3.5625,9.375],"tintindex":0,"rotation":0,"texture":"#0"},"up":{"uv":[0.9375,8.875,0.625,8.75],"tintindex":0,"rotation":0,"texture":"#0"},"down":{"uv":[9.0625,1.0,8.75,1.125],"tintindex":0,"rotation":0,"texture":"#0"}},"rotation":{"origin":[5.9,7.8999977,9.0],"angle":22.5,"axis":"x"}},{"from":[3.4355917,7.4268,10.110487],"to":[4.4355917,8.4268,11.110487],"faces":{"east":{"uv":[7.1875,9.375,7.25,9.4375],"tintindex":0,"rotation":0,"texture":"#0"},"south":{"uv":[7.3125,9.375,7.375,9.4375],"tintindex":0,"rotation":0,"texture":"#0"},"north":{"uv":[7.0625,9.375,7.125,9.4375],"tintindex":0,"rotation":0,"texture":"#0"},"west":{"uv":[7.6875,9.375,7.75,9.4375],"tintindex":0,"rotation":0,"texture":"#0"},"up":{"uv":[7.875,9.4375,7.8125,9.375],"tintindex":0,"rotation":0,"texture":"#0"},"down":{"uv":[8.0,9.375,7.9375,9.4375],"tintindex":0,"rotation":0,"texture":"#0"}},"rotation":{"origin":[3.6500006,9.399998,8.5],"angle":-45.0,"axis":"x"}},{"from":[1.9599998,3.709997,5.01],"to":[7.94,7.6899967,11.99],"faces":{"east":{"uv":[8.125,3.0,7.6875,3.25],"tintindex":0,"rotation":0,"texture":"#0"},"south":{"uv":[3.8125,7.9375,3.4375,8.1875],"tintindex":0,"rotation":0,"texture":"#0"},"north":{"uv":[8.3125,2.375,7.9375,2.625],"tintindex":0,"rotation":0,"texture":"#0"},"west":{"uv":[8.125,2.6875,7.6875,2.9375],"tintindex":0,"rotation":0,"texture":"#0"},"up":{"uv":[6.625,2.75,7.0,2.3125],"tintindex":0,"rotation":0,"texture":"#0"},"down":{"uv":[0.0,6.6875,0.375,7.125],"tintindex":0,"rotation":0,"texture":"#0"}},"rotation":{"origin":[7.0,6.699997,8.0],"angle":-22.5,"axis":"z"}},{"from":[1.1600006,7.584997,3.2099998],"to":[6.14,8.564997,5.1899996],"faces":{"east":{"uv":[9.3125,3.5,9.4375,3.5625],"tintindex":0,"rotation":0,"texture":"#0"},"south":{"uv":[9.125,5.4375,9.4375,5.5],"tintindex":0,"rotation":0,"texture":"#0"},"north":{"uv":[9.125,5.3125,9.4375,5.375],"tintindex":0,"rotation":0,"texture":"#0"},"west":{"uv":[4.125,9.3125,4.25,9.375],"tintindex":0,"rotation":0,"texture":"#0"},"up":{"uv":[9.0625,1.3125,8.75,1.1875],"tintindex":0,"rotation":0,"texture":"#0"},"down":{"uv":[9.0625,1.375,8.75,1.5],"tintindex":0,"rotation":0,"texture":"#0"}},"rotation":{"origin":[4.6500006,10.049999,2.0],"angle":-22.5,"axis":"x"}}],"display":{"gui":{"rotation":[30,225,0]}}}