{"textures":{"0":"modelengine:entity/nocsy_ganondorf"},"elements":[{"from":[4.7437363,4.665844,5.4071236],"to":[6.723736,8.6458435,10.387123],"faces":{"east":{"uv":[8.375,4.8125,8.6875,5.0625],"tintindex":0,"rotation":0,"texture":"#0"},"south":{"uv":[0.25,8.9375,0.375,9.1875],"tintindex":0,"rotation":0,"texture":"#0"},"north":{"uv":[6.875,8.875,7.0,9.125],"tintindex":0,"rotation":0,"texture":"#0"},"west":{"uv":[4.875,8.375,5.1875,8.625],"tintindex":0,"rotation":0,"texture":"#0"},"up":{"uv":[0.5625,8.9375,0.4375,8.625],"tintindex":0,"rotation":0,"texture":"#0"},"down":{"uv":[5.5625,8.6875,5.4375,9.0],"tintindex":0,"rotation":0,"texture":"#0"}},"rotation":{"origin":[7.1143603,5.8246536,8.3797035],"angle":-22.5,"axis":"z"}},{"from":[3.741685,-1.714571,5.5605106],"to":[9.741685,3.285429,10.560511],"faces":{"east":{"uv":[6.0625,7.75,6.375,8.0625],"tintindex":0,"rotation":0,"texture":"#0"},"south":{"uv":[7.25,6.3125,7.625,6.625],"tintindex":0,"rotation":0,"texture":"#0"},"north":{"uv":[7.25,5.9375,7.625,6.25],"tintindex":0,"rotation":0,"texture":"#0"},"west":{"uv":[6.4375,7.75,6.75,8.0625],"tintindex":0,"rotation":0,"texture":"#0"},"up":{"uv":[7.6875,1.8125,7.3125,1.5],"tintindex":0,"rotation":0,"texture":"#0"},"down":{"uv":[7.6875,3.3125,7.3125,3.625],"tintindex":0,"rotation":0,"texture":"#0"}}},{"from":[4.580382,2.1919262,5.6971235],"to":[9.180383,5.7919264,10.297124],"faces":{"east":{"uv":[8.375,2.0,8.6875,2.25],"tintindex":0,"rotation":0,"texture":"#0"},"south":{"uv":[8.375,2.3125,8.6875,2.5625],"tintindex":0,"rotation":0,"texture":"#0"},"north":{"uv":[1.5625,8.375,1.875,8.625],"tintindex":0,"rotation":0,"texture":"#0"},"west":{"uv":[3.8125,8.375,4.125,8.625],"tintindex":0,"rotation":0,"texture":"#0"},"up":{"uv":[7.6875,8.0625,7.375,7.75],"tintindex":0,"rotation":0,"texture":"#0"},"down":{"uv":[8.0625,7.75,7.75,8.0625],"tintindex":0,"rotation":0,"texture":"#0"}}},{"from":[4.733736,4.6558437,5.3971233],"to":[9.733736,6.6558437,10.397123],"faces":{"east":{"uv":[0.0,8.75,0.3125,8.875],"tintindex":0,"rotation":0,"texture":"#0"},"south":{"uv":[8.75,0.0,9.0625,0.125],"tintindex":0,"rotation":0,"texture":"#0"},"north":{"uv":[8.6875,8.5625,9.0,8.6875],"tintindex":0,"rotation":0,"texture":"#0"},"west":{"uv":[8.75,0.1875,9.0625,0.3125],"tintindex":0,"rotation":0,"texture":"#0"},"up":{"uv":[8.125,0.3125,7.8125,0.0],"tintindex":0,"rotation":0,"texture":"#0"},"down":{"uv":[8.125,0.375,7.8125,0.6875],"tintindex":0,"rotation":0,"texture":"#0"}},"rotation":{"origin":[7.1143603,5.8246536,8.3797035],"angle":-22.5,"axis":"z"}}],"display":{"gui":{"rotation":[30,225,0]}}}