{"textures":{"0":"modelengine:entity/nocsy_ganondorf"},"elements":[{"from":[4.5987763,6.5284224,4.0618567],"to":[10.598776,8.528421,10.061857],"faces":{"east":{"uv":[6.5625,3.875,6.9375,4.0],"tintindex":0,"rotation":0,"texture":"#0"},"south":{"uv":[8.5625,7.0,8.9375,7.125],"tintindex":0,"rotation":0,"texture":"#0"},"north":{"uv":[6.0,1.6875,6.375,1.8125],"tintindex":0,"rotation":0,"texture":"#0"},"west":{"uv":[8.5625,7.1875,8.9375,7.3125],"tintindex":0,"rotation":0,"texture":"#0"},"up":{"uv":[6.375,7.125,6.0,6.75],"tintindex":0,"rotation":0,"texture":"#0"},"down":{"uv":[4.5,6.8125,4.125,7.1875],"tintindex":0,"rotation":0,"texture":"#0"}}},{"from":[4.6087766,5.102577,1.0336106],"to":[10.588776,7.182577,5.0136104],"faces":{"east":{"uv":[7.0,5.4375,7.25,5.5625],"tintindex":0,"rotation":0,"texture":"#0"},"south":{"uv":[8.625,3.25,9.0,3.375],"tintindex":0,"rotation":0,"texture":"#0"},"north":{"uv":[8.5625,7.375,8.9375,7.5],"tintindex":0,"rotation":0,"texture":"#0"},"west":{"uv":[7.6875,6.9375,7.9375,7.0625],"tintindex":0,"rotation":0,"texture":"#0"},"up":{"uv":[8.1875,2.0,7.8125,1.75],"tintindex":0,"rotation":0,"texture":"#0"},"down":{"uv":[8.25,0.75,7.875,1.0],"tintindex":0,"rotation":0,"texture":"#0"}},"rotation":{"origin":[7.8987417,6.9189405,2.7403288],"angle":-22.5,"axis":"x"}},{"from":[4.5987763,3.5284219,1.0618572],"to":[10.598776,6.5284224,10.061857],"faces":{"east":{"uv":[7.4375,4.0625,8.0,4.25],"tintindex":0,"rotation":0,"texture":"#0"},"south":{"uv":[8.4375,3.0,8.8125,3.1875],"tintindex":0,"rotation":0,"texture":"#0"},"north":{"uv":[2.8125,8.4375,3.1875,8.625],"tintindex":0,"rotation":0,"texture":"#0"},"west":{"uv":[7.625,1.25,8.1875,1.4375],"tintindex":0,"rotation":0,"texture":"#0"},"up":{"uv":[4.625,6.75,4.25,6.1875],"tintindex":0,"rotation":0,"texture":"#0"},"down":{"uv":[6.625,2.9375,6.25,3.5],"tintindex":0,"rotation":0,"texture":"#0"}}}],"display":{"gui":{"rotation":[30,225,0]}}}