{"textures":{"0":"modelengine:entity/nocsy_ganondorf"},"elements":[{"from":[11.564408,7.4268,10.110487],"to":[12.564408,8.4268,11.110487],"faces":{"east":{"uv":[2.4375,9.4375,2.5,9.5],"tintindex":0,"rotation":0,"texture":"#0"},"south":{"uv":[2.5625,9.4375,2.625,9.5],"tintindex":0,"rotation":0,"texture":"#0"},"north":{"uv":[2.0,9.4375,2.0625,9.5],"tintindex":0,"rotation":0,"texture":"#0"},"west":{"uv":[2.6875,9.4375,2.75,9.5],"tintindex":0,"rotation":0,"texture":"#0"},"up":{"uv":[3.3125,9.5,3.25,9.4375],"tintindex":0,"rotation":0,"texture":"#0"},"down":{"uv":[3.4375,9.4375,3.375,9.5],"tintindex":0,"rotation":0,"texture":"#0"}},"rotation":{"origin":[12.349999,9.399998,8.5],"angle":-45.0,"axis":"x"}},{"from":[9.860001,7.584997,3.2099998],"to":[14.839999,8.564997,5.1899996],"faces":{"east":{"uv":[4.5625,9.3125,4.6875,9.375],"tintindex":0,"rotation":0,"texture":"#0"},"south":{"uv":[9.125,8.75,9.4375,8.8125],"tintindex":0,"rotation":0,"texture":"#0"},"north":{"uv":[8.5625,9.125,8.875,9.1875],"tintindex":0,"rotation":0,"texture":"#0"},"west":{"uv":[9.3125,4.5625,9.4375,4.625],"tintindex":0,"rotation":0,"texture":"#0"},"up":{"uv":[9.0625,2.25,8.75,2.125],"tintindex":0,"rotation":0,"texture":"#0"},"down":{"uv":[9.0625,2.3125,8.75,2.4375],"tintindex":0,"rotation":0,"texture":"#0"}},"rotation":{"origin":[11.349999,10.049999,2.0],"angle":-22.5,"axis":"x"}},{"from":[9.85,8.899998,5.5],"to":[14.849999,9.899998,11.5],"faces":{"east":{"uv":[9.0625,8.375,9.4375,8.4375],"tintindex":0,"rotation":0,"texture":"#0"},"south":{"uv":[7.0625,9.125,7.375,9.1875],"tintindex":0,"rotation":0,"texture":"#0"},"north":{"uv":[9.125,5.5625,9.4375,5.625],"tintindex":0,"rotation":0,"texture":"#0"},"west":{"uv":[9.0625,8.5,9.4375,8.5625],"tintindex":0,"rotation":0,"texture":"#0"},"up":{"uv":[2.4375,7.75,2.125,7.375],"tintindex":0,"rotation":0,"texture":"#0"},"down":{"uv":[7.6875,4.3125,7.375,4.6875],"tintindex":0,"rotation":0,"texture":"#0"}}},{"from":[11.489251,10.9527855,6.4763703],"to":[12.489251,11.9527855,7.4763703],"faces":{"east":{"uv":[9.375,9.375,9.4375,9.4375],"tintindex":0,"rotation":0,"texture":"#0"},"south":{"uv":[9.4375,0.875,9.5,0.9375],"tintindex":0,"rotation":0,"texture":"#0"},"north":{"uv":[9.375,9.25,9.4375,9.3125],"tintindex":0,"rotation":0,"texture":"#0"},"west":{"uv":[1.625,9.4375,1.6875,9.5],"tintindex":0,"rotation":0,"texture":"#0"},"up":{"uv":[1.8125,9.5,1.75,9.4375],"tintindex":0,"rotation":0,"texture":"#0"},"down":{"uv":[1.9375,9.4375,1.875,9.5],"tintindex":0,"rotation":0,"texture":"#0"}},"rotation":{"origin":[12.349999,9.399998,8.5],"angle":-45.0,"axis":"x"}},{"from":[12.47683,9.189793,8.293428],"to":[13.47683,10.189793,9.293428],"faces":{"east":{"uv":[8.1875,9.375,8.25,9.4375],"tintindex":0,"rotation":0,"texture":"#0"},"south":{"uv":[8.3125,9.375,8.375,9.4375],"tintindex":0,"rotation":0,"texture":"#0"},"north":{"uv":[8.0625,9.375,8.125,9.4375],"tintindex":0,"rotation":0,"texture":"#0"},"west":{"uv":[8.4375,9.375,8.5,9.4375],"tintindex":0,"rotation":0,"texture":"#0"},"up":{"uv":[8.625,9.4375,8.5625,9.375],"tintindex":0,"rotation":0,"texture":"#0"},"down":{"uv":[8.75,9.375,8.6875,9.4375],"tintindex":0,"rotation":0,"texture":"#0"}},"rotation":{"origin":[12.349999,9.399998,8.5],"angle":-45.0,"axis":"x"}},{"from":[9.860001,9.709997,10.535],"to":[14.839999,10.689997,12.514999],"faces":{"east":{"uv":[9.3125,4.125,9.4375,4.1875],"tintindex":0,"rotation":0,"texture":"#0"},"south":{"uv":[8.1875,9.125,8.5,9.1875],"tintindex":0,"rotation":0,"texture":"#0"},"north":{"uv":[7.8125,9.125,8.125,9.1875],"tintindex":0,"rotation":0,"texture":"#0"},"west":{"uv":[9.3125,4.4375,9.4375,4.5],"tintindex":0,"rotation":0,"texture":"#0"},"up":{"uv":[9.0625,1.875,8.75,1.75],"tintindex":0,"rotation":0,"texture":"#0"},"down":{"uv":[9.0625,1.9375,8.75,2.0625],"tintindex":0,"rotation":0,"texture":"#0"}},"rotation":{"origin":[10.1,7.8999977,9.0],"angle":22.5,"axis":"x"}},{"from":[8.059999,3.709997,5.01],"to":[14.04,7.6899967,11.99],"faces":{"east":{"uv":[7.6875,2.6875,8.125,2.9375],"tintindex":0,"rotation":0,"texture":"#0"},"south":{"uv":[3.4375,7.9375,3.8125,8.1875],"tintindex":0,"rotation":0,"texture":"#0"},"north":{"uv":[7.9375,2.375,8.3125,2.625],"tintindex":0,"rotation":0,"texture":"#0"},"west":{"uv":[7.6875,3.0,8.125,3.25],"tintindex":0,"rotation":0,"texture":"#0"},"up":{"uv":[7.0,2.75,6.625,2.3125],"tintindex":0,"rotation":0,"texture":"#0"},"down":{"uv":[0.375,6.6875,0.0,7.125],"tintindex":0,"rotation":0,"texture":"#0"}},"rotation":{"origin":[9.0,6.699997,8.0],"angle":22.5,"axis":"z"}}],"display":{"gui":{"rotation":[30,225,0]}}}