{"textures":{"0":"modelengine:entity/nocsy_ganondorf"},"elements":[{"from":[9.276264,4.665844,5.4071236],"to":[11.256264,8.6458435,10.387123],"faces":{"east":{"uv":[8.3125,4.5,8.625,4.75],"tintindex":0,"rotation":0,"texture":"#0"},"south":{"uv":[4.625,8.8125,4.75,9.0625],"tintindex":0,"rotation":0,"texture":"#0"},"north":{"uv":[1.4375,2.8125,1.5625,3.0625],"tintindex":0,"rotation":0,"texture":"#0"},"west":{"uv":[8.375,1.3125,8.6875,1.5625],"tintindex":0,"rotation":0,"texture":"#0"},"up":{"uv":[7.0,2.25,6.875,1.9375],"tintindex":0,"rotation":0,"texture":"#0"},"down":{"uv":[2.75,6.9375,2.625,7.25],"tintindex":0,"rotation":0,"texture":"#0"}},"rotation":{"origin":[8.885639,5.8246536,8.3797035],"angle":22.5,"axis":"z"}},{"from":[6.266264,4.6558437,5.3971233],"to":[11.266264,6.6558437,10.397123],"faces":{"east":{"uv":[7.875,1.0625,8.1875,1.1875],"tintindex":0,"rotation":0,"texture":"#0"},"south":{"uv":[8.6875,3.6875,9.0,3.8125],"tintindex":0,"rotation":0,"texture":"#0"},"north":{"uv":[1.125,4.9375,1.4375,5.0625],"tintindex":0,"rotation":0,"texture":"#0"},"west":{"uv":[8.6875,8.375,9.0,8.5],"tintindex":0,"rotation":0,"texture":"#0"},"up":{"uv":[5.0625,8.0625,4.75,7.75],"tintindex":0,"rotation":0,"texture":"#0"},"down":{"uv":[5.4375,7.75,5.125,8.0625],"tintindex":0,"rotation":0,"texture":"#0"}},"rotation":{"origin":[8.885639,5.8246536,8.3797035],"angle":22.5,"axis":"z"}},{"from":[6.258315,-1.714571,5.5605106],"to":[12.258315,3.285429,10.560511],"faces":{"east":{"uv":[1.75,7.75,2.0625,8.0625],"tintindex":0,"rotation":0,"texture":"#0"},"south":{"uv":[5.875,7.1875,6.25,7.5],"tintindex":0,"rotation":0,"texture":"#0"},"north":{"uv":[0.0,7.1875,0.375,7.5],"tintindex":0,"rotation":0,"texture":"#0"},"west":{"uv":[7.75,3.3125,8.0625,3.625],"tintindex":0,"rotation":0,"texture":"#0"},"up":{"uv":[7.625,3.25,7.25,2.9375],"tintindex":0,"rotation":0,"texture":"#0"},"down":{"uv":[4.375,7.25,4.0,7.5625],"tintindex":0,"rotation":0,"texture":"#0"}}},{"from":[6.8196177,2.1919262,5.6971235],"to":[11.419618,5.7919264,10.297124],"faces":{"east":{"uv":[8.3125,0.75,8.625,1.0],"tintindex":0,"rotation":0,"texture":"#0"},"south":{"uv":[1.1875,8.3125,1.5,8.5625],"tintindex":0,"rotation":0,"texture":"#0"},"north":{"uv":[6.6875,8.25,7.0,8.5],"tintindex":0,"rotation":0,"texture":"#0"},"west":{"uv":[8.3125,3.5625,8.625,3.8125],"tintindex":0,"rotation":0,"texture":"#0"},"up":{"uv":[8.0625,4.625,7.75,4.3125],"tintindex":0,"rotation":0,"texture":"#0"},"down":{"uv":[4.6875,7.75,4.375,8.0625],"tintindex":0,"rotation":0,"texture":"#0"}}}],"display":{"gui":{"rotation":[30,225,0]}}}