{"textures":{"0":"modelengine:entity/grossgator"},"elements":[{"from":[8.0,14.83333,8.0],"to":[8.0,20.83333,26.0],"faces":{"east":{"uv":[0.5,7.25,1.625,7.625],"tintindex":0,"rotation":0,"texture":"#0"},"west":{"uv":[7.25,3.4375,8.375,3.8125],"tintindex":0,"rotation":0,"texture":"#0"}}},{"from":[-0.8999996,14.83333,8.0],"to":[-0.8999996,19.83333,26.0],"faces":{"east":{"uv":[7.6875,0.4375,8.8125,0.75],"tintindex":0,"rotation":0,"texture":"#0"},"west":{"uv":[7.6875,4.5625,8.8125,4.875],"tintindex":0,"rotation":0,"texture":"#0"}},"rotation":{"origin":[0.0,17.33333,17.0],"angle":22.5,"axis":"z"}},{"from":[16.9,14.83333,8.0],"to":[16.9,19.83333,26.0],"faces":{"east":{"uv":[8.8125,4.5625,7.6875,4.875],"tintindex":0,"rotation":0,"texture":"#0"},"west":{"uv":[8.8125,0.4375,7.6875,0.75],"tintindex":0,"rotation":0,"texture":"#0"}},"rotation":{"origin":[16.0,17.33333,17.0],"angle":-22.5,"axis":"z"}},{"from":[0.0,2.8333302,8.0],"to":[16.0,14.83333,26.0],"faces":{"east":{"uv":[2.25,4.375,3.375,5.125],"tintindex":0,"rotation":0,"texture":"#0"},"south":{"uv":[5.125,5.4375,6.125,6.1875],"tintindex":0,"rotation":0,"texture":"#0"},"north":{"uv":[4.125,5.4375,5.125,6.1875],"tintindex":0,"rotation":0,"texture":"#0"},"west":{"uv":[4.5625,2.0625,5.6875,2.8125],"tintindex":0,"rotation":0,"texture":"#0"},"up":{"uv":[3.5,1.625,2.5,0.5],"tintindex":0,"rotation":0,"texture":"#0"},"down":{"uv":[3.25,2.8125,2.25,3.9375],"tintindex":0,"rotation":0,"texture":"#0"}}}],"display":{"gui":{"rotation":[30,225,0]}}}