{"textures":{"0":"modelengine:entity/wretchedweaver"},"elements":[{"from":[3.0,7.96513,1.1567898],"to":[13.0,12.96513,10.156792],"faces":{"east":{"uv":[9.375,8.75,9.9375,9.0625],"tintindex":0,"rotation":0,"texture":"#0"},"south":{"uv":[9.375,6.25,10.0,6.5625],"tintindex":0,"rotation":0,"texture":"#0"},"north":{"uv":[9.375,5.9375,10.0,6.25],"tintindex":0,"rotation":0,"texture":"#0"},"west":{"uv":[9.5,5.3125,10.0625,5.625],"tintindex":0,"rotation":0,"texture":"#0"},"up":{"uv":[2.4375,9.1875,1.8125,8.625],"tintindex":0,"rotation":0,"texture":"#0"},"down":{"uv":[3.0625,8.625,2.4375,9.1875],"tintindex":0,"rotation":0,"texture":"#0"}},"rotation":{"origin":[8.0,12.0,7.0],"angle":-22.5,"axis":"x"}},{"from":[13.6,14.331081,7.353491],"to":[10.6,11.331081,4.353491],"faces":{"east":{"uv":[0.4375,1.5625,0.25,1.75],"tintindex":0,"rotation":0,"texture":"#0"},"south":{"uv":[0.1875,1.3125,0.0,1.5],"tintindex":0,"rotation":0,"texture":"#0"},"north":{"uv":[0.1875,1.3125,0.0,1.5],"tintindex":0,"rotation":0,"texture":"#0"},"west":{"uv":[0.1875,1.3125,0.0,1.5],"tintindex":0,"rotation":0,"texture":"#0"},"up":{"uv":[0.1875,1.5625,0.0,1.75],"tintindex":0,"rotation":0,"texture":"#0"},"down":{"uv":[0.4375,1.3125,0.25,1.5],"tintindex":0,"rotation":0,"texture":"#0"}},"rotation":{"origin":[12.1,12.831081,5.853491],"angle":22.5,"axis":"z"}},{"from":[5.4,14.331081,7.353491],"to":[2.4,11.331081,4.353491],"faces":{"east":{"uv":[0.0,1.3125,0.1875,1.5],"tintindex":0,"rotation":0,"texture":"#0"},"south":{"uv":[0.0,1.3125,0.1875,1.5],"tintindex":0,"rotation":0,"texture":"#0"},"north":{"uv":[0.0,1.3125,0.1875,1.5],"tintindex":0,"rotation":0,"texture":"#0"},"west":{"uv":[0.25,1.5625,0.4375,1.75],"tintindex":0,"rotation":0,"texture":"#0"},"up":{"uv":[0.0,1.5625,0.1875,1.75],"tintindex":0,"rotation":0,"texture":"#0"},"down":{"uv":[0.25,1.3125,0.4375,1.5],"tintindex":0,"rotation":0,"texture":"#0"}},"rotation":{"origin":[3.9,12.831081,5.853491],"angle":-22.5,"axis":"z"}},{"from":[2.0,4.5,1.7250004],"to":[14.0,9.5,11.725],"faces":{"east":{"uv":[2.125,7.375,2.75,7.6875],"tintindex":0,"rotation":0,"texture":"#0"},"south":{"uv":[9.375,1.0,10.125,1.3125],"tintindex":0,"rotation":0,"texture":"#0"},"north":{"uv":[9.3125,3.9375,10.0625,4.25],"tintindex":0,"rotation":0,"texture":"#0"},"west":{"uv":[9.375,1.8125,10.0,2.125],"tintindex":0,"rotation":0,"texture":"#0"},"up":{"uv":[8.6875,2.25,7.9375,1.625],"tintindex":0,"rotation":0,"texture":"#0"},"down":{"uv":[8.6875,2.25,7.9375,2.875],"tintindex":0,"rotation":0,"texture":"#0"}}}],"display":{"gui":{"rotation":[30,225,0]}}}