{"textures":{"0":"modelengine:entity/wretchedweaver"},"elements":[{"from":[-7.30142,-4.3160305,6.25],"to":[-3.8014202,1.6839695,9.75],"faces":{"east":{"uv":[7.0625,8.875,7.5,9.625],"tintindex":0,"rotation":0,"texture":"#0"},"south":{"uv":[8.9375,5.9375,9.375,6.6875],"tintindex":0,"rotation":0,"texture":"#0"},"north":{"uv":[6.625,8.875,7.0625,9.625],"tintindex":0,"rotation":0,"texture":"#0"},"west":{"uv":[8.9375,8.3125,9.375,9.0625],"tintindex":0,"rotation":0,"texture":"#0"},"up":{"uv":[5.3125,9.875,4.875,9.4375],"tintindex":0,"rotation":0,"texture":"#0"},"down":{"uv":[5.75,9.4375,5.3125,9.875],"tintindex":0,"rotation":0,"texture":"#0"}},"rotation":{"origin":[1.8485794,5.7339687,8.0],"angle":-45.0,"axis":"z"}},{"from":[-7.5283566,5.399475,6.0],"to":[8.971645,9.399475,10.0],"faces":{"east":{"uv":[9.25,4.5625,9.75,5.0625],"tintindex":0,"rotation":0,"texture":"#0"},"south":{"uv":[0.0,5.25,2.0625,5.75],"tintindex":0,"rotation":0,"texture":"#0"},"north":{"uv":[4.875,2.6875,6.9375,3.1875],"tintindex":0,"rotation":0,"texture":"#0"},"west":{"uv":[2.875,9.3125,3.375,9.8125],"tintindex":0,"rotation":0,"texture":"#0"},"up":{"uv":[4.125,5.75,2.0625,5.25],"tintindex":0,"rotation":0,"texture":"#0"},"down":{"uv":[6.1875,5.25,4.125,5.75],"tintindex":0,"rotation":0,"texture":"#0"}}},{"from":[-7.30142,-8.3160305,6.75],"to":[-5.30142,-4.3160305,9.25],"faces":{"east":{"uv":[6.625,8.3125,6.9375,8.8125],"tintindex":0,"rotation":0,"texture":"#0"},"south":{"uv":[7.0,9.625,7.25,10.125],"tintindex":0,"rotation":0,"texture":"#0"},"north":{"uv":[6.75,9.625,7.0,10.125],"tintindex":0,"rotation":0,"texture":"#0"},"west":{"uv":[8.0625,9.5,8.375,10.0],"tintindex":0,"rotation":0,"texture":"#0"},"up":{"uv":[10.0625,8.625,9.8125,8.3125],"tintindex":0,"rotation":0,"texture":"#0"},"down":{"uv":[10.0625,9.0625,9.8125,9.375],"tintindex":0,"rotation":0,"texture":"#0"}},"rotation":{"origin":[1.8485794,5.7339687,8.0],"angle":-45.0,"axis":"z"}},{"from":[-7.30142,-12.3160305,8.0],"to":[-5.30142,-8.3160305,8.0],"faces":{"south":{"uv":[7.25,9.625,7.5,10.125],"tintindex":0,"rotation":0,"texture":"#0"},"north":{"uv":[9.625,7.1875,9.875,7.6875],"tintindex":0,"rotation":0,"texture":"#0"}},"rotation":{"origin":[1.8485794,5.7339687,8.0],"angle":-45.0,"axis":"z"}}],"display":{"gui":{"rotation":[30,225,0]}}}