{"textures":{"0":"modelengine:entity/wretchedweaver"},"elements":[{"from":[-7.30142,-4.3160305,6.25],"to":[-3.8014202,1.6839695,9.75],"faces":{"east":{"uv":[8.75,0.0,9.1875,0.75],"tintindex":0,"rotation":0,"texture":"#0"},"south":{"uv":[8.8125,4.3125,9.25,5.0625],"tintindex":0,"rotation":0,"texture":"#0"},"north":{"uv":[4.5,8.5,4.9375,9.25],"tintindex":0,"rotation":0,"texture":"#0"},"west":{"uv":[7.625,8.8125,8.0625,9.5625],"tintindex":0,"rotation":0,"texture":"#0"},"up":{"uv":[9.8125,8.75,9.375,8.3125],"tintindex":0,"rotation":0,"texture":"#0"},"down":{"uv":[9.875,2.75,9.4375,3.1875],"tintindex":0,"rotation":0,"texture":"#0"}},"rotation":{"origin":[1.8485794,5.7339687,8.0],"angle":-45.0,"axis":"z"}},{"from":[-7.30142,-8.3160305,6.75],"to":[-5.30142,-4.3160305,9.25],"faces":{"east":{"uv":[0.625,6.75,0.9375,7.25],"tintindex":0,"rotation":0,"texture":"#0"},"south":{"uv":[5.75,9.4375,6.0,9.9375],"tintindex":0,"rotation":0,"texture":"#0"},"north":{"uv":[3.0625,8.625,3.3125,9.125],"tintindex":0,"rotation":0,"texture":"#0"},"west":{"uv":[7.625,8.25,7.9375,8.75],"tintindex":0,"rotation":0,"texture":"#0"},"up":{"uv":[1.875,5.125,1.625,4.8125],"tintindex":0,"rotation":0,"texture":"#0"},"down":{"uv":[1.75,9.6875,1.5,10.0],"tintindex":0,"rotation":0,"texture":"#0"}},"rotation":{"origin":[1.8485794,5.7339687,8.0],"angle":-45.0,"axis":"z"}},{"from":[-7.30142,-12.3160305,8.0],"to":[-5.30142,-8.3160305,8.0],"faces":{"south":{"uv":[6.5,9.625,6.75,10.125],"tintindex":0,"rotation":0,"texture":"#0"},"north":{"uv":[2.125,9.625,2.375,10.125],"tintindex":0,"rotation":0,"texture":"#0"}},"rotation":{"origin":[1.8485794,5.7339687,8.0],"angle":-45.0,"axis":"z"}},{"from":[-7.5283566,5.399475,6.0],"to":[8.971645,9.399475,10.0],"faces":{"east":{"uv":[2.375,9.1875,2.875,9.6875],"tintindex":0,"rotation":0,"texture":"#0"},"south":{"uv":[4.5,1.6875,6.5625,2.1875],"tintindex":0,"rotation":0,"texture":"#0"},"north":{"uv":[4.5,1.1875,6.5625,1.6875],"tintindex":0,"rotation":0,"texture":"#0"},"west":{"uv":[6.0,9.1875,6.5,9.6875],"tintindex":0,"rotation":0,"texture":"#0"},"up":{"uv":[6.0,5.25,3.9375,4.75],"tintindex":0,"rotation":0,"texture":"#0"},"down":{"uv":[6.9375,2.1875,4.875,2.6875],"tintindex":0,"rotation":0,"texture":"#0"}}}],"display":{"gui":{"rotation":[30,225,0]}}}