{"textures":{"0":"modelengine:entity/wretchedweaver"},"elements":[{"from":[19.80142,-4.3160305,6.25],"to":[23.30142,1.6839695,9.75],"faces":{"east":{"uv":[8.0625,8.8125,7.625,9.5625],"tintindex":0,"rotation":0,"texture":"#0"},"south":{"uv":[9.25,4.3125,8.8125,5.0625],"tintindex":0,"rotation":0,"texture":"#0"},"north":{"uv":[4.9375,8.5,4.5,9.25],"tintindex":0,"rotation":0,"texture":"#0"},"west":{"uv":[9.1875,0.0,8.75,0.75],"tintindex":0,"rotation":0,"texture":"#0"},"up":{"uv":[9.375,8.75,9.8125,8.3125],"tintindex":0,"rotation":0,"texture":"#0"},"down":{"uv":[9.4375,2.75,9.875,3.1875],"tintindex":0,"rotation":0,"texture":"#0"}},"rotation":{"origin":[14.151421,5.7339687,8.0],"angle":45.0,"axis":"z"}},{"from":[7.0283546,5.399475,6.0],"to":[23.528357,9.399475,10.0],"faces":{"east":{"uv":[6.5,9.1875,6.0,9.6875],"tintindex":0,"rotation":0,"texture":"#0"},"south":{"uv":[6.5625,1.6875,4.5,2.1875],"tintindex":0,"rotation":0,"texture":"#0"},"north":{"uv":[6.5625,1.1875,4.5,1.6875],"tintindex":0,"rotation":0,"texture":"#0"},"west":{"uv":[2.875,9.1875,2.375,9.6875],"tintindex":0,"rotation":0,"texture":"#0"},"up":{"uv":[3.9375,5.25,6.0,4.75],"tintindex":0,"rotation":0,"texture":"#0"},"down":{"uv":[4.875,2.1875,6.9375,2.6875],"tintindex":0,"rotation":0,"texture":"#0"}}},{"from":[21.30142,-12.3160305,8.0],"to":[23.30142,-8.3160305,8.0],"faces":{"south":{"uv":[6.75,9.625,6.5,10.125],"tintindex":0,"rotation":0,"texture":"#0"},"north":{"uv":[2.375,9.625,2.125,10.125],"tintindex":0,"rotation":0,"texture":"#0"}},"rotation":{"origin":[14.151421,5.7339687,8.0],"angle":45.0,"axis":"z"}},{"from":[21.30142,-8.3160305,6.75],"to":[23.30142,-4.3160305,9.25],"faces":{"east":{"uv":[7.9375,8.25,7.625,8.75],"tintindex":0,"rotation":0,"texture":"#0"},"south":{"uv":[6.0,9.4375,5.75,9.9375],"tintindex":0,"rotation":0,"texture":"#0"},"north":{"uv":[3.3125,8.625,3.0625,9.125],"tintindex":0,"rotation":0,"texture":"#0"},"west":{"uv":[0.9375,6.75,0.625,7.25],"tintindex":0,"rotation":0,"texture":"#0"},"up":{"uv":[1.625,5.125,1.875,4.8125],"tintindex":0,"rotation":0,"texture":"#0"},"down":{"uv":[1.5,9.6875,1.75,10.0],"tintindex":0,"rotation":0,"texture":"#0"}},"rotation":{"origin":[14.151421,5.7339687,8.0],"angle":45.0,"axis":"z"}}],"display":{"gui":{"rotation":[30,225,0]}}}