{"textures":{"0":"modelengine:entity/wretchedweaver"},"elements":[{"from":[19.80142,-4.3160305,6.25],"to":[23.30142,1.6839695,9.75],"faces":{"east":{"uv":[9.375,8.3125,8.9375,9.0625],"tintindex":0,"rotation":0,"texture":"#0"},"south":{"uv":[9.375,5.9375,8.9375,6.6875],"tintindex":0,"rotation":0,"texture":"#0"},"north":{"uv":[7.0625,8.875,6.625,9.625],"tintindex":0,"rotation":0,"texture":"#0"},"west":{"uv":[7.5,8.875,7.0625,9.625],"tintindex":0,"rotation":0,"texture":"#0"},"up":{"uv":[4.875,9.875,5.3125,9.4375],"tintindex":0,"rotation":0,"texture":"#0"},"down":{"uv":[5.3125,9.4375,5.75,9.875],"tintindex":0,"rotation":0,"texture":"#0"}},"rotation":{"origin":[14.151421,5.7339687,8.0],"angle":45.0,"axis":"z"}},{"from":[21.30142,-12.3160305,8.0],"to":[23.30142,-8.3160305,8.0],"faces":{"south":{"uv":[7.5,9.625,7.25,10.125],"tintindex":0,"rotation":0,"texture":"#0"},"north":{"uv":[9.875,7.1875,9.625,7.6875],"tintindex":0,"rotation":0,"texture":"#0"}},"rotation":{"origin":[14.151421,5.7339687,8.0],"angle":45.0,"axis":"z"}},{"from":[7.0283546,5.399475,6.0],"to":[23.528357,9.399475,10.0],"faces":{"east":{"uv":[3.375,9.3125,2.875,9.8125],"tintindex":0,"rotation":0,"texture":"#0"},"south":{"uv":[2.0625,5.25,0.0,5.75],"tintindex":0,"rotation":0,"texture":"#0"},"north":{"uv":[6.9375,2.6875,4.875,3.1875],"tintindex":0,"rotation":0,"texture":"#0"},"west":{"uv":[9.75,4.5625,9.25,5.0625],"tintindex":0,"rotation":0,"texture":"#0"},"up":{"uv":[2.0625,5.75,4.125,5.25],"tintindex":0,"rotation":0,"texture":"#0"},"down":{"uv":[4.125,5.25,6.1875,5.75],"tintindex":0,"rotation":0,"texture":"#0"}}},{"from":[21.30142,-8.3160305,6.75],"to":[23.30142,-4.3160305,9.25],"faces":{"east":{"uv":[8.375,9.5,8.0625,10.0],"tintindex":0,"rotation":0,"texture":"#0"},"south":{"uv":[7.25,9.625,7.0,10.125],"tintindex":0,"rotation":0,"texture":"#0"},"north":{"uv":[7.0,9.625,6.75,10.125],"tintindex":0,"rotation":0,"texture":"#0"},"west":{"uv":[6.9375,8.3125,6.625,8.8125],"tintindex":0,"rotation":0,"texture":"#0"},"up":{"uv":[9.8125,8.625,10.0625,8.3125],"tintindex":0,"rotation":0,"texture":"#0"},"down":{"uv":[9.8125,9.0625,10.0625,9.375],"tintindex":0,"rotation":0,"texture":"#0"}},"rotation":{"origin":[14.151421,5.7339687,8.0],"angle":45.0,"axis":"z"}}],"display":{"gui":{"rotation":[30,225,0]}}}