{"textures":{"0":"modelengine:entity/snow_cubee"},"elements":[{"from":[5.418791,8.17576,7.547375],"to":[6.7766657,8.83101,8.202625],"faces":{"east":{"uv":[13.05,13.05,13.25,13.25],"tintindex":0,"rotation":0,"texture":"#0"},"south":{"uv":[13.05,8.05,13.75,8.25],"tintindex":0,"rotation":0,"texture":"#0"},"north":{"uv":[13.05,7.55,13.75,7.75],"tintindex":0,"rotation":0,"texture":"#0"},"west":{"uv":[0.05,13.55,0.25,13.75],"tintindex":0,"rotation":0,"texture":"#0"},"up":{"uv":[13.75,8.75,13.05,8.55],"tintindex":0,"rotation":0,"texture":"#0"},"down":{"uv":[10.25,13.05,9.55,13.25],"tintindex":0,"rotation":0,"texture":"#0"}},"rotation":{"origin":[5.722728,8.503385,7.875],"angle":-22.5,"axis":"z"}},{"from":[5.6070976,7.5016413,7.572375],"to":[6.964973,8.156892,8.177625],"faces":{"east":{"uv":[12.55,13.05,12.75,13.25],"tintindex":0,"rotation":0,"texture":"#0"},"south":{"uv":[13.05,6.55,13.75,6.75],"tintindex":0,"rotation":0,"texture":"#0"},"north":{"uv":[13.05,6.05,13.75,6.25],"tintindex":0,"rotation":0,"texture":"#0"},"west":{"uv":[13.05,12.55,13.25,12.75],"tintindex":0,"rotation":0,"texture":"#0"},"up":{"uv":[7.75,13.25,7.05,13.05],"tintindex":0,"rotation":0,"texture":"#0"},"down":{"uv":[13.75,7.05,13.05,7.25],"tintindex":0,"rotation":0,"texture":"#0"}},"rotation":{"origin":[6.4110355,7.8292665,7.875],"angle":45.0,"axis":"z"}},{"from":[6.571062,7.7973747,7.547375],"to":[8.678938,8.452625,8.202625],"faces":{"east":{"uv":[5.05,13.05,5.25,13.25],"tintindex":0,"rotation":0,"texture":"#0"},"south":{"uv":[12.05,9.55,12.95,9.75],"tintindex":0,"rotation":0,"texture":"#0"},"north":{"uv":[9.55,12.05,10.45,12.25],"tintindex":0,"rotation":0,"texture":"#0"},"west":{"uv":[13.05,9.55,13.25,9.75],"tintindex":0,"rotation":0,"texture":"#0"},"up":{"uv":[12.95,10.25,12.05,10.05],"tintindex":0,"rotation":0,"texture":"#0"},"down":{"uv":[11.45,12.05,10.55,12.25],"tintindex":0,"rotation":0,"texture":"#0"}}}],"display":{"gui":{"rotation":[30,225,0]}}}