{"textures":{"0":"modelengine:entity/snow_cubee"},"elements":[{"from":[9.223334,8.17576,7.547375],"to":[10.581209,8.83101,8.202625],"faces":{"east":{"uv":[13.05,11.05,13.25,11.25],"tintindex":0,"rotation":0,"texture":"#0"},"south":{"uv":[13.05,3.05,13.75,3.25],"tintindex":0,"rotation":0,"texture":"#0"},"north":{"uv":[3.05,13.05,3.75,13.25],"tintindex":0,"rotation":0,"texture":"#0"},"west":{"uv":[11.55,13.05,11.75,13.25],"tintindex":0,"rotation":0,"texture":"#0"},"up":{"uv":[13.75,3.75,13.05,3.55],"tintindex":0,"rotation":0,"texture":"#0"},"down":{"uv":[4.75,13.05,4.05,13.25],"tintindex":0,"rotation":0,"texture":"#0"}},"rotation":{"origin":[10.277272,8.503385,7.875],"angle":22.5,"axis":"z"}},{"from":[7.3210626,7.7973747,7.547375],"to":[9.428938,8.452625,8.202625],"faces":{"east":{"uv":[13.05,10.05,13.25,10.25],"tintindex":0,"rotation":0,"texture":"#0"},"south":{"uv":[12.05,11.05,12.95,11.25],"tintindex":0,"rotation":0,"texture":"#0"},"north":{"uv":[12.05,10.55,12.95,10.75],"tintindex":0,"rotation":0,"texture":"#0"},"west":{"uv":[13.05,10.55,13.25,10.75],"tintindex":0,"rotation":0,"texture":"#0"},"up":{"uv":[12.45,12.25,11.55,12.05],"tintindex":0,"rotation":0,"texture":"#0"},"down":{"uv":[12.95,11.55,12.05,11.75],"tintindex":0,"rotation":0,"texture":"#0"}}},{"from":[9.035027,7.5016413,7.572375],"to":[10.392902,8.156892,8.177625],"faces":{"east":{"uv":[13.05,11.55,13.25,11.75],"tintindex":0,"rotation":0,"texture":"#0"},"south":{"uv":[13.05,5.05,13.75,5.25],"tintindex":0,"rotation":0,"texture":"#0"},"north":{"uv":[13.05,4.55,13.75,4.75],"tintindex":0,"rotation":0,"texture":"#0"},"west":{"uv":[12.05,13.05,12.25,13.25],"tintindex":0,"rotation":0,"texture":"#0"},"up":{"uv":[13.75,5.75,13.05,5.55],"tintindex":0,"rotation":0,"texture":"#0"},"down":{"uv":[6.75,13.05,6.05,13.25],"tintindex":0,"rotation":0,"texture":"#0"}},"rotation":{"origin":[9.588964,7.8292665,7.875],"angle":-45.0,"axis":"z"}}],"display":{"gui":{"rotation":[30,225,0]}}}