{"textures":{"0":"modelengine:entity/phoenix_darkflame"},"elements":[{"from":[3.7120962,7.6812506,6.2348995],"to":[12.712095,8.181251,7.7348995],"faces":{"east":{"uv":[2.0,7.8125,2.1875,7.9375],"tintindex":0,"rotation":0,"texture":"#0"},"south":{"uv":[7.1875,0.5625,8.3125,0.6875],"tintindex":0,"rotation":0,"texture":"#0"},"north":{"uv":[7.1875,0.375,8.3125,0.5],"tintindex":0,"rotation":0,"texture":"#0"},"west":{"uv":[2.25,7.8125,2.4375,7.9375],"tintindex":0,"rotation":0,"texture":"#0"},"up":{"uv":[7.125,7.0,6.0,6.8125],"tintindex":0,"rotation":0,"texture":"#0"},"down":{"uv":[7.125,6.8125,6.0,7.0],"tintindex":0,"rotation":0,"texture":"#0"}},"rotation":{"origin":[12.547627,6.8775005,17.621498],"angle":22.5,"axis":"y"}},{"from":[-8.965111,8.16875,6.8940206],"to":[8.03489,8.16875,29.89402],"faces":{"up":{"uv":[2.125,2.875,0.0,0.0],"tintindex":0,"rotation":0,"texture":"#0"},"down":{"uv":[2.125,0.0,0.0,2.875],"tintindex":0,"rotation":0,"texture":"#0"}}},{"from":[-2.2578764,7.66875,3.7204409],"to":[8.742123,8.20625,5.220441],"faces":{"east":{"uv":[2.5,7.8125,2.6875,7.9375],"tintindex":0,"rotation":0,"texture":"#0"},"south":{"uv":[6.8125,6.625,8.1875,6.75],"tintindex":0,"rotation":0,"texture":"#0"},"north":{"uv":[6.8125,2.75,8.1875,2.875],"tintindex":0,"rotation":0,"texture":"#0"},"west":{"uv":[3.1875,7.8125,3.375,7.9375],"tintindex":0,"rotation":0,"texture":"#0"},"up":{"uv":[7.625,1.1875,6.25,1.0],"tintindex":0,"rotation":0,"texture":"#0"},"down":{"uv":[7.625,1.0,6.25,1.1875],"tintindex":0,"rotation":0,"texture":"#0"}},"rotation":{"origin":[12.547627,6.8650002,17.621498],"angle":45.0,"axis":"y"}}],"display":{"gui":{"rotation":[30,225,0]}}}