{"textures":{"0":"modelengine:entity/phoenix_darkflame"},"elements":[{"from":[7.2578773,7.66875,3.7204409],"to":[18.257877,8.20625,5.220441],"faces":{"east":{"uv":[3.375,7.8125,3.1875,7.9375],"tintindex":0,"rotation":0,"texture":"#0"},"south":{"uv":[8.1875,6.625,6.8125,6.75],"tintindex":0,"rotation":0,"texture":"#0"},"north":{"uv":[8.1875,2.75,6.8125,2.875],"tintindex":0,"rotation":0,"texture":"#0"},"west":{"uv":[2.6875,7.8125,2.5,7.9375],"tintindex":0,"rotation":0,"texture":"#0"},"up":{"uv":[6.25,1.1875,7.625,1.0],"tintindex":0,"rotation":0,"texture":"#0"},"down":{"uv":[6.25,1.0,7.625,1.1875],"tintindex":0,"rotation":0,"texture":"#0"}},"rotation":{"origin":[3.4523726,6.8650002,17.621498],"angle":-45.0,"axis":"y"}},{"from":[3.2879047,7.6812506,6.2348995],"to":[12.287904,8.181251,7.7348995],"faces":{"east":{"uv":[2.4375,7.8125,2.25,7.9375],"tintindex":0,"rotation":0,"texture":"#0"},"south":{"uv":[8.3125,0.5625,7.1875,0.6875],"tintindex":0,"rotation":0,"texture":"#0"},"north":{"uv":[8.3125,0.375,7.1875,0.5],"tintindex":0,"rotation":0,"texture":"#0"},"west":{"uv":[2.1875,7.8125,2.0,7.9375],"tintindex":0,"rotation":0,"texture":"#0"},"up":{"uv":[6.0,7.0,7.125,6.8125],"tintindex":0,"rotation":0,"texture":"#0"},"down":{"uv":[6.0,6.8125,7.125,7.0],"tintindex":0,"rotation":0,"texture":"#0"}},"rotation":{"origin":[3.4523726,6.8775005,17.621498],"angle":-22.5,"axis":"y"}},{"from":[7.96511,8.16875,6.8940206],"to":[24.96511,8.16875,29.89402],"faces":{"up":{"uv":[0.0,2.875,2.125,0.0],"tintindex":0,"rotation":0,"texture":"#0"},"down":{"uv":[0.0,0.0,2.125,2.875],"tintindex":0,"rotation":0,"texture":"#0"}}}],"display":{"gui":{"rotation":[30,225,0]}}}