{"textures":{"0":"modelengine:entity/phoenix_darkflame"},"elements":[{"from":[6.5,5.8096437,8.925885],"to":[9.5,6.809643,19.925884],"faces":{"east":{"uv":[7.25,6.25,7.9375,6.3125],"tintindex":0,"rotation":0,"texture":"#0"},"south":{"uv":[5.8125,1.5,6.0,1.5625],"tintindex":0,"rotation":0,"texture":"#0"},"north":{"uv":[5.5625,4.375,5.8125,4.4375],"tintindex":0,"rotation":0,"texture":"#0"},"west":{"uv":[7.4375,2.3125,8.125,2.375],"tintindex":0,"rotation":0,"texture":"#0"},"up":{"uv":[6.1875,7.75,6.0,7.0625],"tintindex":0,"rotation":0,"texture":"#0"},"down":{"uv":[6.1875,7.0625,6.0,7.75],"tintindex":0,"rotation":0,"texture":"#0"}},"rotation":{"origin":[-15.208103,4.5191507,3.692153],"angle":-22.5,"axis":"x"}},{"from":[8.0,3.8096437,8.925885],"to":[8.0,9.809643,19.925884],"faces":{"east":{"uv":[7.4375,2.9375,6.75,3.3125],"tintindex":0,"rotation":0,"texture":"#0"},"west":{"uv":[6.75,2.9375,7.4375,3.3125],"tintindex":0,"rotation":0,"texture":"#0"}},"rotation":{"origin":[-14.708103,4.5191507,3.692153],"angle":-22.5,"axis":"x"}}],"display":{"gui":{"rotation":[30,225,0]}}}