{"textures":{"0":"modelengine:entity/hv_tenebris_portal_tentacles"},"elements":[{"from":[10.205,22.399998,10.205],"to":[5.795,5.6000023,5.795],"faces":{"east":{"uv":[7.555556,13.222222,8.0,15.111112],"tintindex":0,"rotation":0,"texture":"#0"},"south":{"uv":[8.0,13.222222,8.444445,15.111112],"tintindex":0,"rotation":0,"texture":"#0"},"north":{"uv":[7.111111,13.222222,7.555556,15.111112],"tintindex":0,"rotation":0,"texture":"#0"},"west":{"uv":[8.444445,13.222222,8.888889,15.111112],"tintindex":0,"rotation":0,"texture":"#0"},"up":{"uv":[14.222222,11.111112,13.777778,10.666667],"tintindex":0,"rotation":0,"texture":"#0"},"down":{"uv":[15.0,11.333333,14.555555,11.777778],"tintindex":0,"rotation":0,"texture":"#0"}}},{"from":[6.425,6.5,6.424999],"to":[9.575,21.500004,9.575001],"faces":{"east":{"uv":[13.777778,6.4444447,14.111112,8.111112],"tintindex":0,"rotation":0,"texture":"#0"},"south":{"uv":[13.777778,8.111112,14.111112,9.777778],"tintindex":0,"rotation":0,"texture":"#0"},"north":{"uv":[9.777778,13.222222,10.111112,14.888889],"tintindex":0,"rotation":0,"texture":"#0"},"west":{"uv":[11.666667,14.0,12.0,15.666667],"tintindex":0,"rotation":0,"texture":"#0"},"up":{"uv":[13.666667,14.555555,13.333333,14.222222],"tintindex":0,"rotation":0,"texture":"#0"},"down":{"uv":[13.666667,14.555555,13.333333,14.888889],"tintindex":0,"rotation":0,"texture":"#0"}}}],"display":{"gui":{"rotation":[30,225,0]}}}