{"textures":{"0":"modelengine:entity/hv_tenebris_portal_tentacles"},"elements":[{"from":[5.375,7.25,5.375],"to":[10.625,28.25,10.625],"faces":{"east":{"uv":[11.666667,11.666667,12.222222,14.0],"tintindex":0,"rotation":0,"texture":"#0"},"south":{"uv":[12.222222,0.0,12.777778,2.3333333],"tintindex":0,"rotation":0,"texture":"#0"},"north":{"uv":[11.666667,9.333333,12.222222,11.666667],"tintindex":0,"rotation":0,"texture":"#0"},"west":{"uv":[12.222222,2.3333333,12.777778,4.6666665],"tintindex":0,"rotation":0,"texture":"#0"},"up":{"uv":[15.111112,4.0,14.555555,3.4444444],"tintindex":0,"rotation":0,"texture":"#0"},"down":{"uv":[15.111112,4.0,14.555555,4.555556],"tintindex":0,"rotation":0,"texture":"#0"}}},{"from":[11.255,29.150002,11.255],"to":[4.745,6.3500004,4.745],"faces":{"east":{"uv":[0.0,10.666667,0.7777778,13.222222],"tintindex":0,"rotation":0,"texture":"#0"},"south":{"uv":[0.7777778,10.666667,1.5555556,13.222222],"tintindex":0,"rotation":0,"texture":"#0"},"north":{"uv":[10.222222,10.222222,11.0,12.777778],"tintindex":0,"rotation":0,"texture":"#0"},"west":{"uv":[1.5555556,10.666667,2.3333333,13.222222],"tintindex":0,"rotation":0,"texture":"#0"},"up":{"uv":[14.555555,4.111111,13.777778,3.3333333],"tintindex":0,"rotation":0,"texture":"#0"},"down":{"uv":[14.555555,4.111111,13.777778,4.888889],"tintindex":0,"rotation":0,"texture":"#0"}}}],"display":{"gui":{"rotation":[30,225,0]}}}