{"textures":{"0":"modelengine:entity/hv_tenebris_portal_tentacles"},"elements":[{"from":[5.9,6.5,5.8999996],"to":[10.1,24.5,10.1],"faces":{"east":{"uv":[4.0,13.222222,4.4444447,15.222222],"tintindex":0,"rotation":0,"texture":"#0"},"south":{"uv":[4.4444447,13.222222,4.888889,15.222222],"tintindex":0,"rotation":0,"texture":"#0"},"north":{"uv":[3.5555556,13.222222,4.0,15.222222],"tintindex":0,"rotation":0,"texture":"#0"},"west":{"uv":[4.888889,13.222222,5.3333335,15.222222],"tintindex":0,"rotation":0,"texture":"#0"},"up":{"uv":[15.0,12.222222,14.555555,11.777778],"tintindex":0,"rotation":0,"texture":"#0"},"down":{"uv":[15.0,12.222222,14.555555,12.666667],"tintindex":0,"rotation":0,"texture":"#0"}}},{"from":[10.73,25.400002,10.73],"to":[5.27,5.6000023,5.2700005],"faces":{"east":{"uv":[10.111112,12.777778,10.666667,15.0],"tintindex":0,"rotation":0,"texture":"#0"},"south":{"uv":[10.666667,12.777778,11.222222,15.0],"tintindex":0,"rotation":0,"texture":"#0"},"north":{"uv":[12.777778,8.888889,13.333333,11.111112],"tintindex":0,"rotation":0,"texture":"#0"},"west":{"uv":[12.777778,11.111112,13.333333,13.333333],"tintindex":0,"rotation":0,"texture":"#0"},"up":{"uv":[15.111112,5.111111,14.555555,4.555556],"tintindex":0,"rotation":0,"texture":"#0"},"down":{"uv":[15.111112,5.111111,14.555555,5.6666665],"tintindex":0,"rotation":0,"texture":"#0"}}}],"display":{"gui":{"rotation":[30,225,0]}}}