{"textures":{"0":"modelengine:entity/hv_tenebris_portal_tentacles"},"elements":[{"from":[11.780001,29.150002,11.780001],"to":[4.2200003,4.85,4.2199993],"faces":{"east":{"uv":[7.555556,2.6666667,8.444445,5.3333335],"tintindex":0,"rotation":0,"texture":"#0"},"south":{"uv":[7.555556,5.3333335,8.444445,8.0],"tintindex":0,"rotation":0,"texture":"#0"},"north":{"uv":[7.555556,0.0,8.444445,2.6666667],"tintindex":0,"rotation":0,"texture":"#0"},"west":{"uv":[7.555556,8.0,8.444445,10.666667],"tintindex":0,"rotation":0,"texture":"#0"},"up":{"uv":[14.222222,12.222222,13.333333,11.333333],"tintindex":0,"rotation":0,"texture":"#0"},"down":{"uv":[14.222222,12.222222,13.333333,13.111112],"tintindex":0,"rotation":0,"texture":"#0"}}},{"from":[4.8500004,5.75,4.8500004],"to":[11.15,28.25,11.15],"faces":{"east":{"uv":[6.111111,10.666667,6.7777777,13.222222],"tintindex":0,"rotation":0,"texture":"#0"},"south":{"uv":[6.7777777,10.666667,7.4444447,13.222222],"tintindex":0,"rotation":0,"texture":"#0"},"north":{"uv":[5.4444447,10.666667,6.111111,13.222222],"tintindex":0,"rotation":0,"texture":"#0"},"west":{"uv":[7.4444447,10.666667,8.111112,13.222222],"tintindex":0,"rotation":0,"texture":"#0"},"up":{"uv":[13.333333,14.888889,12.666667,14.222222],"tintindex":0,"rotation":0,"texture":"#0"},"down":{"uv":[15.0,14.0,14.333333,14.666667],"tintindex":0,"rotation":0,"texture":"#0"}}}],"display":{"gui":{"rotation":[30,225,0]}}}