{"textures":{"0":"modelengine:entity/hv_tenebris_portal_tentacles"},"elements":[{"from":[11.780001,29.150002,11.780001],"to":[4.2200003,4.85,4.2200003],"faces":{"east":{"uv":[8.444445,2.6666667,9.333333,5.3333335],"tintindex":0,"rotation":0,"texture":"#0"},"south":{"uv":[8.444445,5.3333335,9.333333,8.0],"tintindex":0,"rotation":0,"texture":"#0"},"north":{"uv":[8.444445,0.0,9.333333,2.6666667],"tintindex":0,"rotation":0,"texture":"#0"},"west":{"uv":[8.444445,8.0,9.333333,10.666667],"tintindex":0,"rotation":0,"texture":"#0"},"up":{"uv":[13.666667,14.222222,12.777778,13.333333],"tintindex":0,"rotation":0,"texture":"#0"},"down":{"uv":[14.555555,13.111112,13.666667,14.0],"tintindex":0,"rotation":0,"texture":"#0"}}},{"from":[4.85,5.75,4.8500004],"to":[11.15,28.25,11.15],"faces":{"east":{"uv":[8.777778,10.666667,9.444445,13.222222],"tintindex":0,"rotation":0,"texture":"#0"},"south":{"uv":[9.444445,10.666667,10.111112,13.222222],"tintindex":0,"rotation":0,"texture":"#0"},"north":{"uv":[8.111112,10.666667,8.777778,13.222222],"tintindex":0,"rotation":0,"texture":"#0"},"west":{"uv":[11.0,0.0,11.666667,2.5555556],"tintindex":0,"rotation":0,"texture":"#0"},"up":{"uv":[15.111112,7.111111,14.444445,6.4444447],"tintindex":0,"rotation":0,"texture":"#0"},"down":{"uv":[15.111112,7.111111,14.444445,7.7777777],"tintindex":0,"rotation":0,"texture":"#0"}}}],"display":{"gui":{"rotation":[30,225,0]}}}