{"textures":{"0":"modelengine:entity/hv_tenebris_portal_tentacles"},"elements":[{"from":[11.780001,29.150002,11.780001],"to":[4.2199993,4.85,4.2200003],"faces":{"east":{"uv":[9.333333,2.6666667,10.222222,5.3333335],"tintindex":0,"rotation":0,"texture":"#0"},"south":{"uv":[9.333333,5.3333335,10.222222,8.0],"tintindex":0,"rotation":0,"texture":"#0"},"north":{"uv":[9.333333,0.0,10.222222,2.6666667],"tintindex":0,"rotation":0,"texture":"#0"},"west":{"uv":[9.333333,8.0,10.222222,10.666667],"tintindex":0,"rotation":0,"texture":"#0"},"up":{"uv":[14.666667,0.8888889,13.777778,0.0],"tintindex":0,"rotation":0,"texture":"#0"},"down":{"uv":[14.666667,0.8888889,13.777778,1.7777778],"tintindex":0,"rotation":0,"texture":"#0"}}},{"from":[4.8500004,5.75,4.8500004],"to":[11.15,28.25,11.15],"faces":{"east":{"uv":[11.0,5.111111,11.666667,7.6666665],"tintindex":0,"rotation":0,"texture":"#0"},"south":{"uv":[11.0,7.6666665,11.666667,10.222222],"tintindex":0,"rotation":0,"texture":"#0"},"north":{"uv":[11.0,2.5555556,11.666667,5.111111],"tintindex":0,"rotation":0,"texture":"#0"},"west":{"uv":[11.0,10.222222,11.666667,12.777778],"tintindex":0,"rotation":0,"texture":"#0"},"up":{"uv":[15.111112,8.444445,14.444445,7.7777777],"tintindex":0,"rotation":0,"texture":"#0"},"down":{"uv":[15.111112,8.444445,14.444445,9.111112],"tintindex":0,"rotation":0,"texture":"#0"}}}],"display":{"gui":{"rotation":[30,225,0]}}}