{"textures":{"0":"modelengine:entity/hv_tenebris_portal_tentacles"},"elements":[{"from":[6.425,6.5,6.425],"to":[9.575,21.500004,9.575],"faces":{"east":{"uv":[12.333333,14.0,12.666667,15.666667],"tintindex":0,"rotation":0,"texture":"#0"},"south":{"uv":[13.666667,14.0,14.0,15.666667],"tintindex":0,"rotation":0,"texture":"#0"},"north":{"uv":[12.0,14.0,12.333333,15.666667],"tintindex":0,"rotation":0,"texture":"#0"},"west":{"uv":[14.0,14.0,14.333333,15.666667],"tintindex":0,"rotation":0,"texture":"#0"},"up":{"uv":[15.0,1.6666666,14.666667,1.3333334],"tintindex":0,"rotation":0,"texture":"#0"},"down":{"uv":[14.666667,14.666667,14.333333,15.0],"tintindex":0,"rotation":0,"texture":"#0"}}},{"from":[10.205,22.399998,10.205],"to":[5.795,5.6000023,5.795],"faces":{"east":{"uv":[9.333333,13.222222,9.777778,15.111112],"tintindex":0,"rotation":0,"texture":"#0"},"south":{"uv":[13.333333,0.0,13.777778,1.888889],"tintindex":0,"rotation":0,"texture":"#0"},"north":{"uv":[8.888889,13.222222,9.333333,15.111112],"tintindex":0,"rotation":0,"texture":"#0"},"west":{"uv":[13.333333,1.888889,13.777778,3.777778],"tintindex":0,"rotation":0,"texture":"#0"},"up":{"uv":[15.0,13.111112,14.555555,12.666667],"tintindex":0,"rotation":0,"texture":"#0"},"down":{"uv":[15.0,13.111112,14.555555,13.555555],"tintindex":0,"rotation":0,"texture":"#0"}}}],"display":{"gui":{"rotation":[30,225,0]}}}