{"textures":{"0":"modelengine:entity/hv_tenebris_portal_tentacles"},"elements":[{"from":[5.375,7.25,5.375],"to":[10.625,28.25,10.625],"faces":{"east":{"uv":[11.666667,2.3333333,12.222222,4.6666665],"tintindex":0,"rotation":0,"texture":"#0"},"south":{"uv":[11.666667,4.6666665,12.222222,7.0],"tintindex":0,"rotation":0,"texture":"#0"},"north":{"uv":[11.666667,0.0,12.222222,2.3333333],"tintindex":0,"rotation":0,"texture":"#0"},"west":{"uv":[11.666667,7.0,12.222222,9.333333],"tintindex":0,"rotation":0,"texture":"#0"},"up":{"uv":[15.0,9.666667,14.444445,9.111112],"tintindex":0,"rotation":0,"texture":"#0"},"down":{"uv":[15.111112,1.7777778,14.555555,2.3333333],"tintindex":0,"rotation":0,"texture":"#0"}}},{"from":[11.254999,29.150002,11.254999],"to":[4.745,6.3500004,4.745001],"faces":{"east":{"uv":[10.222222,2.5555556,11.0,5.111111],"tintindex":0,"rotation":0,"texture":"#0"},"south":{"uv":[10.222222,5.111111,11.0,7.6666665],"tintindex":0,"rotation":0,"texture":"#0"},"north":{"uv":[10.222222,0.0,11.0,2.5555556],"tintindex":0,"rotation":0,"texture":"#0"},"west":{"uv":[10.222222,7.6666665,11.0,10.222222],"tintindex":0,"rotation":0,"texture":"#0"},"up":{"uv":[14.555555,2.5555556,13.777778,1.7777778],"tintindex":0,"rotation":0,"texture":"#0"},"down":{"uv":[14.555555,2.5555556,13.777778,3.3333333],"tintindex":0,"rotation":0,"texture":"#0"}}}],"display":{"gui":{"rotation":[30,225,0]}}}