{"textures":{"0":"modelengine:entity/hv_tenebris_portal_tentacles"},"elements":[{"from":[10.73,25.400002,10.73],"to":[5.2700005,5.6000023,5.2700005],"faces":{"east":{"uv":[12.777778,2.2222223,13.333333,4.4444447],"tintindex":0,"rotation":0,"texture":"#0"},"south":{"uv":[12.777778,4.4444447,13.333333,6.6666665],"tintindex":0,"rotation":0,"texture":"#0"},"north":{"uv":[12.777778,0.0,13.333333,2.2222223],"tintindex":0,"rotation":0,"texture":"#0"},"west":{"uv":[12.777778,6.6666665,13.333333,8.888889],"tintindex":0,"rotation":0,"texture":"#0"},"up":{"uv":[15.111112,2.8888888,14.555555,2.3333333],"tintindex":0,"rotation":0,"texture":"#0"},"down":{"uv":[15.111112,2.8888888,14.555555,3.4444444],"tintindex":0,"rotation":0,"texture":"#0"}}},{"from":[5.8999996,6.5,5.8999996],"to":[10.1,24.5,10.1],"faces":{"east":{"uv":[2.2222223,13.222222,2.6666667,15.222222],"tintindex":0,"rotation":0,"texture":"#0"},"south":{"uv":[2.6666667,13.222222,3.1111112,15.222222],"tintindex":0,"rotation":0,"texture":"#0"},"north":{"uv":[11.222222,12.777778,11.666667,14.777778],"tintindex":0,"rotation":0,"texture":"#0"},"west":{"uv":[3.1111112,13.222222,3.5555556,15.222222],"tintindex":0,"rotation":0,"texture":"#0"},"up":{"uv":[14.222222,10.222222,13.777778,9.777778],"tintindex":0,"rotation":0,"texture":"#0"},"down":{"uv":[14.222222,10.222222,13.777778,10.666667],"tintindex":0,"rotation":0,"texture":"#0"}}}],"display":{"gui":{"rotation":[30,225,0]}}}