{"textures":{"0":"modelengine:entity/hv_tenebris_portal_tentacles"},"elements":[{"from":[6.424999,6.5,6.425],"to":[9.575001,21.500004,9.575],"faces":{"east":{"uv":[14.111112,8.111112,14.444445,9.777778],"tintindex":0,"rotation":0,"texture":"#0"},"south":{"uv":[14.222222,9.777778,14.555555,11.444445],"tintindex":0,"rotation":0,"texture":"#0"},"north":{"uv":[14.111112,6.4444447,14.444445,8.111112],"tintindex":0,"rotation":0,"texture":"#0"},"west":{"uv":[14.222222,11.444445,14.555555,13.111112],"tintindex":0,"rotation":0,"texture":"#0"},"up":{"uv":[15.0,15.0,14.666667,14.666667],"tintindex":0,"rotation":0,"texture":"#0"},"down":{"uv":[11.555555,14.777778,11.222222,15.111112],"tintindex":0,"rotation":0,"texture":"#0"}}},{"from":[10.205,22.399998,10.205],"to":[5.795,5.6000023,5.795],"faces":{"east":{"uv":[13.333333,5.6666665,13.777778,7.555556],"tintindex":0,"rotation":0,"texture":"#0"},"south":{"uv":[13.333333,7.555556,13.777778,9.444445],"tintindex":0,"rotation":0,"texture":"#0"},"north":{"uv":[13.333333,3.777778,13.777778,5.6666665],"tintindex":0,"rotation":0,"texture":"#0"},"west":{"uv":[13.333333,9.444445,13.777778,11.333333],"tintindex":0,"rotation":0,"texture":"#0"},"up":{"uv":[15.111112,0.8888889,14.666667,0.44444445],"tintindex":0,"rotation":0,"texture":"#0"},"down":{"uv":[15.111112,0.8888889,14.666667,1.3333334],"tintindex":0,"rotation":0,"texture":"#0"}}}],"display":{"gui":{"rotation":[30,225,0]}}}