{"textures":{"0":"modelengine:entity/hv_tenebris_portal_tentacles"},"elements":[{"from":[5.8999996,6.5,5.8999996],"to":[10.1,24.5,10.1],"faces":{"east":{"uv":[5.7777777,13.222222,6.2222223,15.222222],"tintindex":0,"rotation":0,"texture":"#0"},"south":{"uv":[6.2222223,13.222222,6.6666665,15.222222],"tintindex":0,"rotation":0,"texture":"#0"},"north":{"uv":[5.3333335,13.222222,5.7777777,15.222222],"tintindex":0,"rotation":0,"texture":"#0"},"west":{"uv":[6.6666665,13.222222,7.111111,15.222222],"tintindex":0,"rotation":0,"texture":"#0"},"up":{"uv":[15.0,14.0,14.555555,13.555555],"tintindex":0,"rotation":0,"texture":"#0"},"down":{"uv":[15.111112,0.0,14.666667,0.44444445],"tintindex":0,"rotation":0,"texture":"#0"}}},{"from":[10.73,25.400002,10.73],"to":[5.2700005,5.6000023,5.2700005],"faces":{"east":{"uv":[0.5555556,13.222222,1.1111112,15.444445],"tintindex":0,"rotation":0,"texture":"#0"},"south":{"uv":[1.1111112,13.222222,1.6666666,15.444445],"tintindex":0,"rotation":0,"texture":"#0"},"north":{"uv":[0.0,13.222222,0.5555556,15.444445],"tintindex":0,"rotation":0,"texture":"#0"},"west":{"uv":[1.6666666,13.222222,2.2222223,15.444445],"tintindex":0,"rotation":0,"texture":"#0"},"up":{"uv":[15.111112,10.777778,14.555555,10.222222],"tintindex":0,"rotation":0,"texture":"#0"},"down":{"uv":[15.111112,10.777778,14.555555,11.333333],"tintindex":0,"rotation":0,"texture":"#0"}}}],"display":{"gui":{"rotation":[30,225,0]}}}