{"textures":{"0":"modelengine:entity/hv_tenebris_portal_tentacles"},"elements":[{"from":[11.254999,29.150002,11.254999],"to":[4.745001,6.3500004,4.745],"faces":{"east":{"uv":[3.1111112,10.666667,3.8888888,13.222222],"tintindex":0,"rotation":0,"texture":"#0"},"south":{"uv":[3.8888888,10.666667,4.6666665,13.222222],"tintindex":0,"rotation":0,"texture":"#0"},"north":{"uv":[2.3333333,10.666667,3.1111112,13.222222],"tintindex":0,"rotation":0,"texture":"#0"},"west":{"uv":[4.6666665,10.666667,5.4444447,13.222222],"tintindex":0,"rotation":0,"texture":"#0"},"up":{"uv":[14.555555,5.6666665,13.777778,4.888889],"tintindex":0,"rotation":0,"texture":"#0"},"down":{"uv":[14.555555,5.6666665,13.777778,6.4444447],"tintindex":0,"rotation":0,"texture":"#0"}}},{"from":[5.375,7.25,5.375],"to":[10.625,28.25,10.625],"faces":{"east":{"uv":[12.222222,7.0,12.777778,9.333333],"tintindex":0,"rotation":0,"texture":"#0"},"south":{"uv":[12.222222,9.333333,12.777778,11.666667],"tintindex":0,"rotation":0,"texture":"#0"},"north":{"uv":[12.222222,4.6666665,12.777778,7.0],"tintindex":0,"rotation":0,"texture":"#0"},"west":{"uv":[12.222222,11.666667,12.777778,14.0],"tintindex":0,"rotation":0,"texture":"#0"},"up":{"uv":[15.111112,6.2222223,14.555555,5.6666665],"tintindex":0,"rotation":0,"texture":"#0"},"down":{"uv":[15.111112,9.666667,14.555555,10.222222],"tintindex":0,"rotation":0,"texture":"#0"}}}],"display":{"gui":{"rotation":[30,225,0]}}}