{"textures":{"0":"modelengine:entity/mushroom_cubee"},"elements":[{"from":[11.0105,11.0105,11.0105],"to":[4.9895,4.9895,4.9895],"faces":{"east":{"uv":[6.015,4.515,7.485,5.985],"tintindex":0,"rotation":0,"texture":"#0"},"south":{"uv":[6.015,6.015,7.485,7.485],"tintindex":0,"rotation":0,"texture":"#0"},"north":{"uv":[6.015,3.015,7.485,4.485],"tintindex":0,"rotation":0,"texture":"#0"},"west":{"uv":[4.015,6.265,5.485,7.735],"tintindex":0,"rotation":0,"texture":"#0"},"up":{"uv":[3.485,8.485,2.015,7.015],"tintindex":0,"rotation":0,"texture":"#0"},"down":{"uv":[1.485,7.265,0.015,8.735],"tintindex":0,"rotation":0,"texture":"#0"}}},{"from":[4.1895,8.689501,4.1895],"to":[11.8105,14.310501,11.8105],"faces":{"east":{"uv":[0.015,5.765,1.875,7.125],"tintindex":0,"rotation":0,"texture":"#0"},"south":{"uv":[6.015,0.015,7.875,1.375],"tintindex":0,"rotation":0,"texture":"#0"},"north":{"uv":[2.015,5.515,3.875,6.875],"tintindex":0,"rotation":0,"texture":"#0"},"west":{"uv":[6.015,1.515,7.875,2.875],"tintindex":0,"rotation":0,"texture":"#0"},"up":{"uv":[3.875,1.875,2.015,0.015],"tintindex":0,"rotation":0,"texture":"#0"},"down":{"uv":[3.875,2.015,2.015,3.875],"tintindex":0,"rotation":0,"texture":"#0"}}},{"from":[12.0105,14.5105,12.0105],"to":[3.9895,8.4895,3.9895],"faces":{"east":{"uv":[2.015,4.015,3.985,5.485],"tintindex":0,"rotation":0,"texture":"#0"},"south":{"uv":[4.015,3.265,5.985,4.735],"tintindex":0,"rotation":0,"texture":"#0"},"north":{"uv":[4.015,1.765,5.985,3.235],"tintindex":0,"rotation":0,"texture":"#0"},"west":{"uv":[4.015,4.765,5.985,6.235],"tintindex":0,"rotation":0,"texture":"#0"},"up":{"uv":[1.985,1.985,0.015,0.015],"tintindex":0,"rotation":0,"texture":"#0"},"down":{"uv":[1.985,2.015,0.015,3.985],"tintindex":0,"rotation":0,"texture":"#0"}}},{"from":[5.1895,5.189501,5.1895],"to":[10.8105,10.810501,10.8105],"faces":{"east":{"uv":[7.515,4.515,8.875,5.875],"tintindex":0,"rotation":0,"texture":"#0"},"south":{"uv":[5.515,7.515,6.875,8.875],"tintindex":0,"rotation":0,"texture":"#0"},"north":{"uv":[7.515,3.015,8.875,4.375],"tintindex":0,"rotation":0,"texture":"#0"},"west":{"uv":[7.515,6.015,8.875,7.375],"tintindex":0,"rotation":0,"texture":"#0"},"up":{"uv":[8.375,8.875,7.015,7.515],"tintindex":0,"rotation":0,"texture":"#0"},"down":{"uv":[4.875,7.765,3.515,9.125],"tintindex":0,"rotation":0,"texture":"#0"}}}],"display":{"gui":{"rotation":[30,225,0]}}}