{"textures":{"0":"modelengine:entity/nocsy_ganon_bokoblin1"},"elements":[{"from":[5.9100003,-2.1271355,12.161168],"to":[10.79,2.0528643,16.341167],"faces":{"east":{"uv":[0.625,6.625,0.875,6.875],"tintindex":0,"rotation":0,"texture":"#0"},"south":{"uv":[6.5625,0.375,6.875,0.625],"tintindex":0,"rotation":0,"texture":"#0"},"north":{"uv":[6.5,3.875,6.8125,4.125],"tintindex":0,"rotation":0,"texture":"#0"},"west":{"uv":[6.625,0.6875,6.875,0.9375],"tintindex":0,"rotation":0,"texture":"#0"},"up":{"uv":[2.6875,6.8125,2.375,6.5625],"tintindex":0,"rotation":0,"texture":"#0"},"down":{"uv":[6.875,2.4375,6.5625,2.6875],"tintindex":0,"rotation":0,"texture":"#0"}},"rotation":{"origin":[8.44082,3.1157923,11.37526],"angle":45.0,"axis":"x"}},{"from":[5.8999996,-1.1472378,8.149227],"to":[10.9,7.8527627,14.149226],"faces":{"east":{"uv":[4.25,3.75,4.625,4.3125],"tintindex":0,"rotation":0,"texture":"#0"},"south":{"uv":[4.8125,4.5625,5.125,5.125],"tintindex":0,"rotation":0,"texture":"#0"},"north":{"uv":[1.8125,4.625,2.125,5.1875],"tintindex":0,"rotation":0,"texture":"#0"},"west":{"uv":[0.5,4.3125,0.875,4.875],"tintindex":0,"rotation":0,"texture":"#0"},"up":{"uv":[2.5625,6.3125,2.25,5.9375],"tintindex":0,"rotation":0,"texture":"#0"},"down":{"uv":[6.25,4.5,5.9375,4.875],"tintindex":0,"rotation":0,"texture":"#0"}}}],"display":{"gui":{"rotation":[30,225,0]}}}