{"textures":{"0":"modelengine:entity/nocsy_ganon_bokoblin1"},"elements":[{"from":[4.822182,4.3074756,0.9106071],"to":[6.8021817,7.2874756,2.890607],"faces":{"east":{"uv":[0.1875,6.9375,0.3125,7.125],"tintindex":0,"rotation":0,"texture":"#0"},"south":{"uv":[6.9375,0.3125,7.0625,0.5],"tintindex":0,"rotation":0,"texture":"#0"},"north":{"uv":[6.875,6.875,7.0,7.0625],"tintindex":0,"rotation":0,"texture":"#0"},"west":{"uv":[0.375,6.9375,0.5,7.125],"tintindex":0,"rotation":0,"texture":"#0"},"up":{"uv":[3.6875,7.0625,3.5625,6.9375],"tintindex":0,"rotation":0,"texture":"#0"},"down":{"uv":[7.0625,3.5625,6.9375,3.6875],"tintindex":0,"rotation":0,"texture":"#0"}}},{"from":[8.122182,4.3074756,0.9106071],"to":[10.102181,7.2874756,2.890607],"faces":{"east":{"uv":[0.0,6.875,0.125,7.0625],"tintindex":0,"rotation":0,"texture":"#0"},"south":{"uv":[3.375,6.875,3.5,7.0625],"tintindex":0,"rotation":0,"texture":"#0"},"north":{"uv":[4.9375,6.3125,5.0625,6.5],"tintindex":0,"rotation":0,"texture":"#0"},"west":{"uv":[6.6875,6.875,6.8125,7.0625],"tintindex":0,"rotation":0,"texture":"#0"},"up":{"uv":[7.0625,3.3125,6.9375,3.1875],"tintindex":0,"rotation":0,"texture":"#0"},"down":{"uv":[7.0625,3.375,6.9375,3.5],"tintindex":0,"rotation":0,"texture":"#0"}}},{"from":[4.5121818,4.2974753,2.3006072],"to":[10.512182,8.297476,11.300608],"faces":{"east":{"uv":[3.25,2.8125,3.8125,3.0625],"tintindex":0,"rotation":0,"texture":"#0"},"south":{"uv":[4.0625,6.3125,4.4375,6.5625],"tintindex":0,"rotation":0,"texture":"#0"},"north":{"uv":[3.625,6.3125,4.0,6.5625],"tintindex":0,"rotation":0,"texture":"#0"},"west":{"uv":[5.5625,0.625,6.125,0.875],"tintindex":0,"rotation":0,"texture":"#0"},"up":{"uv":[1.3125,4.875,0.9375,4.3125],"tintindex":0,"rotation":0,"texture":"#0"},"down":{"uv":[3.4375,4.375,3.0625,4.9375],"tintindex":0,"rotation":0,"texture":"#0"}}}],"display":{"gui":{"rotation":[30,225,0]}}}