{"textures":{"0":"modelengine:entity/nocsy_ganon_bokoblin1"},"elements":[{"from":[-5.24354,9.43079,7.0],"to":[0.75646067,11.43079,9.0],"faces":{"east":{"uv":[6.9375,6.6875,7.0625,6.8125],"tintindex":0,"rotation":0,"texture":"#0"},"south":{"uv":[1.3125,6.6875,1.6875,6.8125],"tintindex":0,"rotation":0,"texture":"#0"},"north":{"uv":[6.625,1.0,7.0,1.125],"tintindex":0,"rotation":0,"texture":"#0"},"west":{"uv":[7.0,0.0,7.125,0.125],"tintindex":0,"rotation":0,"texture":"#0"},"up":{"uv":[6.4375,6.8125,6.0625,6.6875],"tintindex":0,"rotation":0,"texture":"#0"},"down":{"uv":[6.875,6.6875,6.5,6.8125],"tintindex":0,"rotation":0,"texture":"#0"}},"rotation":{"origin":[-1.7435398,10.53079,8.0],"angle":-22.5,"axis":"z"}},{"from":[0.15520693,8.567814,7.01],"to":[5.1352067,10.547813,8.99],"faces":{"east":{"uv":[4.3125,6.9375,4.4375,7.0625],"tintindex":0,"rotation":0,"texture":"#0"},"south":{"uv":[5.0625,6.6875,5.375,6.8125],"tintindex":0,"rotation":0,"texture":"#0"},"north":{"uv":[4.5,2.5625,4.8125,2.6875],"tintindex":0,"rotation":0,"texture":"#0"},"west":{"uv":[6.9375,5.6875,7.0625,5.8125],"tintindex":0,"rotation":0,"texture":"#0"},"up":{"uv":[7.0625,5.125,6.75,5.0],"tintindex":0,"rotation":0,"texture":"#0"},"down":{"uv":[7.0625,5.1875,6.75,5.3125],"tintindex":0,"rotation":0,"texture":"#0"}}},{"from":[4.952825,9.590643,7.0],"to":[8.952826,11.590643,9.0],"faces":{"east":{"uv":[7.0,1.9375,7.125,2.0625],"tintindex":0,"rotation":0,"texture":"#0"},"south":{"uv":[5.4375,6.8125,5.6875,6.9375],"tintindex":0,"rotation":0,"texture":"#0"},"north":{"uv":[5.875,0.4375,6.125,0.5625],"tintindex":0,"rotation":0,"texture":"#0"},"west":{"uv":[2.0625,7.0,2.1875,7.125],"tintindex":0,"rotation":0,"texture":"#0"},"up":{"uv":[2.625,7.0,2.375,6.875],"tintindex":0,"rotation":0,"texture":"#0"},"down":{"uv":[2.9375,6.875,2.6875,7.0],"tintindex":0,"rotation":0,"texture":"#0"}},"rotation":{"origin":[2.452825,10.590643,8.0],"angle":-22.5,"axis":"z"}}],"display":{"gui":{"rotation":[30,225,0]}}}