{"textures":{"0":"modelengine:entity/nocsy_ganon_bokoblin1"},"elements":[{"from":[5.21,-2.1271355,12.161168],"to":[10.09,2.0528643,16.341167],"faces":{"east":{"uv":[1.8125,6.625,2.0625,6.875],"tintindex":0,"rotation":0,"texture":"#0"},"south":{"uv":[6.5625,2.75,6.875,3.0],"tintindex":0,"rotation":0,"texture":"#0"},"north":{"uv":[2.75,6.5625,3.0625,6.8125],"tintindex":0,"rotation":0,"texture":"#0"},"west":{"uv":[3.625,6.625,3.875,6.875],"tintindex":0,"rotation":0,"texture":"#0"},"up":{"uv":[6.875,3.3125,6.5625,3.0625],"tintindex":0,"rotation":0,"texture":"#0"},"down":{"uv":[6.875,3.375,6.5625,3.625],"tintindex":0,"rotation":0,"texture":"#0"}},"rotation":{"origin":[7.5591803,3.1157923,11.37526],"angle":45.0,"axis":"x"}},{"from":[5.1000004,-1.1472378,8.149227],"to":[10.1,7.8527627,14.149226],"faces":{"east":{"uv":[4.375,4.375,4.75,4.9375],"tintindex":0,"rotation":0,"texture":"#0"},"south":{"uv":[2.5625,4.875,2.875,5.4375],"tintindex":0,"rotation":0,"texture":"#0"},"north":{"uv":[2.1875,4.875,2.5,5.4375],"tintindex":0,"rotation":0,"texture":"#0"},"west":{"uv":[4.4375,2.75,4.8125,3.3125],"tintindex":0,"rotation":0,"texture":"#0"},"up":{"uv":[6.25,5.3125,5.9375,4.9375],"tintindex":0,"rotation":0,"texture":"#0"},"down":{"uv":[6.25,5.375,5.9375,5.75],"tintindex":0,"rotation":0,"texture":"#0"}}}],"display":{"gui":{"rotation":[30,225,0]}}}