{"textures":{"0":"modelengine:entity/nocsy_ganon_bokoblin1"},"elements":[{"from":[5.6451154,3.9735851,2.319374],"to":[11.645115,7.973585,11.319374],"faces":{"east":{"uv":[3.5625,5.5625,4.125,5.8125],"tintindex":0,"rotation":0,"texture":"#0"},"south":{"uv":[6.3125,5.125,6.6875,5.375],"tintindex":0,"rotation":0,"texture":"#0"},"north":{"uv":[6.3125,4.8125,6.6875,5.0625],"tintindex":0,"rotation":0,"texture":"#0"},"west":{"uv":[4.1875,5.5625,4.75,5.8125],"tintindex":0,"rotation":0,"texture":"#0"},"up":{"uv":[4.875,2.1875,4.5,1.625],"tintindex":0,"rotation":0,"texture":"#0"},"down":{"uv":[4.9375,0.0,4.5625,0.5625],"tintindex":0,"rotation":0,"texture":"#0"}}},{"from":[6.0551157,3.9835851,0.929374],"to":[8.035115,6.963585,2.909374],"faces":{"east":{"uv":[6.9375,0.5625,7.0625,0.75],"tintindex":0,"rotation":0,"texture":"#0"},"south":{"uv":[0.75,6.9375,0.875,7.125],"tintindex":0,"rotation":0,"texture":"#0"},"north":{"uv":[0.5625,6.9375,0.6875,7.125],"tintindex":0,"rotation":0,"texture":"#0"},"west":{"uv":[6.9375,1.1875,7.0625,1.375],"tintindex":0,"rotation":0,"texture":"#0"},"up":{"uv":[3.875,7.0625,3.75,6.9375],"tintindex":0,"rotation":0,"texture":"#0"},"down":{"uv":[4.0625,6.9375,3.9375,7.0625],"tintindex":0,"rotation":0,"texture":"#0"}}},{"from":[9.355116,3.9835851,0.929374],"to":[11.335115,6.963585,2.909374],"faces":{"east":{"uv":[1.875,6.9375,2.0,7.125],"tintindex":0,"rotation":0,"texture":"#0"},"south":{"uv":[6.9375,2.4375,7.0625,2.625],"tintindex":0,"rotation":0,"texture":"#0"},"north":{"uv":[1.6875,6.9375,1.8125,7.125],"tintindex":0,"rotation":0,"texture":"#0"},"west":{"uv":[6.9375,2.6875,7.0625,2.875],"tintindex":0,"rotation":0,"texture":"#0"},"up":{"uv":[4.25,7.0625,4.125,6.9375],"tintindex":0,"rotation":0,"texture":"#0"},"down":{"uv":[7.0625,4.1875,6.9375,4.3125],"tintindex":0,"rotation":0,"texture":"#0"}}}],"display":{"gui":{"rotation":[30,225,0]}}}