{"textures":{"0":"modelengine:entity/nocsy_ganon_bokoblin1"},"elements":[{"from":[3.9840813,-3.9422016,3.8631048],"to":[8.984081,4.0577984,9.863105],"faces":{"east":{"uv":[1.375,4.625,1.75,5.125],"tintindex":0,"rotation":0,"texture":"#0"},"south":{"uv":[5.1875,4.5625,5.5,5.0625],"tintindex":0,"rotation":0,"texture":"#0"},"north":{"uv":[1.3125,5.1875,1.625,5.6875],"tintindex":0,"rotation":0,"texture":"#0"},"west":{"uv":[4.6875,3.375,5.0625,3.875],"tintindex":0,"rotation":0,"texture":"#0"},"up":{"uv":[4.25,6.25,3.9375,5.875],"tintindex":0,"rotation":0,"texture":"#0"},"down":{"uv":[4.625,5.875,4.3125,6.25],"tintindex":0,"rotation":0,"texture":"#0"}},"rotation":{"origin":[6.8840814,-0.4422016,8.273105],"angle":22.5,"axis":"x"}},{"from":[4.6840816,1.6577988,5.123105],"to":[9.684082,9.657799,12.123104],"faces":{"east":{"uv":[4.0,2.1875,4.4375,2.6875],"tintindex":0,"rotation":0,"texture":"#0"},"south":{"uv":[0.0,5.1875,0.3125,5.6875],"tintindex":0,"rotation":0,"texture":"#0"},"north":{"uv":[5.125,3.375,5.4375,3.875],"tintindex":0,"rotation":0,"texture":"#0"},"west":{"uv":[0.0,4.0625,0.4375,4.5625],"tintindex":0,"rotation":0,"texture":"#0"},"up":{"uv":[5.875,6.0,5.5625,5.5625],"tintindex":0,"rotation":0,"texture":"#0"},"down":{"uv":[5.9375,4.0,5.625,4.4375],"tintindex":0,"rotation":0,"texture":"#0"}}}],"display":{"gui":{"rotation":[30,225,0]}}}