{"textures":{"0":"modelengine:entity/thehemlock"},"elements":[{"from":[8.043,8.327667,6.41631],"to":[8.043,9.74752,9.58369],"faces":{"east":{"uv":[4.4375,7.6875,4.6875,7.5625],"tintindex":0,"rotation":0,"texture":"#0"},"west":{"uv":[4.6875,7.6875,4.9375,7.5625],"tintindex":0,"rotation":0,"texture":"#0"}}},{"from":[8.043,6.4439125,6.16831],"to":[8.043,7.863777,9.33569],"faces":{"east":{"uv":[7.5625,3.6875,7.8125,3.5625],"tintindex":0,"rotation":180,"texture":"#0"},"west":{"uv":[7.5625,4.5,7.8125,4.375],"tintindex":0,"rotation":180,"texture":"#0"}}}],"display":{"gui":{"rotation":[30,225,0]}}}