{"textures":{"0":"modelengine:entity/thehemlock"},"elements":[{"from":[6.4788475,4.351322,-2.2722912],"to":[7.9336586,6.4123116,6.2141094],"faces":{"east":{"uv":[7.625,1.3125,7.0,1.4375],"tintindex":0,"rotation":0,"texture":"#0"},"south":{"uv":[2.8125,7.6875,2.6875,7.8125],"tintindex":0,"rotation":0,"texture":"#0"},"north":{"uv":[2.6875,7.6875,2.5625,7.8125],"tintindex":0,"rotation":0,"texture":"#0"},"west":{"uv":[7.5625,3.5625,6.9375,3.6875],"tintindex":0,"rotation":0,"texture":"#0"},"up":{"uv":[5.25,7.5625,5.375,6.9375],"tintindex":0,"rotation":0,"texture":"#0"},"down":{"uv":[0.0,7.0,0.125,7.625],"tintindex":0,"rotation":0,"texture":"#0"}}}],"display":{"gui":{"rotation":[30,225,0]}}}