{"textures":{"0":"modelengine:entity/thehemlock"},"elements":[{"from":[4.1773,5.2368164,6.6893597],"to":[11.8227005,9.605618,6.6893597],"faces":{"south":{"uv":[5.75,0.375,6.3125,0.6875],"tintindex":0,"rotation":0,"texture":"#0"},"north":{"uv":[5.625,5.6875,6.1875,6.0],"tintindex":0,"rotation":0,"texture":"#0"}},"rotation":{"origin":[8.0,8.109219,6.6893597],"angle":-22.5,"axis":"x"}},{"from":[4.1773,6.8823586,18.34375],"to":[11.8227005,11.25116,18.34375],"faces":{"south":{"uv":[6.1875,5.6875,5.625,6.0],"tintindex":0,"rotation":0,"texture":"#0"},"north":{"uv":[6.3125,0.375,5.75,0.6875],"tintindex":0,"rotation":0,"texture":"#0"}},"rotation":{"origin":[8.0,8.109219,14.37107],"angle":22.5,"axis":"x"}}],"display":{"gui":{"rotation":[30,225,0]}}}