{"textures":{"0":"modelengine:entity/thehemlock"},"elements":[{"from":[6.41631,8.32766,7.957],"to":[9.58369,9.74752,7.957],"faces":{"south":{"uv":[7.5625,4.375,7.8125,4.5],"tintindex":0,"rotation":0,"texture":"#0"},"north":{"uv":[7.5625,3.5625,7.8125,3.6875],"tintindex":0,"rotation":0,"texture":"#0"}}},{"from":[6.67736,6.3447685,7.957],"to":[9.84474,7.7646255,7.957],"faces":{"south":{"uv":[4.6875,7.5625,4.9375,7.6875],"tintindex":0,"rotation":180,"texture":"#0"},"north":{"uv":[4.4375,7.5625,4.6875,7.6875],"tintindex":0,"rotation":180,"texture":"#0"}}}],"display":{"gui":{"rotation":[30,225,0]}}}