{"textures":{"0":"modelengine:entity/thehemlock"},"elements":[{"from":[5.48794,7.344681,7.2354603],"to":[8.32766,9.092201,8.76454],"faces":{"east":{"uv":[3.4375,7.6875,3.5625,7.8125],"tintindex":0,"rotation":0,"texture":"#0"},"south":{"uv":[1.1875,7.6875,1.375,7.8125],"tintindex":0,"rotation":0,"texture":"#0"},"north":{"uv":[7.6875,0.9375,7.875,1.0625],"tintindex":0,"rotation":0,"texture":"#0"},"west":{"uv":[3.5625,7.6875,3.6875,7.8125],"tintindex":0,"rotation":0,"texture":"#0"},"up":{"uv":[1.5625,7.8125,1.375,7.6875],"tintindex":0,"rotation":0,"texture":"#0"},"down":{"uv":[1.8125,7.6875,1.625,7.8125],"tintindex":0,"rotation":0,"texture":"#0"}}}],"display":{"gui":{"rotation":[30,225,0]}}}