{"textures":{"0":"modelengine:entity/thehemlock"},"elements":[{"from":[1.0718689,8.750118,11.440002],"to":[3.0116196,10.689869,16.289362],"faces":{"east":{"uv":[7.75,1.125,7.375,1.25],"tintindex":0,"rotation":0,"texture":"#0"},"south":{"uv":[3.0625,7.6875,2.9375,7.8125],"tintindex":0,"rotation":0,"texture":"#0"},"north":{"uv":[2.9375,7.6875,2.8125,7.8125],"tintindex":0,"rotation":0,"texture":"#0"},"west":{"uv":[7.6875,6.375,7.3125,6.5],"tintindex":0,"rotation":0,"texture":"#0"},"up":{"uv":[3.3125,7.6875,3.4375,7.3125],"tintindex":0,"rotation":0,"texture":"#0"},"down":{"uv":[0.8125,7.375,0.9375,7.75],"tintindex":0,"rotation":0,"texture":"#0"}}}],"display":{"gui":{"rotation":[30,225,0]}}}