{"textures":{"0":"modelengine:entity/thehemlock"},"elements":[{"from":[8.096799,7.9208007,-9.679201],"to":[9.1352,8.959201,-8.6408],"faces":{"east":{"uv":[0.0,9.6875,0.125,9.8125],"tintindex":0,"rotation":0,"texture":"#0"},"south":{"uv":[0.0,10.4375,0.125,10.5625],"tintindex":0,"rotation":0,"texture":"#0"},"north":{"uv":[0.0,9.6875,0.125,9.8125],"tintindex":0,"rotation":0,"texture":"#0"},"west":{"uv":[0.0,9.875,0.125,10.0],"tintindex":0,"rotation":0,"texture":"#0"},"up":{"uv":[0.0,10.0625,0.125,10.1875],"tintindex":0,"rotation":0,"texture":"#0"},"down":{"uv":[0.0,10.25,0.125,10.375],"tintindex":0,"rotation":0,"texture":"#0"}},"rotation":{"origin":[8.616,8.44,-9.16],"angle":22.5,"axis":"y"}},{"from":[9.43,9.320001,-8.280001],"to":[7.6699996,7.56,-10.040001],"faces":{"east":{"uv":[0.9375,9.6875,1.1875,9.9375],"tintindex":0,"rotation":0,"texture":"#0"},"south":{"uv":[0.625,10.0,0.875,10.25],"tintindex":0,"rotation":0,"texture":"#0"},"north":{"uv":[0.9375,10.0,1.1875,10.25],"tintindex":0,"rotation":0,"texture":"#0"},"west":{"uv":[0.3125,10.0,0.5625,10.25],"tintindex":0,"rotation":0,"texture":"#0"},"up":{"uv":[0.625,9.6875,0.875,9.9375],"tintindex":0,"rotation":0,"texture":"#0"},"down":{"uv":[0.3125,9.6875,0.5625,9.9375],"tintindex":0,"rotation":0,"texture":"#0"}},"rotation":{"origin":[8.549999,8.44,-9.16],"angle":22.5,"axis":"y"}}],"display":{"gui":{"rotation":[30,225,0]}}}