{"textures":{"0":"modelengine:entity/thehemlock"},"elements":[{"from":[2.92515,1.4913406,2.5241404],"to":[12.75495,8.04454,4.27166],"faces":{"east":{"uv":[5.625,7.1875,5.75,7.6875],"tintindex":0,"rotation":0,"texture":"#0"},"south":{"uv":[4.4375,0.875,5.125,1.375],"tintindex":0,"rotation":0,"texture":"#0"},"north":{"uv":[4.4375,0.375,5.125,0.875],"tintindex":0,"rotation":0,"texture":"#0"},"west":{"uv":[5.75,7.1875,5.875,7.6875],"tintindex":0,"rotation":0,"texture":"#0"},"up":{"uv":[5.125,1.8125,4.4375,1.6875],"tintindex":0,"rotation":0,"texture":"#0"},"down":{"uv":[7.4375,0.375,6.75,0.5],"tintindex":0,"rotation":0,"texture":"#0"}},"rotation":{"origin":[8.38615,14.984619,8.69507],"angle":-45.0,"axis":"y"}},{"from":[6.83076,1.4663391,13.70949],"to":[16.66056,8.019539,15.45701],"faces":{"east":{"uv":[5.75,7.1875,5.875,7.6875],"tintindex":0,"rotation":0,"texture":"#0"},"south":{"uv":[4.4375,0.375,5.125,0.875],"tintindex":0,"rotation":0,"texture":"#0"},"north":{"uv":[4.4375,0.875,5.125,1.375],"tintindex":0,"rotation":0,"texture":"#0"},"west":{"uv":[5.625,7.1875,5.75,7.6875],"tintindex":0,"rotation":0,"texture":"#0"},"up":{"uv":[5.125,1.8125,4.4375,1.6875],"tintindex":0,"rotation":180,"texture":"#0"},"down":{"uv":[7.4375,0.375,6.75,0.5],"tintindex":0,"rotation":180,"texture":"#0"}},"rotation":{"origin":[11.74566,4.7179413,4.56325],"angle":-45.0,"axis":"y"}},{"from":[2.7484598,1.4413414,3.2981396],"to":[12.57826,7.994541,5.04566],"faces":{"east":{"uv":[5.875,7.1875,5.75,7.6875],"tintindex":0,"rotation":0,"texture":"#0"},"south":{"uv":[5.125,0.875,4.4375,1.375],"tintindex":0,"rotation":0,"texture":"#0"},"north":{"uv":[5.125,0.375,4.4375,0.875],"tintindex":0,"rotation":0,"texture":"#0"},"west":{"uv":[5.75,7.1875,5.625,7.6875],"tintindex":0,"rotation":0,"texture":"#0"},"up":{"uv":[4.4375,1.8125,5.125,1.6875],"tintindex":0,"rotation":0,"texture":"#0"},"down":{"uv":[6.75,0.375,7.4375,0.5],"tintindex":0,"rotation":0,"texture":"#0"}},"rotation":{"origin":[7.11726,14.984619,8.69507],"angle":45.0,"axis":"y"}},{"from":[4.01735,2.4243202,4.27166],"to":[11.66275,7.8853188,12.57238],"faces":{"east":{"uv":[2.375,5.125,3.0,5.5],"tintindex":0,"rotation":0,"texture":"#0"},"south":{"uv":[1.0,5.25,1.5625,5.625],"tintindex":0,"rotation":0,"texture":"#0"},"north":{"uv":[0.4375,5.25,1.0,5.625],"tintindex":0,"rotation":0,"texture":"#0"},"west":{"uv":[5.125,4.375,5.75,4.75],"tintindex":0,"rotation":0,"texture":"#0"},"up":{"uv":[2.5,5.0,1.9375,4.375],"tintindex":0,"rotation":0,"texture":"#0"},"down":{"uv":[0.5625,4.4375,0.0,5.0625],"tintindex":0,"rotation":0,"texture":"#0"}},"rotation":{"origin":[8.38615,14.984619,8.69507],"angle":-45.0,"axis":"y"}},{"from":[1.54915,1.4413414,11.54758],"to":[11.37895,7.994541,13.2951],"faces":{"east":{"uv":[5.75,7.1875,5.625,7.6875],"tintindex":0,"rotation":0,"texture":"#0"},"south":{"uv":[5.125,0.375,4.4375,0.875],"tintindex":0,"rotation":0,"texture":"#0"},"north":{"uv":[5.125,0.875,4.4375,1.375],"tintindex":0,"rotation":0,"texture":"#0"},"west":{"uv":[5.875,7.1875,5.75,7.6875],"tintindex":0,"rotation":0,"texture":"#0"},"up":{"uv":[5.125,1.6875,4.4375,1.8125],"tintindex":0,"rotation":0,"texture":"#0"},"down":{"uv":[7.4375,0.5,6.75,0.375],"tintindex":0,"rotation":0,"texture":"#0"}},"rotation":{"origin":[8.38615,14.984619,6.2641697],"angle":45.0,"axis":"y"}}],"display":{"gui":{"rotation":[30,225,0]}}}