{"textures":{"0":"modelengine:entity/thehemlock"},"elements":[{"from":[8.81081,15.059219,-1.655798],"to":[10.750553,16.7565,6.8306007],"faces":{"east":{"uv":[7.4375,4.125,6.8125,4.25],"tintindex":0,"rotation":0,"texture":"#0"},"south":{"uv":[2.5625,7.6875,2.4375,7.8125],"tintindex":0,"rotation":0,"texture":"#0"},"north":{"uv":[7.8125,2.375,7.6875,2.5],"tintindex":0,"rotation":0,"texture":"#0"},"west":{"uv":[7.375,1.1875,6.75,1.3125],"tintindex":0,"rotation":0,"texture":"#0"},"up":{"uv":[0.6875,7.25,0.8125,6.625],"tintindex":0,"rotation":0,"texture":"#0"},"down":{"uv":[0.5625,6.9375,0.6875,7.5625],"tintindex":0,"rotation":0,"texture":"#0"}},"rotation":{"origin":[8.0,9.714649,17.52516],"angle":-22.5,"axis":"x"}}],"display":{"gui":{"rotation":[30,225,0]}}}