{"textures":{"0":"modelengine:entity/thehemlock"},"elements":[{"from":[4.9612694,8.871361,-1.5924282],"to":[6.9010086,10.568642,4.4692802],"faces":{"east":{"uv":[7.6875,4.5625,7.25,4.6875],"tintindex":0,"rotation":0,"texture":"#0"},"south":{"uv":[2.4375,7.6875,2.3125,7.8125],"tintindex":0,"rotation":0,"texture":"#0"},"north":{"uv":[7.8125,2.25,7.6875,2.375],"tintindex":0,"rotation":0,"texture":"#0"},"west":{"uv":[7.6875,3.4375,7.25,3.5625],"tintindex":0,"rotation":0,"texture":"#0"},"up":{"uv":[4.5,6.25,4.625,5.8125],"tintindex":0,"rotation":0,"texture":"#0"},"down":{"uv":[0.6875,7.25,0.8125,7.6875],"tintindex":0,"rotation":0,"texture":"#0"}}}],"display":{"gui":{"rotation":[30,225,0]}}}