{"textures":{"0":"modelengine:entity/thehemlock"},"elements":[{"from":[7.1513634,7.86549,1.6226406],"to":[8.84864,10.168938,8.896688],"faces":{"east":{"uv":[7.25,0.1875,6.75,0.375],"tintindex":0,"rotation":0,"texture":"#0"},"south":{"uv":[7.75,7.375,7.625,7.5625],"tintindex":0,"rotation":0,"texture":"#0"},"north":{"uv":[0.125,7.625,0.0,7.8125],"tintindex":0,"rotation":0,"texture":"#0"},"west":{"uv":[3.0625,3.75,2.5625,3.9375],"tintindex":0,"rotation":0,"texture":"#0"},"up":{"uv":[1.5625,3.75,1.6875,3.25],"tintindex":0,"rotation":0,"texture":"#0"},"down":{"uv":[7.125,5.0,7.25,5.5],"tintindex":0,"rotation":0,"texture":"#0"}}},{"from":[6.6664314,4.4132767,11.775339],"to":[9.33358,6.3530273,19.049398],"faces":{"east":{"uv":[7.5625,4.4375,7.0625,4.5625],"tintindex":0,"rotation":0,"texture":"#0"},"south":{"uv":[7.8125,6.75,7.625,6.875],"tintindex":0,"rotation":0,"texture":"#0"},"north":{"uv":[7.8125,6.625,7.625,6.75],"tintindex":0,"rotation":0,"texture":"#0"},"west":{"uv":[7.5,4.875,7.0,5.0],"tintindex":0,"rotation":0,"texture":"#0"},"up":{"uv":[6.6875,6.875,6.875,6.375],"tintindex":0,"rotation":0,"texture":"#0"},"down":{"uv":[6.5,6.6875,6.6875,7.1875],"tintindex":0,"rotation":0,"texture":"#0"}},"rotation":{"origin":[8.0,11.822628,15.00729],"angle":45.0,"axis":"x"}}],"display":{"gui":{"rotation":[30,225,0]}}}