{"textures":{"0":"modelengine:entity/thehemlock"},"elements":[{"from":[4.0525894,6.6609955,6.58014],"to":[11.69799,10.156029,8.98298],"faces":{"east":{"uv":[1.5625,7.4375,1.375,7.6875],"tintindex":0,"rotation":0,"texture":"#0"},"south":{"uv":[6.75,5.75,6.1875,6.0],"tintindex":0,"rotation":0,"texture":"#0"},"north":{"uv":[6.1875,6.1875,5.625,6.4375],"tintindex":0,"rotation":0,"texture":"#0"},"west":{"uv":[1.375,7.4375,1.1875,7.6875],"tintindex":0,"rotation":0,"texture":"#0"},"up":{"uv":[3.6875,6.75,4.25,6.5625],"tintindex":0,"rotation":0,"texture":"#0"},"down":{"uv":[6.5625,5.0,7.125,5.1875],"tintindex":0,"rotation":0,"texture":"#0"}},"rotation":{"origin":[9.51359,8.626953,7.4539],"angle":22.5,"axis":"z"}}],"display":{"gui":{"rotation":[30,225,0]}}}