{"textures":{"0":"modelengine:entity/thehemlock"},"elements":[{"from":[5.9211206,-2.3454285,9.0922],"to":[14.65872,6.392174,9.0922],"faces":{"south":{"uv":[3.875,2.8125,4.5,3.4375],"tintindex":0,"rotation":0,"texture":"#0"},"north":{"uv":[1.9375,3.75,2.5625,4.375],"tintindex":0,"rotation":0,"texture":"#0"}},"rotation":{"origin":[10.83602,2.1325912,7.4539003],"angle":-22.5,"axis":"x"}},{"from":[4.3020105,6.4425507,6.03404],"to":[11.947411,10.811348,8.87376],"faces":{"east":{"uv":[6.5,7.1875,6.6875,7.5],"tintindex":0,"rotation":0,"texture":"#0"},"south":{"uv":[5.6875,2.1875,6.25,2.5],"tintindex":0,"rotation":0,"texture":"#0"},"north":{"uv":[5.6875,1.875,6.25,2.1875],"tintindex":0,"rotation":0,"texture":"#0"},"west":{"uv":[3.4375,7.25,3.625,7.5625],"tintindex":0,"rotation":0,"texture":"#0"},"up":{"uv":[7.0625,0.9375,6.5,0.75],"tintindex":0,"rotation":0,"texture":"#0"},"down":{"uv":[6.6875,6.5,6.125,6.6875],"tintindex":0,"rotation":0,"texture":"#0"}},"rotation":{"origin":[6.48641,8.626953,6.9077997],"angle":-22.5,"axis":"z"}}],"display":{"gui":{"rotation":[30,225,0]}}}