{"textures":{"0":"modelengine:entity/thehemlock"},"elements":[{"from":[5.1870394,8.414543,7.2354603],"to":[10.648039,9.725182,8.764541],"faces":{"east":{"uv":[7.8125,4.625,7.6875,4.75],"tintindex":0,"rotation":0,"texture":"#0"},"south":{"uv":[7.8125,3.6875,7.4375,3.8125],"tintindex":0,"rotation":0,"texture":"#0"},"north":{"uv":[7.8125,3.125,7.4375,3.25],"tintindex":0,"rotation":0,"texture":"#0"},"west":{"uv":[4.6875,7.6875,4.5625,7.8125],"tintindex":0,"rotation":0,"texture":"#0"},"up":{"uv":[7.4375,3.9375,7.8125,3.8125],"tintindex":0,"rotation":0,"texture":"#0"},"down":{"uv":[7.4375,4.125,7.8125,4.25],"tintindex":0,"rotation":0,"texture":"#0"}},"rotation":{"origin":[10.648039,8.742203,7.6723404],"angle":22.5,"axis":"z"}}],"display":{"gui":{"rotation":[30,225,0]}}}