{"textures":{"0":"modelengine:entity/thehemlock"},"elements":[{"from":[4.7653103,11.09753,6.1194],"to":[11.31851,18.742931,12.23572],"faces":{"east":{"uv":[1.9375,5.0,2.375,5.5625],"tintindex":0,"rotation":0,"texture":"#0"},"south":{"uv":[3.5,4.9375,4.0,5.5],"tintindex":0,"rotation":0,"texture":"#0"},"north":{"uv":[3.0,4.9375,3.5,5.5],"tintindex":0,"rotation":0,"texture":"#0"},"west":{"uv":[0.0,5.0625,0.4375,5.625],"tintindex":0,"rotation":0,"texture":"#0"},"up":{"uv":[5.6875,2.125,5.1875,1.6875],"tintindex":0,"rotation":0,"texture":"#0"},"down":{"uv":[5.6875,2.125,5.1875,2.5625],"tintindex":0,"rotation":0,"texture":"#0"}}},{"from":[3.5271597,23.39397,10.65821],"to":[5.7115602,29.94717,12.40573],"faces":{"east":{"uv":[5.375,7.1875,5.5,7.6875],"tintindex":0,"rotation":0,"texture":"#0"},"south":{"uv":[3.25,6.8125,3.4375,7.3125],"tintindex":0,"rotation":0,"texture":"#0"},"north":{"uv":[2.0,6.8125,2.1875,7.3125],"tintindex":0,"rotation":0,"texture":"#0"},"west":{"uv":[5.5,7.1875,5.625,7.6875],"tintindex":0,"rotation":0,"texture":"#0"},"up":{"uv":[2.125,7.8125,1.9375,7.6875],"tintindex":0,"rotation":0,"texture":"#0"},"down":{"uv":[2.3125,7.6875,2.125,7.8125],"tintindex":0,"rotation":0,"texture":"#0"}},"rotation":{"origin":[2.98106,27.325893,12.40573],"angle":-22.5,"axis":"z"}},{"from":[-3.5890799,16.558529,7.23394],"to":[4.05632,20.927334,11.16586],"faces":{"east":{"uv":[6.6875,1.875,7.0,2.1875],"tintindex":0,"rotation":0,"texture":"#0"},"south":{"uv":[5.625,5.0625,6.1875,5.375],"tintindex":0,"rotation":0,"texture":"#0"},"north":{"uv":[5.625,4.75,6.1875,5.0625],"tintindex":0,"rotation":0,"texture":"#0"},"west":{"uv":[6.6875,2.1875,7.0,2.5],"tintindex":0,"rotation":0,"texture":"#0"},"up":{"uv":[6.1875,5.6875,5.625,5.375],"tintindex":0,"rotation":0,"texture":"#0"},"down":{"uv":[6.25,1.5625,5.6875,1.875],"tintindex":0,"rotation":0,"texture":"#0"}},"rotation":{"origin":[-1.4046803,18.742931,8.6538],"angle":-22.5,"axis":"z"}},{"from":[12.0445595,18.329304,9.09068],"to":[14.22896,24.882504,11.9304],"faces":{"east":{"uv":[2.0,6.8125,1.8125,7.3125],"tintindex":0,"rotation":0,"texture":"#0"},"south":{"uv":[1.8125,6.8125,1.625,7.3125],"tintindex":0,"rotation":0,"texture":"#0"},"north":{"uv":[4.25,6.75,4.0625,7.25],"tintindex":0,"rotation":0,"texture":"#0"},"west":{"uv":[1.625,6.8125,1.4375,7.3125],"tintindex":0,"rotation":0,"texture":"#0"},"up":{"uv":[7.0625,7.6875,7.25,7.5],"tintindex":0,"rotation":0,"texture":"#0"},"down":{"uv":[7.5,7.0625,7.6875,7.25],"tintindex":0,"rotation":0,"texture":"#0"}},"rotation":{"origin":[14.22896,21.6059,9.09068],"angle":22.5,"axis":"x"}},{"from":[8.78489,15.466328,6.68784],"to":[13.15369,22.019527,11.71196],"faces":{"east":{"uv":[6.0,3.875,5.625,4.375],"tintindex":0,"rotation":0,"texture":"#0"},"south":{"uv":[3.3125,6.0,3.0,6.5],"tintindex":0,"rotation":0,"texture":"#0"},"north":{"uv":[3.0,6.0,2.6875,6.5],"tintindex":0,"rotation":0,"texture":"#0"},"west":{"uv":[1.4375,5.625,1.0625,6.125],"tintindex":0,"rotation":0,"texture":"#0"},"up":{"uv":[2.1875,6.875,2.5,6.5],"tintindex":0,"rotation":0,"texture":"#0"},"down":{"uv":[2.5,6.5,2.8125,6.875],"tintindex":0,"rotation":0,"texture":"#0"}},"rotation":{"origin":[17.52249,18.742931,9.1999],"angle":22.5,"axis":"z"}},{"from":[2.96412,15.466328,6.68784],"to":[7.33292,22.019527,11.71196],"faces":{"east":{"uv":[1.0625,5.625,1.4375,6.125],"tintindex":0,"rotation":0,"texture":"#0"},"south":{"uv":[3.0,6.0,3.3125,6.5],"tintindex":0,"rotation":0,"texture":"#0"},"north":{"uv":[2.6875,6.0,3.0,6.5],"tintindex":0,"rotation":0,"texture":"#0"},"west":{"uv":[5.625,3.875,6.0,4.375],"tintindex":0,"rotation":0,"texture":"#0"},"up":{"uv":[2.5,6.875,2.1875,6.5],"tintindex":0,"rotation":0,"texture":"#0"},"down":{"uv":[2.8125,6.5,2.5,6.875],"tintindex":0,"rotation":0,"texture":"#0"}},"rotation":{"origin":[-1.4046803,18.742931,9.1999],"angle":-22.5,"axis":"z"}},{"from":[10.40626,23.39397,10.65821],"to":[12.59066,29.94717,12.40573],"faces":{"east":{"uv":[5.625,7.1875,5.5,7.6875],"tintindex":0,"rotation":0,"texture":"#0"},"south":{"uv":[3.4375,6.8125,3.25,7.3125],"tintindex":0,"rotation":0,"texture":"#0"},"north":{"uv":[2.1875,6.8125,2.0,7.3125],"tintindex":0,"rotation":0,"texture":"#0"},"west":{"uv":[5.5,7.1875,5.375,7.6875],"tintindex":0,"rotation":0,"texture":"#0"},"up":{"uv":[1.9375,7.8125,2.125,7.6875],"tintindex":0,"rotation":0,"texture":"#0"},"down":{"uv":[2.125,7.6875,2.3125,7.8125],"tintindex":0,"rotation":0,"texture":"#0"}},"rotation":{"origin":[13.13676,27.325893,12.40573],"angle":22.5,"axis":"z"}},{"from":[1.8888597,18.329304,9.09068],"to":[4.0732603,24.882504,11.9304],"faces":{"east":{"uv":[1.4375,6.8125,1.625,7.3125],"tintindex":0,"rotation":0,"texture":"#0"},"south":{"uv":[1.625,6.8125,1.8125,7.3125],"tintindex":0,"rotation":0,"texture":"#0"},"north":{"uv":[4.0625,6.75,4.25,7.25],"tintindex":0,"rotation":0,"texture":"#0"},"west":{"uv":[1.8125,6.8125,2.0,7.3125],"tintindex":0,"rotation":0,"texture":"#0"},"up":{"uv":[7.25,7.6875,7.0625,7.5],"tintindex":0,"rotation":0,"texture":"#0"},"down":{"uv":[7.6875,7.0625,7.5,7.25],"tintindex":0,"rotation":0,"texture":"#0"}},"rotation":{"origin":[1.8888597,21.6059,9.09068],"angle":22.5,"axis":"x"}},{"from":[6.67666,7.8209305,6.1194],"to":[9.95326,13.281929,10.05132],"faces":{"east":{"uv":[2.8125,6.5,3.125,6.875],"tintindex":0,"rotation":0,"texture":"#0"},"south":{"uv":[5.0,5.4375,5.25,5.8125],"tintindex":0,"rotation":0,"texture":"#0"},"north":{"uv":[3.0,4.5,3.25,4.875],"tintindex":0,"rotation":0,"texture":"#0"},"west":{"uv":[4.5625,6.5,4.875,6.875],"tintindex":0,"rotation":0,"texture":"#0"},"up":{"uv":[3.875,7.3125,3.625,7.0],"tintindex":0,"rotation":0,"texture":"#0"},"down":{"uv":[7.25,4.5625,7.0,4.875],"tintindex":0,"rotation":0,"texture":"#0"}}},{"from":[12.06149,16.558529,7.23394],"to":[19.70689,20.927334,11.16586],"faces":{"east":{"uv":[7.0,2.1875,6.6875,2.5],"tintindex":0,"rotation":0,"texture":"#0"},"south":{"uv":[6.1875,5.0625,5.625,5.375],"tintindex":0,"rotation":0,"texture":"#0"},"north":{"uv":[6.1875,4.75,5.625,5.0625],"tintindex":0,"rotation":0,"texture":"#0"},"west":{"uv":[7.0,1.875,6.6875,2.1875],"tintindex":0,"rotation":0,"texture":"#0"},"up":{"uv":[5.625,5.6875,6.1875,5.375],"tintindex":0,"rotation":0,"texture":"#0"},"down":{"uv":[5.6875,1.5625,6.25,1.875],"tintindex":0,"rotation":0,"texture":"#0"}},"rotation":{"origin":[17.52249,18.742931,8.6538],"angle":22.5,"axis":"z"}}],"display":{"gui":{"rotation":[30,225,0]}}}