{"textures":{"0":"modelengine:entity/thehemlock"},"elements":[{"from":[3.9689999,7.4088974,6.9078007],"to":[11.614401,9.811737,9.0922],"faces":{"east":{"uv":[7.75,1.4375,7.5625,1.625],"tintindex":0,"rotation":0,"texture":"#0"},"south":{"uv":[7.1875,6.1875,6.625,6.375],"tintindex":0,"rotation":0,"texture":"#0"},"north":{"uv":[7.1875,2.6875,6.625,2.875],"tintindex":0,"rotation":0,"texture":"#0"},"west":{"uv":[7.75,0.1875,7.5625,0.375],"tintindex":0,"rotation":0,"texture":"#0"},"up":{"uv":[6.6875,1.6875,7.25,1.5],"tintindex":0,"rotation":0,"texture":"#0"},"down":{"uv":[6.6875,1.6875,7.25,1.875],"tintindex":0,"rotation":0,"texture":"#0"}},"rotation":{"origin":[9.43,8.828758,7.6723404],"angle":22.5,"axis":"z"}}],"display":{"gui":{"rotation":[30,225,0]}}}