{"textures":{"0":"modelengine:entity/thehemlock"},"elements":[{"from":[5.35196,8.414543,7.2354603],"to":[10.81296,9.725182,8.76454],"faces":{"east":{"uv":[4.4375,7.6875,4.5625,7.8125],"tintindex":0,"rotation":0,"texture":"#0"},"south":{"uv":[7.4375,2.5,7.8125,2.625],"tintindex":0,"rotation":0,"texture":"#0"},"north":{"uv":[7.4375,0.8125,7.8125,0.9375],"tintindex":0,"rotation":0,"texture":"#0"},"west":{"uv":[7.6875,4.5,7.8125,4.625],"tintindex":0,"rotation":0,"texture":"#0"},"up":{"uv":[7.8125,2.75,7.4375,2.625],"tintindex":0,"rotation":0,"texture":"#0"},"down":{"uv":[7.8125,3.0,7.4375,3.125],"tintindex":0,"rotation":0,"texture":"#0"}},"rotation":{"origin":[5.35196,8.742203,7.6723404],"angle":-22.5,"axis":"z"}}],"display":{"gui":{"rotation":[30,225,0]}}}