{"textures":{"0":"modelengine:entity/thehemlock"},"elements":[{"from":[3.9689999,7.4088974,6.9077997],"to":[11.6144,9.811737,9.0922],"faces":{"east":{"uv":[7.625,7.5,7.4375,7.6875],"tintindex":0,"rotation":0,"texture":"#0"},"south":{"uv":[7.125,5.375,6.5625,5.5625],"tintindex":0,"rotation":0,"texture":"#0"},"north":{"uv":[7.125,5.1875,6.5625,5.375],"tintindex":0,"rotation":0,"texture":"#0"},"west":{"uv":[7.4375,7.5,7.25,7.6875],"tintindex":0,"rotation":0,"texture":"#0"},"up":{"uv":[6.5625,5.75,7.125,5.5625],"tintindex":0,"rotation":0,"texture":"#0"},"down":{"uv":[6.625,2.5,7.1875,2.6875],"tintindex":0,"rotation":0,"texture":"#0"}},"rotation":{"origin":[9.429999,8.828758,7.6723404],"angle":22.5,"axis":"z"}}],"display":{"gui":{"rotation":[30,225,0]}}}