{"textures":{"0":"modelengine:entity/thehemlock"},"elements":[{"from":[4.0525904,6.4425507,6.03404],"to":[11.69799,10.811348,8.87376],"faces":{"east":{"uv":[3.625,7.25,3.4375,7.5625],"tintindex":0,"rotation":0,"texture":"#0"},"south":{"uv":[6.25,2.1875,5.6875,2.5],"tintindex":0,"rotation":0,"texture":"#0"},"north":{"uv":[6.25,1.875,5.6875,2.1875],"tintindex":0,"rotation":0,"texture":"#0"},"west":{"uv":[6.6875,7.1875,6.5,7.5],"tintindex":0,"rotation":0,"texture":"#0"},"up":{"uv":[6.5,0.9375,7.0625,0.75],"tintindex":0,"rotation":0,"texture":"#0"},"down":{"uv":[6.125,6.5,6.6875,6.6875],"tintindex":0,"rotation":0,"texture":"#0"}},"rotation":{"origin":[9.51359,8.626953,6.9077997],"angle":22.5,"axis":"z"}},{"from":[1.34128,-2.3454285,9.0922],"to":[10.07888,6.392174,9.0922],"faces":{"south":{"uv":[4.5,2.8125,3.875,3.4375],"tintindex":0,"rotation":0,"texture":"#0"},"north":{"uv":[2.5625,3.75,1.9375,4.375],"tintindex":0,"rotation":0,"texture":"#0"}},"rotation":{"origin":[5.1639805,2.1325912,7.4539003],"angle":-22.5,"axis":"x"}}],"display":{"gui":{"rotation":[30,225,0]}}}