{"textures":{"0":"modelengine:entity/thehemlock"},"elements":[{"from":[7.2354584,8.39003,5.88395],"to":[18.812778,11.229752,9.59743],"faces":{"east":{"uv":[7.375,5.125,7.625,5.3125],"tintindex":0,"rotation":0,"texture":"#0"},"south":{"uv":[6.1875,4.8125,7.0,5.0],"tintindex":0,"rotation":0,"texture":"#0"},"north":{"uv":[6.1875,4.625,7.0,4.8125],"tintindex":0,"rotation":0,"texture":"#0"},"west":{"uv":[7.375,5.3125,7.625,5.5],"tintindex":0,"rotation":0,"texture":"#0"},"up":{"uv":[6.3125,3.25,5.5,3.0],"tintindex":0,"rotation":0,"texture":"#0"},"down":{"uv":[4.0,5.5,3.1875,5.75],"tintindex":0,"rotation":0,"texture":"#0"}},"rotation":{"origin":[12.9149,11.66663,7.74069],"angle":-22.5,"axis":"z"}},{"from":[4.7765884,9.206539,6.43005],"to":[7.61631,15.322861,9.05133],"faces":{"east":{"uv":[6.875,6.5625,7.0625,7.0],"tintindex":0,"rotation":0,"texture":"#0"},"south":{"uv":[6.6875,6.875,6.875,7.3125],"tintindex":0,"rotation":0,"texture":"#0"},"north":{"uv":[4.6875,6.875,4.875,7.3125],"tintindex":0,"rotation":0,"texture":"#0"},"west":{"uv":[0.375,6.9375,0.5625,7.375],"tintindex":0,"rotation":0,"texture":"#0"},"up":{"uv":[7.6875,2.3125,7.5,2.125],"tintindex":0,"rotation":0,"texture":"#0"},"down":{"uv":[7.6875,2.3125,7.5,2.5],"tintindex":0,"rotation":0,"texture":"#0"}},"rotation":{"origin":[1.6092091,14.339882,7.74069],"angle":22.5,"axis":"z"}},{"from":[7.12624,4.676552,5.17273],"to":[18.70356,10.79287,11.07061],"faces":{"east":{"uv":[1.9375,5.5625,2.375,6.0],"tintindex":0,"rotation":0,"texture":"#0"},"south":{"uv":[4.0625,4.0,4.875,4.4375],"tintindex":0,"rotation":0,"texture":"#0"},"north":{"uv":[3.25,4.0,4.0625,4.4375],"tintindex":0,"rotation":0,"texture":"#0"},"west":{"uv":[0.625,5.625,1.0625,6.0625],"tintindex":0,"rotation":0,"texture":"#0"},"up":{"uv":[5.1875,2.25,4.375,1.8125],"tintindex":0,"rotation":0,"texture":"#0"},"down":{"uv":[5.1875,2.25,4.375,2.6875],"tintindex":0,"rotation":0,"texture":"#0"}}}],"display":{"gui":{"rotation":[30,225,0]}}}