{"textures":{"0":"modelengine:entity/thehemlock"},"elements":[{"from":[8.0,5.5971603,-0.19149971],"to":[8.0,9.529079,5.70638],"faces":{"east":{"uv":[0.8125,6.3125,0.375,6.625],"tintindex":0,"rotation":0,"texture":"#0"},"west":{"uv":[6.75,0.25,6.3125,0.5625],"tintindex":0,"rotation":0,"texture":"#0"}},"rotation":{"origin":[8.0,8.32766,3.6311998],"angle":-22.5,"axis":"x"}},{"from":[6.9078026,7.12624,4.39574],"to":[9.092201,8.87376,8.10922],"faces":{"east":{"uv":[3.6875,7.5625,3.4375,7.6875],"tintindex":0,"rotation":0,"texture":"#0"},"south":{"uv":[7.8125,5.375,7.625,5.5],"tintindex":0,"rotation":0,"texture":"#0"},"north":{"uv":[7.8125,5.25,7.625,5.375],"tintindex":0,"rotation":0,"texture":"#0"},"west":{"uv":[7.8125,3.25,7.5625,3.375],"tintindex":0,"rotation":0,"texture":"#0"},"up":{"uv":[4.625,7.5625,4.8125,7.3125],"tintindex":0,"rotation":0,"texture":"#0"},"down":{"uv":[4.8125,7.3125,5.0,7.5625],"tintindex":0,"rotation":0,"texture":"#0"}}}],"display":{"gui":{"rotation":[30,225,0]}}}