{"textures":{"0":"modelengine:entity/thehemlock"},"elements":[{"from":[14.88086,6.0886497,6.3617],"to":[23.18158,9.36525,9.6383],"faces":{"east":{"uv":[2.8125,2.5625,3.0625,2.8125],"tintindex":0,"rotation":0,"texture":"#0"},"south":{"uv":[5.8125,0.0,6.4375,0.25],"tintindex":0,"rotation":0,"texture":"#0"},"north":{"uv":[5.75,4.375,6.375,4.625],"tintindex":0,"rotation":0,"texture":"#0"},"west":{"uv":[4.4375,7.0625,4.6875,7.3125],"tintindex":0,"rotation":0,"texture":"#0"},"up":{"uv":[6.5,0.9375,5.875,0.6875],"tintindex":0,"rotation":0,"texture":"#0"},"down":{"uv":[0.625,5.9375,0.0,6.1875],"tintindex":0,"rotation":0,"texture":"#0"}}},{"from":[6.58014,5.8156013,5.2695],"to":[14.88086,10.184399,10.7305],"faces":{"east":{"uv":[1.1875,4.3125,1.5625,4.625],"tintindex":0,"rotation":0,"texture":"#0"},"south":{"uv":[0.0,5.625,0.625,5.9375],"tintindex":0,"rotation":0,"texture":"#0"},"north":{"uv":[5.5625,3.25,6.1875,3.5625],"tintindex":0,"rotation":0,"texture":"#0"},"west":{"uv":[5.0,6.375,5.375,6.6875],"tintindex":0,"rotation":0,"texture":"#0"},"up":{"uv":[5.25,5.4375,4.625,5.0625],"tintindex":0,"rotation":0,"texture":"#0"},"down":{"uv":[5.75,0.375,5.125,0.75],"tintindex":0,"rotation":0,"texture":"#0"}}}],"display":{"gui":{"rotation":[30,225,0]}}}