{"textures":{"0":"modelengine:entity/thehemlock"},"elements":[{"from":[9.399635,14.578266,7.34468],"to":[14.096095,15.670465,8.98298],"faces":{"east":{"uv":[7.375,5.5,7.625,5.6875],"tintindex":0,"rotation":0,"texture":"#0"},"south":{"uv":[6.4375,0.0,7.125,0.1875],"tintindex":0,"rotation":0,"texture":"#0"},"north":{"uv":[6.375,4.375,7.0625,4.5625],"tintindex":0,"rotation":0,"texture":"#0"},"west":{"uv":[7.375,5.6875,7.625,5.875],"tintindex":0,"rotation":0,"texture":"#0"},"up":{"uv":[3.0625,6.0,2.375,5.75],"tintindex":0,"rotation":0,"texture":"#0"},"down":{"uv":[3.75,5.75,3.0625,6.0],"tintindex":0,"rotation":0,"texture":"#0"}},"rotation":{"origin":[12.840065,14.851316,8.16383],"angle":45.0,"axis":"z"}},{"from":[3.8035998,14.049465,5.16028],"to":[5.988,17.653727,11.16738],"faces":{"east":{"uv":[4.375,2.3125,3.5,2.8125],"tintindex":0,"rotation":0,"texture":"#0"},"south":{"uv":[5.3125,5.875,5.0,6.375],"tintindex":0,"rotation":0,"texture":"#0"},"north":{"uv":[1.75,5.875,1.4375,6.375],"tintindex":0,"rotation":0,"texture":"#0"},"west":{"uv":[4.375,1.8125,3.5,2.3125],"tintindex":0,"rotation":0,"texture":"#0"},"up":{"uv":[4.0,5.8125,4.3125,4.9375],"tintindex":0,"rotation":0,"texture":"#0"},"down":{"uv":[4.3125,4.9375,4.625,5.8125],"tintindex":0,"rotation":0,"texture":"#0"}},"rotation":{"origin":[5.71495,15.578547,8.16383],"angle":45.0,"axis":"z"}},{"from":[13.003426,15.728485,7.4539],"to":[15.515486,16.820686,8.87376],"faces":{"east":{"uv":[7.5,6.125,7.6875,6.3125],"tintindex":0,"rotation":0,"texture":"#0"},"south":{"uv":[7.0625,4.25,7.4375,4.4375],"tintindex":0,"rotation":0,"texture":"#0"},"north":{"uv":[7.0625,0.75,7.4375,0.9375],"tintindex":0,"rotation":0,"texture":"#0"},"west":{"uv":[6.5,7.5,6.6875,7.6875],"tintindex":0,"rotation":0,"texture":"#0"},"up":{"uv":[7.4375,6.1875,7.0625,6.0],"tintindex":0,"rotation":0,"texture":"#0"},"down":{"uv":[7.4375,6.5625,7.0625,6.75],"tintindex":0,"rotation":0,"texture":"#0"}},"rotation":{"origin":[14.423285,16.820686,8.16383],"angle":22.5,"axis":"z"}},{"from":[3.3537602,14.578266,7.34468],"to":[5.86582,16.216566,8.98298],"faces":{"east":{"uv":[7.125,5.5,7.375,5.75],"tintindex":0,"rotation":0,"texture":"#0"},"south":{"uv":[3.6875,6.75,4.0625,7.0],"tintindex":0,"rotation":0,"texture":"#0"},"north":{"uv":[6.75,0.9375,7.125,1.1875],"tintindex":0,"rotation":0,"texture":"#0"},"west":{"uv":[7.125,5.75,7.375,6.0],"tintindex":0,"rotation":0,"texture":"#0"},"up":{"uv":[5.75,7.0,5.375,6.75],"tintindex":0,"rotation":0,"texture":"#0"},"down":{"uv":[6.125,6.75,5.75,7.0],"tintindex":0,"rotation":0,"texture":"#0"}},"rotation":{"origin":[2.97149,14.851316,8.16383],"angle":-45.0,"axis":"z"}},{"from":[17.022465,17.934746,7.78156],"to":[17.950834,20.446804,8.546101],"faces":{"east":{"uv":[6.25,7.375,6.375,7.75],"tintindex":0,"rotation":0,"texture":"#0"},"south":{"uv":[6.375,7.375,6.5,7.75],"tintindex":0,"rotation":0,"texture":"#0"},"north":{"uv":[3.9375,7.375,4.0625,7.75],"tintindex":0,"rotation":0,"texture":"#0"},"west":{"uv":[1.0625,7.4375,1.1875,7.8125],"tintindex":0,"rotation":0,"texture":"#0"},"up":{"uv":[7.8125,4.0625,7.6875,3.9375],"tintindex":0,"rotation":0,"texture":"#0"},"down":{"uv":[4.1875,7.6875,4.0625,7.8125],"tintindex":0,"rotation":0,"texture":"#0"}},"rotation":{"origin":[18.114666,19.299995,8.16383],"angle":-22.5,"axis":"z"}},{"from":[7.19973,7.9331455,6.79858],"to":[8.83803,9.571445,8.76454],"faces":{"east":{"uv":[1.0625,7.0,1.375,7.25],"tintindex":0,"rotation":0,"texture":"#0"},"south":{"uv":[7.1875,3.6875,7.4375,3.9375],"tintindex":0,"rotation":0,"texture":"#0"},"north":{"uv":[7.1875,2.5,7.4375,2.75],"tintindex":0,"rotation":0,"texture":"#0"},"west":{"uv":[7.0,2.125,7.3125,2.375],"tintindex":0,"rotation":0,"texture":"#0"},"up":{"uv":[0.375,7.3125,0.125,7.0],"tintindex":0,"rotation":0,"texture":"#0"},"down":{"uv":[7.25,3.25,7.0,3.5625],"tintindex":0,"rotation":0,"texture":"#0"}}},{"from":[4.57845,13.667196,4.61418],"to":[11.459311,15.851597,11.71348],"faces":{"east":{"uv":[4.4375,1.375,5.5,1.6875],"tintindex":0,"rotation":0,"texture":"#0"},"south":{"uv":[4.5625,3.3125,5.5625,3.625],"tintindex":0,"rotation":0,"texture":"#0"},"north":{"uv":[4.5,3.0,5.5,3.3125],"tintindex":0,"rotation":0,"texture":"#0"},"west":{"uv":[4.5,2.6875,5.5625,3.0],"tintindex":0,"rotation":0,"texture":"#0"},"up":{"uv":[1.0,1.0625,0.0,0.0],"tintindex":0,"rotation":0,"texture":"#0"},"down":{"uv":[2.0,0.0,1.0,1.0625],"tintindex":0,"rotation":0,"texture":"#0"}},"rotation":{"origin":[8.01888,14.759396,8.16383],"angle":-22.5,"axis":"x"}},{"from":[9.793705,14.049465,5.16028],"to":[11.978106,17.653727,11.16738],"faces":{"east":{"uv":[3.5,1.8125,4.375,2.3125],"tintindex":0,"rotation":0,"texture":"#0"},"south":{"uv":[5.0,5.875,5.3125,6.375],"tintindex":0,"rotation":0,"texture":"#0"},"north":{"uv":[1.4375,5.875,1.75,6.375],"tintindex":0,"rotation":0,"texture":"#0"},"west":{"uv":[3.5,2.3125,4.375,2.8125],"tintindex":0,"rotation":0,"texture":"#0"},"up":{"uv":[4.3125,5.8125,4.0,4.9375],"tintindex":0,"rotation":0,"texture":"#0"},"down":{"uv":[4.625,4.9375,4.3125,5.8125],"tintindex":0,"rotation":0,"texture":"#0"}},"rotation":{"origin":[10.066755,15.578547,8.16383],"angle":-45.0,"axis":"z"}},{"from":[15.436501,17.21478,7.67234],"to":[17.948559,18.30698,8.65532],"faces":{"east":{"uv":[0.6875,7.6875,0.8125,7.875],"tintindex":0,"rotation":0,"texture":"#0"},"south":{"uv":[2.5625,7.125,2.9375,7.3125],"tintindex":0,"rotation":0,"texture":"#0"},"north":{"uv":[2.1875,7.125,2.5625,7.3125],"tintindex":0,"rotation":0,"texture":"#0"},"west":{"uv":[1.8125,7.6875,1.9375,7.875],"tintindex":0,"rotation":0,"texture":"#0"},"up":{"uv":[7.8125,0.5,7.4375,0.375],"tintindex":0,"rotation":0,"texture":"#0"},"down":{"uv":[7.8125,0.6875,7.4375,0.8125],"tintindex":0,"rotation":0,"texture":"#0"}},"rotation":{"origin":[16.80175,17.21478,8.16383],"angle":45.0,"axis":"z"}},{"from":[2.2620301,15.4008255,7.4539],"to":[4.77409,16.493027,8.87376],"faces":{"east":{"uv":[6.875,7.5,7.0625,7.6875],"tintindex":0,"rotation":0,"texture":"#0"},"south":{"uv":[7.125,0.0,7.5,0.1875],"tintindex":0,"rotation":0,"texture":"#0"},"north":{"uv":[7.0625,6.75,7.4375,6.9375],"tintindex":0,"rotation":0,"texture":"#0"},"west":{"uv":[7.5,6.875,7.6875,7.0625],"tintindex":0,"rotation":0,"texture":"#0"},"up":{"uv":[7.5,0.6875,7.125,0.5],"tintindex":0,"rotation":0,"texture":"#0"},"down":{"uv":[7.5,0.9375,7.125,1.125],"tintindex":0,"rotation":0,"texture":"#0"}},"rotation":{"origin":[1.5521002,17.039125,8.16383],"angle":-22.5,"axis":"z"}},{"from":[2.06639,14.759396,4.61418],"to":[4.57845,14.759396,11.71348],"faces":{"up":{"uv":[1.5625,4.3125,1.1875,3.25],"tintindex":0,"rotation":0,"texture":"#0"},"down":{"uv":[0.375,3.375,0.0,4.4375],"tintindex":0,"rotation":0,"texture":"#0"}},"rotation":{"origin":[8.01888,14.759396,8.16383],"angle":-22.5,"axis":"x"}},{"from":[4.7934504,16.286371,11.515205],"to":[11.24431,21.235672,11.515205],"faces":{"south":{"uv":[1.125,1.8125,2.0625,2.5625],"tintindex":0,"rotation":0,"texture":"#0"},"north":{"uv":[1.125,1.0625,2.0625,1.8125],"tintindex":0,"rotation":0,"texture":"#0"}},"rotation":{"origin":[8.01888,18.11602,12.117205],"angle":22.5,"axis":"x"}},{"from":[4.7149754,11.755846,5.76099],"to":[11.049735,15.578547,10.67589],"faces":{"east":{"uv":[3.875,3.4375,4.5625,4.0],"tintindex":0,"rotation":0,"texture":"#0"},"south":{"uv":[3.5,1.25,4.4375,1.8125],"tintindex":0,"rotation":0,"texture":"#0"},"north":{"uv":[3.5,0.6875,4.4375,1.25],"tintindex":0,"rotation":0,"texture":"#0"},"west":{"uv":[2.5625,3.9375,3.25,4.5],"tintindex":0,"rotation":0,"texture":"#0"},"up":{"uv":[1.6875,3.25,0.75,2.5625],"tintindex":0,"rotation":0,"texture":"#0"},"down":{"uv":[3.6875,0.0,2.75,0.6875],"tintindex":0,"rotation":0,"texture":"#0"}}},{"from":[5.261075,9.571445,6.58014],"to":[10.503635,11.755846,9.31064],"faces":{"east":{"uv":[1.4375,6.5,1.8125,6.8125],"tintindex":0,"rotation":0,"texture":"#0"},"south":{"uv":[5.125,0.75,5.875,1.0625],"tintindex":0,"rotation":0,"texture":"#0"},"north":{"uv":[3.6875,0.375,4.4375,0.6875],