{"textures":{"0":"modelengine:entity/thehemlock"},"elements":[{"from":[6.907799,7.12624,4.3957405],"to":[9.092197,8.87376,8.1092205],"faces":{"east":{"uv":[2.25,7.5625,2.5,7.6875],"tintindex":0,"rotation":0,"texture":"#0"},"south":{"uv":[7.625,2.75,7.8125,2.875],"tintindex":0,"rotation":0,"texture":"#0"},"north":{"uv":[7.625,2.0,7.8125,2.125],"tintindex":0,"rotation":0,"texture":"#0"},"west":{"uv":[2.5,7.5625,2.75,7.6875],"tintindex":0,"rotation":0,"texture":"#0"},"up":{"uv":[3.125,7.5625,2.9375,7.3125],"tintindex":0,"rotation":0,"texture":"#0"},"down":{"uv":[3.3125,7.3125,3.125,7.5625],"tintindex":0,"rotation":0,"texture":"#0"}}},{"from":[8.0,5.5971603,-0.19149971],"to":[8.0,9.529079,5.70638],"faces":{"east":{"uv":[3.6875,6.25,4.125,6.5625],"tintindex":0,"rotation":0,"texture":"#0"},"west":{"uv":[4.125,6.25,4.5625,6.5625],"tintindex":0,"rotation":0,"texture":"#0"}},"rotation":{"origin":[8.0,8.32766,3.6311998],"angle":-22.5,"axis":"x"}}],"display":{"gui":{"rotation":[30,225,0]}}}