{"textures":{"0":"modelengine:entity/thehemlock"},"elements":[{"from":[6.9078026,7.12624,4.39574],"to":[9.092201,8.87376,8.1092205],"faces":{"east":{"uv":[7.5,7.25,7.75,7.375],"tintindex":0,"rotation":0,"texture":"#0"},"south":{"uv":[0.5,7.625,0.6875,7.75],"tintindex":0,"rotation":0,"texture":"#0"},"north":{"uv":[0.3125,7.625,0.5,7.75],"tintindex":0,"rotation":0,"texture":"#0"},"west":{"uv":[7.5625,1.625,7.8125,1.75],"tintindex":0,"rotation":0,"texture":"#0"},"up":{"uv":[2.375,7.5625,2.1875,7.3125],"tintindex":0,"rotation":0,"texture":"#0"},"down":{"uv":[2.5625,7.3125,2.375,7.5625],"tintindex":0,"rotation":0,"texture":"#0"}}},{"from":[8.0,5.5971603,-0.19149971],"to":[8.0,9.529079,5.7063804],"faces":{"east":{"uv":[6.25,1.875,6.6875,2.1875],"tintindex":0,"rotation":0,"texture":"#0"},"west":{"uv":[6.25,2.1875,6.6875,2.5],"tintindex":0,"rotation":0,"texture":"#0"}},"rotation":{"origin":[8.0,8.32766,3.6312003],"angle":-22.5,"axis":"x"}}],"display":{"gui":{"rotation":[30,225,0]}}}