{"textures":{"0":"modelengine:entity/thehemlock"},"elements":[{"from":[-3.29035,8.39003,5.88395],"to":[8.28697,11.229752,9.59743],"faces":{"east":{"uv":[7.625,5.3125,7.375,5.5],"tintindex":0,"rotation":0,"texture":"#0"},"south":{"uv":[7.0,4.8125,6.1875,5.0],"tintindex":0,"rotation":0,"texture":"#0"},"north":{"uv":[7.0,4.625,6.1875,4.8125],"tintindex":0,"rotation":0,"texture":"#0"},"west":{"uv":[7.625,5.125,7.375,5.3125],"tintindex":0,"rotation":0,"texture":"#0"},"up":{"uv":[5.5,3.25,6.3125,3.0],"tintindex":0,"rotation":0,"texture":"#0"},"down":{"uv":[3.1875,5.5,4.0,5.75],"tintindex":0,"rotation":0,"texture":"#0"}},"rotation":{"origin":[2.6075287,11.66663,7.74069],"angle":22.5,"axis":"z"}},{"from":[7.9061184,9.206539,6.43005],"to":[10.74584,15.322861,9.05133],"faces":{"east":{"uv":[0.5625,6.9375,0.375,7.375],"tintindex":0,"rotation":0,"texture":"#0"},"south":{"uv":[6.875,6.875,6.6875,7.3125],"tintindex":0,"rotation":0,"texture":"#0"},"north":{"uv":[4.875,6.875,4.6875,7.3125],"tintindex":0,"rotation":0,"texture":"#0"},"west":{"uv":[7.0625,6.5625,6.875,7.0],"tintindex":0,"rotation":0,"texture":"#0"},"up":{"uv":[7.5,2.3125,7.6875,2.125],"tintindex":0,"rotation":0,"texture":"#0"},"down":{"uv":[7.5,2.3125,7.6875,2.5],"tintindex":0,"rotation":0,"texture":"#0"}},"rotation":{"origin":[13.913219,14.339882,7.74069],"angle":-22.5,"axis":"z"}},{"from":[-2.7035618,4.676552,5.17273],"to":[8.873758,10.79287,11.07061],"faces":{"east":{"uv":[1.0625,5.625,0.625,6.0625],"tintindex":0,"rotation":0,"texture":"#0"},"south":{"uv":[4.875,4.0,4.0625,4.4375],"tintindex":0,"rotation":0,"texture":"#0"},"north":{"uv":[4.0625,4.0,3.25,4.4375],"tintindex":0,"rotation":0,"texture":"#0"},"west":{"uv":[2.375,5.5625,1.9375,6.0],"tintindex":0,"rotation":0,"texture":"#0"},"up":{"uv":[4.375,2.25,5.1875,1.8125],"tintindex":0,"rotation":0,"texture":"#0"},"down":{"uv":[4.375,2.25,5.1875,2.6875],"tintindex":0,"rotation":0,"texture":"#0"}}}],"display":{"gui":{"rotation":[30,225,0]}}}