{"textures":{"0":"modelengine:entity/thehemlock"},"elements":[{"from":[6.52734,-5.1063995,5.9377804],"to":[6.52734,8.0,15.3307],"faces":{"east":{"uv":[2.8125,0.6875,3.5,1.625],"tintindex":0,"rotation":0,"texture":"#0"},"west":{"uv":[2.8125,1.625,3.5,2.5625],"tintindex":0,"rotation":0,"texture":"#0"}},"rotation":{"origin":[10.89614,33.666702,11.2822895],"angle":-45.0,"axis":"y"}}],"display":{"gui":{"rotation":[30,225,0]}}}