{"textures":{"0":"modelengine:entity/thehemlock"},"elements":[{"from":[6.52734,-4.742342,5.76668],"to":[6.52734,8.364059,16.2518],"faces":{"east":{"uv":[2.0,0.0,2.75,0.9375],"tintindex":0,"rotation":0,"texture":"#0"},"west":{"uv":[2.0625,0.9375,2.8125,1.875],"tintindex":0,"rotation":0,"texture":"#0"}},"rotation":{"origin":[10.89614,20.924358,11.2822895],"angle":-45.0,"axis":"y"}}],"display":{"gui":{"rotation":[30,225,0]}}}