{"textures":{"0":"modelengine:entity/phantom_ender"},"elements":[{"from":[-1.9854164,7.3770833,7.45625],"to":[8.089583,8.877083,8.45625],"faces":{"east":{"uv":[5.875,8.1875,6.0,8.375],"tintindex":0,"rotation":0,"texture":"#0"},"south":{"uv":[0.0,7.1875,1.25,7.375],"tintindex":0,"rotation":0,"texture":"#0"},"north":{"uv":[5.125,7.125,6.375,7.3125],"tintindex":0,"rotation":0,"texture":"#0"},"west":{"uv":[0.0,8.25,0.125,8.4375],"tintindex":0,"rotation":0,"texture":"#0"},"up":{"uv":[9.0,7.875,7.75,7.75],"tintindex":0,"rotation":0,"texture":"#0"},"down":{"uv":[9.0625,3.75,7.8125,3.875],"tintindex":0,"rotation":0,"texture":"#0"}}},{"from":[-1.9354172,8.627083,16.20625],"to":[8.064583,8.627083,25.70625],"faces":{"up":{"uv":[0.0,4.4375,1.25,3.25],"tintindex":0,"rotation":0,"texture":"#0"},"down":{"uv":[0.0,3.25,1.25,4.4375],"tintindex":0,"rotation":0,"texture":"#0"}}},{"from":[-1.9354172,7.6270833,7.70625],"to":[8.064583,8.627083,16.20625],"faces":{"east":{"uv":[9.0625,0.6875,8.0,0.8125],"tintindex":0,"rotation":0,"texture":"#0"},"south":{"uv":[6.4375,7.75,7.6875,7.875],"tintindex":0,"rotation":0,"texture":"#0"},"north":{"uv":[5.125,7.625,6.375,7.75],"tintindex":0,"rotation":0,"texture":"#0"},"west":{"uv":[8.0,0.6875,9.0625,0.8125],"tintindex":0,"rotation":0,"texture":"#0"},"up":{"uv":[1.25,5.5625,0.0,4.5],"tintindex":0,"rotation":0,"texture":"#0"},"down":{"uv":[1.25,4.5,0.0,5.5625],"tintindex":0,"rotation":0,"texture":"#0"}}}],"display":{"gui":{"rotation":[30,225,0]}}}