{"textures":{"0":"modelengine:entity/phantom_ender"},"elements":[{"from":[-4.762501,7.4333334,7.591666],"to":[8.0375,8.433334,8.591666],"faces":{"east":{"uv":[2.9375,8.25,3.0625,8.375],"tintindex":0,"rotation":0,"texture":"#0"},"south":{"uv":[7.5625,4.9375,9.1875,5.0625],"tintindex":0,"rotation":0,"texture":"#0"},"north":{"uv":[1.75,7.4375,3.375,7.5625],"tintindex":0,"rotation":0,"texture":"#0"},"west":{"uv":[3.125,8.25,3.25,8.375],"tintindex":0,"rotation":0,"texture":"#0"},"up":{"uv":[9.1875,5.25,7.5625,5.125],"tintindex":0,"rotation":0,"texture":"#0"},"down":{"uv":[9.1875,5.3125,7.5625,5.4375],"tintindex":0,"rotation":0,"texture":"#0"}}},{"from":[-6.487499,8.195833,14.329166],"to":[8.012501,8.195833,22.329166],"faces":{"up":{"uv":[3.4375,1.0,1.625,0.0],"tintindex":0,"rotation":0,"texture":"#0"},"down":{"uv":[3.4375,0.0,1.625,1.0],"tintindex":0,"rotation":0,"texture":"#0"}}},{"from":[-4.487499,7.6958337,7.8291664],"to":[8.012501,8.195833,14.329166],"faces":{"east":{"uv":[7.125,0.75,7.9375,0.8125],"tintindex":0,"rotation":0,"texture":"#0"},"south":{"uv":[8.1875,1.0,9.75,1.0625],"tintindex":0,"rotation":0,"texture":"#0"},"north":{"uv":[8.1875,0.875,9.75,0.9375],"tintindex":0,"rotation":0,"texture":"#0"},"west":{"uv":[6.4375,7.625,7.25,7.6875],"tintindex":0,"rotation":0,"texture":"#0"},"up":{"uv":[6.375,1.9375,4.8125,1.125],"tintindex":0,"rotation":0,"texture":"#0"},"down":{"uv":[6.375,1.125,4.8125,1.9375],"tintindex":0,"rotation":0,"texture":"#0"}}}],"display":{"gui":{"rotation":[30,225,0]}}}