{"textures":{"0":"modelengine:entity/phantom_ender"},"elements":[{"from":[7.9354167,7.6270833,7.70625],"to":[17.935417,8.627083,16.20625],"faces":{"east":{"uv":[9.0625,0.6875,8.0,0.8125],"tintindex":0,"rotation":0,"texture":"#0"},"south":{"uv":[7.6875,7.75,6.4375,7.875],"tintindex":0,"rotation":0,"texture":"#0"},"north":{"uv":[6.375,7.625,5.125,7.75],"tintindex":0,"rotation":0,"texture":"#0"},"west":{"uv":[8.0,0.6875,9.0625,0.8125],"tintindex":0,"rotation":0,"texture":"#0"},"up":{"uv":[0.0,5.5625,1.25,4.5],"tintindex":0,"rotation":0,"texture":"#0"},"down":{"uv":[0.0,4.5,1.25,5.5625],"tintindex":0,"rotation":0,"texture":"#0"}}},{"from":[7.9354167,8.627083,16.20625],"to":[17.935417,8.627083,25.70625],"faces":{"up":{"uv":[1.25,4.4375,0.0,3.25],"tintindex":0,"rotation":0,"texture":"#0"},"down":{"uv":[1.25,3.25,0.0,4.4375],"tintindex":0,"rotation":0,"texture":"#0"}}},{"from":[7.9104166,7.3770833,7.45625],"to":[17.985416,8.877083,8.45625],"faces":{"east":{"uv":[0.125,8.25,0.0,8.4375],"tintindex":0,"rotation":0,"texture":"#0"},"south":{"uv":[1.25,7.1875,0.0,7.375],"tintindex":0,"rotation":0,"texture":"#0"},"north":{"uv":[6.375,7.125,5.125,7.3125],"tintindex":0,"rotation":0,"texture":"#0"},"west":{"uv":[6.0,8.1875,5.875,8.375],"tintindex":0,"rotation":0,"texture":"#0"},"up":{"uv":[7.75,7.875,9.0,7.75],"tintindex":0,"rotation":0,"texture":"#0"},"down":{"uv":[7.8125,3.75,9.0625,3.875],"tintindex":0,"rotation":0,"texture":"#0"}}}],"display":{"gui":{"rotation":[30,225,0]}}}