{"textures":{"0":"modelengine:entity/thesoulrot"},"elements":[{"from":[11.82683,5.2612114,5.0],"to":[11.82683,12.261211,11.0],"faces":{"east":{"uv":[12.3125,2.8125,12.6875,3.25],"tintindex":0,"rotation":0,"texture":"#0"},"west":{"uv":[12.3125,4.0625,12.6875,4.5],"tintindex":0,"rotation":0,"texture":"#0"}},"rotation":{"origin":[11.82683,-1.2387886,8.0],"angle":22.5,"axis":"z"}}],"display":{"gui":{"rotation":[30,225,0]}}}