{"textures":{"0":"modelengine:entity/thesoulrot"},"elements":[{"from":[7.927545,8.900002,14.28477],"to":[7.927545,11.400002,20.284771],"faces":{"east":{"uv":[10.4375,2.0625,11.1875,2.375],"tintindex":0,"rotation":0,"texture":"#0"},"west":{"uv":[12.0625,5.625,12.8125,5.9375],"tintindex":0,"rotation":0,"texture":"#0"}},"rotation":{"origin":[7.927545,10.5,10.134769],"angle":-45.0,"axis":"x"}},{"from":[7.510875,6.625,9.634769],"to":[8.510876,14.0,11.134769],"faces":{"east":{"uv":[14.25,6.0625,14.625,8.5625],"tintindex":0,"rotation":0,"texture":"#0"},"south":{"uv":[14.75,6.0625,15.0,8.5625],"tintindex":0,"rotation":0,"texture":"#0"},"north":{"uv":[15.125,6.0625,15.375,8.5625],"tintindex":0,"rotation":0,"texture":"#0"},"west":{"uv":[13.75,6.0625,14.125,8.5625],"tintindex":0,"rotation":0,"texture":"#0"},"up":{"uv":[13.25,6.0625,13.5,6.4375],"tintindex":0,"rotation":0,"texture":"#0"},"down":{"uv":[13.25,6.5,13.5,6.875],"tintindex":0,"rotation":0,"texture":"#0"}},"rotation":{"origin":[2.310875,10.5,10.134769],"angle":45.0,"axis":"x"}},{"from":[8.927546,6.300255,12.584515],"to":[6.927545,3.8002548,3.5845146],"faces":{"east":{"uv":[11.1875,2.875,12.3125,3.1875],"tintindex":0,"rotation":0,"texture":"#0"},"south":{"uv":[12.6875,2.875,12.9375,3.1875],"tintindex":0,"rotation":0,"texture":"#0"},"north":{"uv":[12.6875,2.5625,12.9375,2.875],"tintindex":0,"rotation":0,"texture":"#0"},"west":{"uv":[11.6875,1.625,12.8125,1.9375],"tintindex":0,"rotation":0,"texture":"#0"},"up":{"uv":[8.25,13.0,8.0,11.875],"tintindex":0,"rotation":0,"texture":"#0"},"down":{"uv":[10.75,12.0625,10.5,13.1875],"tintindex":0,"rotation":0,"texture":"#0"}},"rotation":{"origin":[4.577545,10.0,3.1347694],"angle":-45.0,"axis":"x"}}],"display":{"gui":{"rotation":[30,225,0]}}}