{"textures":{"0":"modelengine:entity/thesoulrot"},"elements":[{"from":[10.61645,16.7873,14.5201],"to":[6.6164503,11.7873,4.5200996],"faces":{"east":{"uv":[3.375,8.625,4.0,8.9375],"tintindex":0,"rotation":0,"texture":"#0"},"south":{"uv":[8.3125,11.0625,8.5625,11.375],"tintindex":0,"rotation":0,"texture":"#0"},"north":{"uv":[1.0,9.3125,1.25,9.625],"tintindex":0,"rotation":0,"texture":"#0"},"west":{"uv":[11.25,12.0625,11.875,12.375],"tintindex":0,"rotation":0,"texture":"#0"},"up":{"uv":[6.625,8.0,6.375,7.375],"tintindex":0,"rotation":0,"texture":"#0"},"down":{"uv":[3.125,12.4375,2.875,13.0625],"tintindex":0,"rotation":0,"texture":"#0"}},"rotation":{"origin":[2.6164503,14.2873,14.5201],"angle":-45.0,"axis":"x"}},{"from":[7.68311,-2.0626984,16.2201],"to":[9.68311,4.6873016,19.2201],"faces":{"east":{"uv":[14.25,6.0625,14.625,8.5625],"tintindex":0,"rotation":0,"texture":"#0"},"south":{"uv":[14.75,6.0625,15.0,8.5625],"tintindex":0,"rotation":0,"texture":"#0"},"north":{"uv":[15.125,6.0625,15.375,8.5625],"tintindex":0,"rotation":0,"texture":"#0"},"west":{"uv":[13.75,6.0625,14.125,8.5625],"tintindex":0,"rotation":0,"texture":"#0"},"up":{"uv":[13.25,6.0625,13.5,6.4375],"tintindex":0,"rotation":0,"texture":"#0"},"down":{"uv":[13.25,6.5,13.5,6.875],"tintindex":0,"rotation":0,"texture":"#0"}},"rotation":{"origin":[-5.91689,13.687302,26.5201],"angle":45.0,"axis":"x"}},{"from":[8.61645,14.2873,13.0201],"to":[8.61645,23.2873,17.0201],"faces":{"east":{"uv":[2.625,7.4375,2.875,8.0],"tintindex":0,"rotation":0,"texture":"#0"},"west":{"uv":[12.4375,6.6875,12.6875,7.25],"tintindex":0,"rotation":0,"texture":"#0"}},"rotation":{"origin":[8.61645,15.2873,14.5201],"angle":45.0,"axis":"x"}}],"display":{"gui":{"rotation":[30,225,0]}}}