{"textures":{"0":"modelengine:entity/thesoulrot"},"elements":[{"from":[7.77384,9.150002,14.543765],"to":[7.77384,11.650002,20.543766],"faces":{"east":{"uv":[12.8125,5.625,12.0625,5.9375],"tintindex":0,"rotation":0,"texture":"#0"},"west":{"uv":[11.1875,2.0625,10.4375,2.375],"tintindex":0,"rotation":0,"texture":"#0"}},"rotation":{"origin":[7.77384,10.75,10.3937645],"angle":-45.0,"axis":"x"}},{"from":[7.24051,9.650002,6.8937645],"to":[8.24051,11.150002,13.8937645],"faces":{"east":{"uv":[13.25,5.4375,15.0,5.8125],"tintindex":0,"rotation":0,"texture":"#0"},"south":{"uv":[13.25,3.625,13.5,4.0],"tintindex":0,"rotation":0,"texture":"#0"},"north":{"uv":[13.25,3.125,13.5,3.5],"tintindex":0,"rotation":0,"texture":"#0"},"west":{"uv":[13.25,4.9375,15.0,5.3125],"tintindex":0,"rotation":0,"texture":"#0"},"up":{"uv":[14.0,3.125,14.25,4.875],"tintindex":0,"rotation":0,"texture":"#0"},"down":{"uv":[13.625,3.125,13.875,4.875],"tintindex":0,"rotation":0,"texture":"#0"}},"rotation":{"origin":[13.39051,10.75,10.3937645],"angle":-45.0,"axis":"x"}},{"from":[8.77384,6.550255,12.84351],"to":[6.77384,4.050255,3.8435097],"faces":{"east":{"uv":[12.8125,1.625,11.6875,1.9375],"tintindex":0,"rotation":0,"texture":"#0"},"south":{"uv":[12.9375,2.875,12.6875,3.1875],"tintindex":0,"rotation":0,"texture":"#0"},"north":{"uv":[12.9375,2.5625,12.6875,2.875],"tintindex":0,"rotation":0,"texture":"#0"},"west":{"uv":[12.3125,2.875,11.1875,3.1875],"tintindex":0,"rotation":0,"texture":"#0"},"up":{"uv":[8.0,13.0,8.25,11.875],"tintindex":0,"rotation":0,"texture":"#0"},"down":{"uv":[10.5,12.0625,10.75,13.1875],"tintindex":0,"rotation":0,"texture":"#0"}},"rotation":{"origin":[11.12384,10.25,3.3937645],"angle":-45.0,"axis":"x"}}],"display":{"gui":{"rotation":[30,225,0]}}}