{"textures":{"0":"modelengine:entity/thesoulrot"},"elements":[{"from":[4.17317,5.2612114,5.0],"to":[4.17317,12.261211,11.0],"faces":{"east":{"uv":[12.3125,1.9375,12.6875,2.375],"tintindex":0,"rotation":0,"texture":"#0"},"west":{"uv":[12.3125,2.375,12.6875,2.8125],"tintindex":0,"rotation":0,"texture":"#0"}},"rotation":{"origin":[4.17317,-1.2387886,8.0],"angle":-22.5,"axis":"z"}}],"display":{"gui":{"rotation":[30,225,0]}}}