{"textures":{"0":"modelengine:entity/thesoulrot"},"elements":[{"from":[8.70619,6.675255,13.00683],"to":[6.70619,4.175255,4.00683],"faces":{"east":{"uv":[11.75,9.25,12.875,9.5625],"tintindex":0,"rotation":0,"texture":"#0"},"south":{"uv":[12.6875,4.875,12.9375,5.1875],"tintindex":0,"rotation":0,"texture":"#0"},"north":{"uv":[12.6875,4.0,12.9375,4.3125],"tintindex":0,"rotation":0,"texture":"#0"},"west":{"uv":[11.75,9.5625,12.875,9.875],"tintindex":0,"rotation":0,"texture":"#0"},"up":{"uv":[11.0,13.1875,10.75,12.0625],"tintindex":0,"rotation":0,"texture":"#0"},"down":{"uv":[11.25,12.0625,11.0,13.1875],"tintindex":0,"rotation":0,"texture":"#0"}},"rotation":{"origin":[11.0561905,10.375,3.557085],"angle":-45.0,"axis":"x"}},{"from":[7.20619,7.0,10.057085],"to":[8.20619,14.375,11.557085],"faces":{"east":{"uv":[14.25,6.0625,14.625,8.5625],"tintindex":0,"rotation":0,"texture":"#0"},"south":{"uv":[14.75,6.0625,15.0,8.5625],"tintindex":0,"rotation":0,"texture":"#0"},"north":{"uv":[15.125,6.0625,15.375,8.5625],"tintindex":0,"rotation":0,"texture":"#0"},"west":{"uv":[13.75,6.0625,14.125,8.5625],"tintindex":0,"rotation":0,"texture":"#0"},"up":{"uv":[13.25,6.0625,13.5,6.4375],"tintindex":0,"rotation":0,"texture":"#0"},"down":{"uv":[13.25,6.5,13.5,6.875],"tintindex":0,"rotation":0,"texture":"#0"}},"rotation":{"origin":[7.70619,10.875,10.557085],"angle":45.0,"axis":"x"}},{"from":[7.70619,9.275002,14.707085],"to":[7.70619,11.775002,20.707085],"faces":{"east":{"uv":[12.125,0.625,12.875,0.9375],"tintindex":0,"rotation":0,"texture":"#0"},"west":{"uv":[12.125,0.9375,12.875,1.25],"tintindex":0,"rotation":0,"texture":"#0"}},"rotation":{"origin":[7.70619,10.875,10.557085],"angle":-45.0,"axis":"x"}}],"display":{"gui":{"rotation":[30,225,0]}}}