{"textures":{"0":"modelengine:entity/thesoulrot"},"elements":[{"from":[7.96717,8.900002,14.842381],"to":[7.96717,11.400002,20.84238],"faces":{"east":{"uv":[12.875,0.9375,12.125,1.25],"tintindex":0,"rotation":0,"texture":"#0"},"west":{"uv":[12.875,0.625,12.125,0.9375],"tintindex":0,"rotation":0,"texture":"#0"}},"rotation":{"origin":[7.96717,10.5,10.69238],"angle":-45.0,"axis":"x"}},{"from":[8.967171,6.300255,13.142124],"to":[6.9671702,3.8002548,4.142124],"faces":{"east":{"uv":[12.875,9.5625,11.75,9.875],"tintindex":0,"rotation":0,"texture":"#0"},"south":{"uv":[12.9375,4.875,12.6875,5.1875],"tintindex":0,"rotation":0,"texture":"#0"},"north":{"uv":[12.9375,4.0,12.6875,4.3125],"tintindex":0,"rotation":0,"texture":"#0"},"west":{"uv":[12.875,9.25,11.75,9.5625],"tintindex":0,"rotation":0,"texture":"#0"},"up":{"uv":[10.75,13.1875,11.0,12.0625],"tintindex":0,"rotation":0,"texture":"#0"},"down":{"uv":[11.0,12.0625,11.25,13.1875],"tintindex":0,"rotation":0,"texture":"#0"}},"rotation":{"origin":[4.6171703,10.0,3.692379],"angle":-45.0,"axis":"x"}},{"from":[7.4671702,9.400002,7.31738],"to":[8.46717,10.900002,14.19238],"faces":{"east":{"uv":[13.25,5.4375,15.0,5.8125],"tintindex":0,"rotation":0,"texture":"#0"},"south":{"uv":[13.25,3.625,13.5,4.0],"tintindex":0,"rotation":0,"texture":"#0"},"north":{"uv":[13.25,3.125,13.5,3.5],"tintindex":0,"rotation":0,"texture":"#0"},"west":{"uv":[13.25,4.9375,15.0,5.3125],"tintindex":0,"rotation":0,"texture":"#0"},"up":{"uv":[14.0,3.125,14.25,4.875],"tintindex":0,"rotation":0,"texture":"#0"},"down":{"uv":[13.625,3.125,13.875,4.875],"tintindex":0,"rotation":0,"texture":"#0"}},"rotation":{"origin":[7.96717,10.5,10.69238],"angle":-45.0,"axis":"x"}}],"display":{"gui":{"rotation":[30,225,0]}}}