{"textures":{"0":"modelengine:entity/thesoulrot"},"elements":[{"from":[7.59492,21.811226,10.597141],"to":[9.59492,24.811226,19.097141],"faces":{"east":{"uv":[13.25,5.4375,15.0,5.8125],"tintindex":0,"rotation":0,"texture":"#0"},"south":{"uv":[13.25,3.625,13.5,4.0],"tintindex":0,"rotation":0,"texture":"#0"},"north":{"uv":[13.25,3.125,13.5,3.5],"tintindex":0,"rotation":0,"texture":"#0"},"west":{"uv":[13.25,4.9375,15.0,5.3125],"tintindex":0,"rotation":0,"texture":"#0"},"up":{"uv":[14.0,3.125,14.25,4.875],"tintindex":0,"rotation":0,"texture":"#0"},"down":{"uv":[13.625,3.125,13.875,4.875],"tintindex":0,"rotation":0,"texture":"#0"}},"rotation":{"origin":[4.19492,14.911228,27.197142],"angle":-45.0,"axis":"x"}},{"from":[8.36158,15.51123,14.697142],"to":[8.36158,24.51123,18.697142],"faces":{"east":{"uv":[4.6875,12.5625,4.4375,13.125],"tintindex":0,"rotation":0,"texture":"#0"},"west":{"uv":[12.6875,9.875,12.4375,10.4375],"tintindex":0,"rotation":0,"texture":"#0"}},"rotation":{"origin":[8.36158,16.51123,16.197142],"angle":45.0,"axis":"x"}},{"from":[10.36158,18.01123,16.197142],"to":[6.3615804,13.01123,6.1971397],"faces":{"east":{"uv":[12.75,8.8125,12.125,9.125],"tintindex":0,"rotation":0,"texture":"#0"},"south":{"uv":[12.9375,2.25,12.6875,2.5625],"tintindex":0,"rotation":0,"texture":"#0"},"north":{"uv":[8.8125,12.5625,8.5625,12.875],"tintindex":0,"rotation":0,"texture":"#0"},"west":{"uv":[12.75,8.5,12.125,8.8125],"tintindex":0,"rotation":0,"texture":"#0"},"up":{"uv":[12.4375,5.5,12.6875,4.875],"tintindex":0,"rotation":0,"texture":"#0"},"down":{"uv":[8.8125,12.5,9.0625,13.125],"tintindex":0,"rotation":0,"texture":"#0"}},"rotation":{"origin":[14.36158,15.51123,16.197142],"angle":-45.0,"axis":"x"}}],"display":{"gui":{"rotation":[30,225,0]}}}