{"textures":{"0":"modelengine:entity/thesoulrot"},"elements":[{"from":[0.25,-3.0,2.0],"to":[14.25,12.0,15.0],"faces":{"east":{"uv":[9.25,10.25,10.0625,11.1875],"tintindex":0,"rotation":0,"texture":"#0"},"south":{"uv":[9.9375,0.0,10.8125,0.9375],"tintindex":0,"rotation":0,"texture":"#0"},"north":{"uv":[1.0,9.8125,1.875,10.75],"tintindex":0,"rotation":0,"texture":"#0"},"west":{"uv":[10.0625,10.25,10.875,11.1875],"tintindex":0,"rotation":0,"texture":"#0"},"up":{"uv":[11.25,10.0,10.375,9.1875],"tintindex":0,"rotation":0,"texture":"#0"},"down":{"uv":[0.875,10.4375,0.0,11.25],"tintindex":0,"rotation":0,"texture":"#0"}}},{"from":[8.6834,8.300003,1.9000001],"to":[13.6834,13.300003,1.9000001],"faces":{"south":{"uv":[12.6875,1.9375,13.0,2.25],"tintindex":0,"rotation":0,"texture":"#0"},"north":{"uv":[12.625,11.75,12.9375,12.0625],"tintindex":0,"rotation":0,"texture":"#0"}}},{"from":[0.47500038,8.300003,1.9000001],"to":[5.475,13.300003,1.9000001],"faces":{"south":{"uv":[12.625,11.4375,12.9375,11.75],"tintindex":0,"rotation":0,"texture":"#0"},"north":{"uv":[11.375,7.25,11.6875,7.5625],"tintindex":0,"rotation":0,"texture":"#0"}}}],"display":{"gui":{"rotation":[30,225,0]}}}