{"textures":{"0":"modelengine:entity/thesoulrot"},"elements":[{"from":[8.0,8.207111,6.85355],"to":[8.0,17.207108,10.85355],"faces":{"east":{"uv":[12.6875,6.6875,12.4375,7.25],"tintindex":0,"rotation":0,"texture":"#0"},"west":{"uv":[2.875,7.4375,2.625,8.0],"tintindex":0,"rotation":0,"texture":"#0"}},"rotation":{"origin":[8.0,9.207111,8.35355],"angle":45.0,"axis":"x"}},{"from":[7.133339,15.407112,4.403549],"to":[9.13334,18.407112,11.153549],"faces":{"east":{"uv":[13.25,5.4375,15.0,5.8125],"tintindex":0,"rotation":0,"texture":"#0"},"south":{"uv":[13.25,3.625,13.5,4.0],"tintindex":0,"rotation":0,"texture":"#0"},"north":{"uv":[13.25,3.125,13.5,3.5],"tintindex":0,"rotation":0,"texture":"#0"},"west":{"uv":[13.25,4.9375,15.0,5.3125],"tintindex":0,"rotation":0,"texture":"#0"},"up":{"uv":[14.0,3.125,14.25,4.875],"tintindex":0,"rotation":0,"texture":"#0"},"down":{"uv":[13.625,3.125,13.875,4.875],"tintindex":0,"rotation":0,"texture":"#0"}},"rotation":{"origin":[22.53334,7.607109,20.35355],"angle":-45.0,"axis":"x"}},{"from":[10.0,10.707111,8.35355],"to":[6.0,5.7071114,-1.64645],"faces":{"east":{"uv":[11.875,12.0625,11.25,12.375],"tintindex":0,"rotation":0,"texture":"#0"},"south":{"uv":[8.5625,11.0625,8.3125,11.375],"tintindex":0,"rotation":0,"texture":"#0"},"north":{"uv":[1.25,9.3125,1.0,9.625],"tintindex":0,"rotation":0,"texture":"#0"},"west":{"uv":[4.0,8.625,3.375,8.9375],"tintindex":0,"rotation":0,"texture":"#0"},"up":{"uv":[6.375,8.0,6.625,7.375],"tintindex":0,"rotation":0,"texture":"#0"},"down":{"uv":[2.875,12.4375,3.125,13.0625],"tintindex":0,"rotation":0,"texture":"#0"}},"rotation":{"origin":[14.0,8.207111,8.35355],"angle":-45.0,"axis":"x"}}],"display":{"gui":{"rotation":[30,225,0]}}}