{"textures":{"0":"modelengine:entity/thesoulrot"},"elements":[{"from":[9.6164,17.240192,14.1800995],"to":[5.6164,12.240192,4.1800995],"faces":{"east":{"uv":[12.125,8.5,12.75,8.8125],"tintindex":0,"rotation":0,"texture":"#0"},"south":{"uv":[12.6875,2.25,12.9375,2.5625],"tintindex":0,"rotation":0,"texture":"#0"},"north":{"uv":[8.5625,12.5625,8.8125,12.875],"tintindex":0,"rotation":0,"texture":"#0"},"west":{"uv":[12.125,8.8125,12.75,9.125],"tintindex":0,"rotation":0,"texture":"#0"},"up":{"uv":[12.6875,5.5,12.4375,4.875],"tintindex":0,"rotation":0,"texture":"#0"},"down":{"uv":[9.0625,12.5,8.8125,13.125],"tintindex":0,"rotation":0,"texture":"#0"}},"rotation":{"origin":[2.25883,14.59425,14.534161],"angle":-45.0,"axis":"x"}},{"from":[8.25883,14.59425,13.034161],"to":[8.25883,23.594254,17.03416],"faces":{"east":{"uv":[12.4375,9.875,12.6875,10.4375],"tintindex":0,"rotation":0,"texture":"#0"},"west":{"uv":[4.4375,12.5625,4.6875,13.125],"tintindex":0,"rotation":0,"texture":"#0"}},"rotation":{"origin":[8.25883,15.59425,14.534161],"angle":45.0,"axis":"x"}},{"from":[6.72549,-3.2557487,15.534161],"to":[8.72549,5.4942513,18.53416],"faces":{"east":{"uv":[14.25,6.0625,14.625,8.5625],"tintindex":0,"rotation":0,"texture":"#0"},"south":{"uv":[14.75,6.0625,15.0,8.5625],"tintindex":0,"rotation":0,"texture":"#0"},"north":{"uv":[15.125,6.0625,15.375,8.5625],"tintindex":0,"rotation":0,"texture":"#0"},"west":{"uv":[13.75,6.0625,14.125,8.5625],"tintindex":0,"rotation":0,"texture":"#0"},"up":{"uv":[13.25,6.0625,13.5,6.4375],"tintindex":0,"rotation":0,"texture":"#0"},"down":{"uv":[13.25,6.5,13.5,6.875],"tintindex":0,"rotation":0,"texture":"#0"}},"rotation":{"origin":[12.425489,13.994251,25.53416],"angle":45.0,"axis":"x"}}],"display":{"gui":{"rotation":[30,225,0]}}}