{"textures":{"0":"modelengine:entity/thesoulrot"},"elements":[{"from":[-3.0,15.0,4.0],"to":[19.0,32.0,17.0],"faces":{"east":{"uv":[13.0625,9.8125,15.1875,11.4375],"tintindex":0,"rotation":270,"texture":"#0"},"south":{"uv":[11.375,13.5,14.625,15.625],"tintindex":0,"rotation":0,"texture":"#0"},"north":{"uv":[1.0,13.5,4.25,15.625],"tintindex":0,"rotation":180,"texture":"#0"},"west":{"uv":[13.0625,11.625,15.1875,13.25],"tintindex":0,"rotation":90,"texture":"#0"},"up":{"uv":[7.9375,13.5,11.1875,15.125],"tintindex":0,"rotation":180,"texture":"#0"},"down":{"uv":[4.4375,13.5,7.6875,15.125],"tintindex":0,"rotation":0,"texture":"#0"}},"rotation":{"origin":[8.0,28.0,8.0],"angle":-45.0,"axis":"x"}},{"from":[21.51988,16.504211,28.499989],"to":[-5.4801197,1.5042076,8.49999],"faces":{"east":{"uv":[4.875,9.0,6.125,9.9375],"tintindex":0,"rotation":0,"texture":"#0"},"south":{"uv":[5.6875,8.0625,7.375,9.0],"tintindex":0,"rotation":0,"texture":"#0"},"north":{"uv":[4.0,8.0,5.6875,8.9375],"tintindex":0,"rotation":0,"texture":"#0"},"west":{"uv":[6.125,9.0,7.375,9.9375],"tintindex":0,"rotation":0,"texture":"#0"},"up":{"uv":[8.25,4.1875,6.5625,2.9375],"tintindex":0,"rotation":0,"texture":"#0"},"down":{"uv":[8.3125,4.1875,6.625,5.4375],"tintindex":0,"rotation":0,"texture":"#0"}},"rotation":{"origin":[35.01988,24.004211,38.49999],"angle":45.0,"axis":"x"}}],"display":{"gui":{"rotation":[30,225,0]}}}