{"textures":{"0":"modelengine:entity/phoenix_thunder"},"elements":[{"from":[6.5,1.2642164,5.929921],"to":[9.5,7.2642164,9.929921],"faces":{"east":{"uv":[0.25,7.25,0.0,7.625],"tintindex":0,"rotation":0,"texture":"#0"},"south":{"uv":[5.5,7.375,5.3125,7.75],"tintindex":0,"rotation":0,"texture":"#0"},"north":{"uv":[3.375,7.375,3.1875,7.75],"tintindex":0,"rotation":0,"texture":"#0"},"west":{"uv":[4.625,2.5,4.375,2.875],"tintindex":0,"rotation":0,"texture":"#0"},"up":{"uv":[7.5,3.1875,7.6875,2.9375],"tintindex":0,"rotation":0,"texture":"#0"},"down":{"uv":[3.4375,7.5,3.625,7.75],"tintindex":0,"rotation":0,"texture":"#0"}},"rotation":{"origin":[25.458103,7.5977573,10.847262],"angle":22.5,"axis":"x"}},{"from":[6.5,1.2642164,9.929921],"to":[9.5,4.2642164,12.929921],"faces":{"east":{"uv":[2.4375,7.5625,2.25,7.75],"tintindex":0,"rotation":0,"texture":"#0"},"south":{"uv":[2.1875,7.5625,2.0,7.75],"tintindex":0,"rotation":0,"texture":"#0"},"north":{"uv":[2.0625,5.5625,1.875,5.75],"tintindex":0,"rotation":0,"texture":"#0"},"west":{"uv":[1.9375,7.5625,1.75,7.75],"tintindex":0,"rotation":0,"texture":"#0"},"up":{"uv":[2.5,7.75,2.6875,7.5625],"tintindex":0,"rotation":0,"texture":"#0"},"down":{"uv":[7.5625,5.625,7.75,5.8125],"tintindex":0,"rotation":0,"texture":"#0"}},"rotation":{"origin":[25.458103,7.5977573,10.847262],"angle":22.5,"axis":"x"}}],"display":{"gui":{"rotation":[30,225,0]}}}