{"file_name":"bone","texture_size":[64,64],"textures":{"0aeb4e6f-f284-2b6e-2390-e62bcb4e5bf5":"modelengine:entity/toffy_triforce"},"elements":[{"name":"cube1","from":[14.900001,7.25,6.815],"to":[15.5,17.45,9.185],"rotation":{"angle":45.0,"axis":"z","origin":[15.2,17.150002,7.1]},"faces":{"down":{"uv":[7.75,0.0,7.5,0.25],"rotation":0,"texture":"#0aeb4e6f-f284-2b6e-2390-e62bcb4e5bf5","tintindex":0},"east":{"uv":[11.25,6.25,11.75,10.5],"rotation":0,"texture":"#0aeb4e6f-f284-2b6e-2390-e62bcb4e5bf5","tintindex":0},"north":{"uv":[3.0,5.25,3.25,9.5],"rotation":0,"texture":"#0aeb4e6f-f284-2b6e-2390-e62bcb4e5bf5","tintindex":0},"south":{"uv":[4.0,5.25,4.25,9.5],"rotation":0,"texture":"#0aeb4e6f-f284-2b6e-2390-e62bcb4e5bf5","tintindex":0},"up":{"uv":[7.25,7.25,7.0,7.0],"rotation":0,"texture":"#0aeb4e6f-f284-2b6e-2390-e62bcb4e5bf5","tintindex":0},"west":{"uv":[4.5,5.25,4.75,9.5],"rotation":0,"texture":"#0aeb4e6f-f284-2b6e-2390-e62bcb4e5bf5","tintindex":0}}},{"name":"cube2","from":[14.3,7.85,6.815],"to":[14.900001,16.85,9.185],"rotation":{"angle":45.0,"axis":"z","origin":[15.2,17.150002,7.1]},"faces":{"down":{"uv":[7.75,3.0,7.5,3.25],"rotation":0,"texture":"#0aeb4e6f-f284-2b6e-2390-e62bcb4e5bf5","tintindex":0},"east":{"uv":[6.5,0.0,6.75,3.75],"rotation":0,"texture":"#0aeb4e6f-f284-2b6e-2390-e62bcb4e5bf5","tintindex":0},"north":{"uv":[6.0,4.25,6.25,8.0],"rotation":0,"texture":"#0aeb4e6f-f284-2b6e-2390-e62bcb4e5bf5","tintindex":0},"south":{"uv":[6.5,4.0,6.75,7.75],"rotation":0,"texture":"#0aeb4e6f-f284-2b6e-2390-e62bcb4e5bf5","tintindex":0},"up":{"uv":[7.75,2.75,7.5,2.5],"rotation":0,"texture":"#0aeb4e6f-f284-2b6e-2390-e62bcb4e5bf5","tintindex":0},"west":{"uv":[7.0,0.0,7.25,3.75],"rotation":0,"texture":"#0aeb4e6f-f284-2b6e-2390-e62bcb4e5bf5","tintindex":0}}},{"name":"cube3","from":[5.8999996,16.25,6.815],"to":[14.3,16.85,9.185],"rotation":{"angle":45.0,"axis":"z","origin":[15.2,17.150002,7.1]},"faces":{"down":{"uv":[10.5,5.5,7.0,5.75],"rotation":0,"texture":"#0aeb4e6f-f284-2b6e-2390-e62bcb4e5bf5","tintindex":0},"east":{"uv":[7.5,3.5,7.75,3.75],"rotation":0,"texture":"#0aeb4e6f-f284-2b6e-2390-e62bcb4e5bf5","tintindex":0},"north":{"uv":[7.0,4.0,10.5,4.25],"rotation":0,"texture":"#0aeb4e6f-f284-2b6e-2390-e62bcb4e5bf5","tintindex":0},"south":{"uv":[7.0,4.5,10.5,4.75],"rotation":0,"texture":"#0aeb4e6f-f284-2b6e-2390-e62bcb4e5bf5","tintindex":0},"up":{"uv":[10.5,5.25,7.0,5.0],"rotation":0,"texture":"#0aeb4e6f-f284-2b6e-2390-e62bcb4e5bf5","tintindex":0},"west":{"uv":[7.0,7.5,7.25,7.75],"rotation":0,"texture":"#0aeb4e6f-f284-2b6e-2390-e62bcb4e5bf5","tintindex":0}}},{"name":"cube4","from":[14.900001,7.25,6.815],"to":[15.5,16.85,9.185],"rotation":{"angle":-45.0,"axis":"z","origin":[15.2,17.150002,7.1]},"faces":{"down":{"uv":[7.75,1.0,7.5,1.25],"rotation":0,"texture":"#0aeb4e6f-f284-2b6e-2390-e62bcb4e5bf5","tintindex":0},"east":{"uv":[5.5,0.0,5.75,4.0],"rotation":0,"texture":"#0aeb4e6f-f284-2b6e-2390-e62bcb4e5bf5","tintindex":0},"north":{"uv":[5.0,5.25,5.25,9.25],"rotation":0,"texture":"#0aeb4e6f-f284-2b6e-2390-e62bcb4e5bf5","tintindex":0},"south":{"uv":[5.5,4.25,5.75,8.25],"rotation":0,"texture":"#0aeb4e6f-f284-2b6e-2390-e62bcb4e5bf5","tintindex":0},"up":{"uv":[7.75,0.75,7.5,0.5],"rotation":0,"texture":"#0aeb4e6f-f284-2b6e-2390-e62bcb4e5bf5","tintindex":0},"west":{"uv":[11.25,0.0,11.75,4.0],"rotation":0,"texture":"#0aeb4e6f-f284-2b6e-2390-e62bcb4e5bf5","tintindex":0}}},{"name":"cube5","from":[8.012489,9.761774,6.8],"to":[22.412487,10.361774,9.2],"rotation":{"angle":0.0,"axis":"x","origin":[12.512489,10.061775,7.1]},"faces":{"down":{"uv":[7.75,2.0,7.5,2.25],"rotation":0,"texture":"#0aeb4e6f-f284-2b6e-2390-e62bcb4e5bf5","tintindex":0},"east":{"uv":[0.5,5.25,0.75,11.25],"rotation":0,"texture":"#0aeb4e6f-f284-2b6e-2390-e62bcb4e5bf5","tintindex":0},"north":{"uv":[0.0,14.5,6.0,14.75],"rotation":0,"texture":"#0aeb4e6f-f284-2b6e-2390-e62bcb4e5bf5","tintindex":0},"south":{"uv":[6.0,14.5,0.0,14.75],"rotation":0,"texture":"#0aeb4e6f-f284-2b6e-2390-e62bcb4e5bf5","tintindex":0},"up":{"uv":[7.75,1.75,7.5,1.5],"rotation":0,"texture":"#0aeb4e6f-f284-2b6e-2390-e62bcb4e5bf5","tintindex":0},"west":{"uv":[6.5,8.0,7.0,14.0],"rotation":0,"texture":"#0aeb4e6f-f284-2b6e-2390-e62bcb4e5bf5","tintindex":0}}},{"name":"flat","from":[9.212489,10.361774,6.83],"to":[21.21249,16.361774,9.17],"rotation":{"angle":0.0,"axis":"x","origin":[12.512489,10.061775,7.1]},"faces":{"down":{"uv":[9.5,6.5,7.0,6.75],"rotation":0,"texture":"#0aeb4e6f-f284-2b6e-2390-e62bcb4e5bf5","tintindex":0},"east":{"uv":[2.0,5.25,2.25,10.25],"rotation":0,"texture":"#0aeb4e6f-f284-2b6e-2390-e62bcb4e5bf5","tintindex":0},"north":{"uv":[10.0,10.5,15.0,13.0],"rotation":0,"texture":"#0aeb4e6f-f284-2b6e-2390-e62bcb4e5bf5","tintindex":0},"south":{"uv":[15.0,10.5,10.0,13.0],"rotation":0,"texture":"#0aeb4e6f-f284-2b6e-2390-e62bcb4e5bf5","tintindex":0},"up":{"uv":[9.5,6.25,7.0,6.0],"rotation":0,"texture":"#0aeb4e6f-f284-2b6e-2390-e62bcb4e5bf5","tintindex":0},"west":{"uv":[15.5,0.25,15.75,5.25],"rotation":0,"texture":"#0aeb4e6f-f284-2b6e-2390-e62bcb4e5bf5","tintindex":0}}},{"name":"cube2","from":[0.49999976,7.25,6.815],"to":[1.0999997,17.45,9.185],"rotation":{"angle":45.0,"axis":"z","origin":[0.7999997,17.150002,7.1]},"faces":{"down":{"uv":[7.75,0.0,7.5,0.25],"rotation":0,"texture":"#0aeb4e6f-f284-2b6e-2390-e62bcb4e5bf5","tintindex":0},"east":{"uv":[11.25,6.25,11.75,10.5],"rotation":0,"texture":"#0aeb4e6f-f284-2b6e-2390-e62bcb4e5bf5","tintindex":0},"north":{"uv":[3.0,5.25,3.25,9.5],"rotation":0,"texture":"#0aeb4e6f-f284-2b6e-2390-e62bcb4e5bf5","tintindex":0},"south":{"uv":[4.0,5.25,4.25,9.5],"rotation":0,"texture":"#0aeb4e6f-f284-2b6e-2390-e62bcb4e5bf5","tintindex":0},"up":{"uv":[7.25,7.25,7.0,7.0],"rotation":0,"texture":"#0aeb4e6f-f284-2b6e-2390-e62bcb4e5bf5","tintindex":0},"west":{"uv":[4.5,5.25,4.75,9.5],"rotation":0,"texture":"#0aeb4e6f-f284-2b6e-2390-e62bcb4e5bf5","tintindex":0}}},{"name":"cube5","from":[0.49999976,7.25,6.815],"to":[1.0999997,16.85,9.185],"rotation":{"angle":-45.0,"axis":"z","origin":[0.7999997,17.150002,7.1]},"faces":{"down":{"uv":[7.75,1.0,7.5,1.25],"rotation":0,"texture":"#0aeb4e6f-f284-2b6e-2390-e62bcb4e5bf5","tintindex":0},"east":{"uv":[5.5,0.0,5.75,4.0],"rotation":0,"texture":"#0aeb4e6f-f284-2b6e-2390-e62bcb4e5bf5","tintindex":0},"north":{"uv":[5.0,5.25,5.25,9.25],"rotation":0,"texture":"#0aeb4e6f-f284-2b6e-2390-e62bcb4e5bf5","tintindex":0},"south":{"uv":[5.5,4.25,5.75,8.25],"rotation":0,"texture":"#0aeb4e6f-f284-2b6e-2390-e62bcb4e5bf5","tintindex":0},"up":{"uv":[7.75,0.75,7.5,0.5],"rotation":0,"texture":"#0aeb4e6f-f284-2b6e-2390-e62bcb4e5bf5","tintindex":0},"west":{"uv":[11.25,0.0,11.75,4.0],"rotation":0,"texture":"#0aeb4e6f-f284-2b6e-2390-e62bcb4e5bf5","tintindex":0}}},{"name":"cube6","from":[-6.3875113,9.761774,6.8],"to":[8.012489,10.361774,9.2],"rotation":{"angle":0.0,"axis":"x","origin":[-1.8875113,10.061775,7.1]},"faces":{"down":{"uv":[7.75,2.0,7.5,2.25],"rotation":0,"texture":"#0aeb4e6f-f284-2b6e-2390-e62bcb4e5bf5","tintindex":0},"east":{"uv":[0.5,5.25,0.75,11.25],"rotation":0,"texture":"#0aeb4e6f-f284-2b6e-2390-e62bcb4e5bf5","tintindex":0},"north":{"uv":[0.0,14.5,6.0,14.75],"rotation":0,"texture":"#0aeb4e6f-f284-2b6e-2390-e62bcb4e5bf5","tintindex":0},"south":{"uv":[6.0,14.5,0.0,14.75],"rotation":0,"texture":"#0aeb4e6f-f284-2b6e-2390-e62bcb4e5bf5","tintindex":0},"up":{"uv":[7.75,1.75,7.5,1.5],"rotation":0,"texture":"#0aeb4e6f-f284-2b6e-2390-e62bcb4e5bf5","tintindex":0},"west":{"uv":[6.5,8.0,7.0,14.0],"rotation":0,"texture":"#0aeb4e6f-f284-2b6e-2390-e62bcb4e5bf5","tintindex":0}}},{"name":"cube3","from":[-0.10000038,7.85,6.815],"to":[0.49999976,16.85,9.185],"rotation":{"angle":45.0,"axis":"z","origin":[0.7999997,17.150002,7.1]},"faces":{"down":{"uv":[7.75,3.0,7.5,3.25],"rotation":0,"texture":"#0aeb4e6f-f284-2b6e-2390-e62bcb4e5bf5","tintindex":0},"east":{"uv":[6.5,0.0,6.75,3.75],"rotation":0,"texture":"#0aeb4e6f-f284-2b6e-2390-e62bcb4e5bf5","tintindex":0},"north":{"uv":[6.0,4.25,6.25,8.0],"rotation":0,