{"textures":{"0":"modelengine:entity/phoenix_light"},"elements":[{"from":[-3.4000092,7.6399994,7.6830773],"to":[5.599992,8.1775,9.183077],"faces":{"east":{"uv":[0.25,7.8125,0.4375,7.9375],"tintindex":0,"rotation":0,"texture":"#0"},"south":{"uv":[7.1875,0.1875,8.3125,0.3125],"tintindex":0,"rotation":0,"texture":"#0"},"north":{"uv":[7.1875,0.0,8.3125,0.125],"tintindex":0,"rotation":0,"texture":"#0"},"west":{"uv":[1.75,7.8125,1.9375,7.9375],"tintindex":0,"rotation":0,"texture":"#0"},"up":{"uv":[7.875,3.5625,6.75,3.375],"tintindex":0,"rotation":0,"texture":"#0"},"down":{"uv":[7.875,3.375,6.75,3.5625],"tintindex":0,"rotation":0,"texture":"#0"}},"rotation":{"origin":[7.056897,6.83625,12.192488],"angle":-45.0,"axis":"y"}},{"from":[2.54416,8.139999,1.9650116],"to":[8.04416,8.139999,24.465012],"faces":{"up":{"uv":[2.8125,5.75,2.125,2.9375],"tintindex":0,"rotation":0,"texture":"#0"},"down":{"uv":[2.8125,2.9375,2.125,5.75],"tintindex":0,"rotation":0,"texture":"#0"}}}],"display":{"gui":{"rotation":[30,225,0]}}}