{"textures":{"0":"modelengine:entity/phoenix_light"},"elements":[{"from":[1.9635077,7.646428,11.151257],"to":[10.463508,8.146428,12.651257],"faces":{"east":{"uv":[7.75,3.125,7.9375,3.25],"tintindex":0,"rotation":0,"texture":"#0"},"south":{"uv":[7.1875,6.8125,8.25,6.9375],"tintindex":0,"rotation":0,"texture":"#0"},"north":{"uv":[7.1875,0.75,8.25,0.875],"tintindex":0,"rotation":0,"texture":"#0"},"west":{"uv":[7.375,7.75,7.5625,7.875],"tintindex":0,"rotation":0,"texture":"#0"},"up":{"uv":[8.0625,3.8125,7.0,3.625],"tintindex":0,"rotation":0,"texture":"#0"},"down":{"uv":[8.0625,3.625,7.0,3.8125],"tintindex":0,"rotation":0,"texture":"#0"}},"rotation":{"origin":[-0.25929165,6.8426785,15.148913],"angle":22.5,"axis":"y"}},{"from":[0.7279711,8.133928,6.921437],"to":[8.727971,8.133928,27.421436],"faces":{"up":{"uv":[1.0,5.5,0.0,2.9375],"tintindex":0,"rotation":0,"texture":"#0"},"down":{"uv":[1.0,2.9375,0.0,5.5],"tintindex":0,"rotation":0,"texture":"#0"}}}],"display":{"gui":{"rotation":[30,225,0]}}}