{"textures":{"0":"modelengine:entity/phoenix_light"},"elements":[{"from":[7.95584,8.139999,1.9650116],"to":[13.45584,8.139999,24.465012],"faces":{"up":{"uv":[2.125,5.75,2.8125,2.9375],"tintindex":0,"rotation":0,"texture":"#0"},"down":{"uv":[2.125,2.9375,2.8125,5.75],"tintindex":0,"rotation":0,"texture":"#0"}}},{"from":[10.400008,7.6399994,7.6830773],"to":[19.40001,8.1775,9.183077],"faces":{"east":{"uv":[1.9375,7.8125,1.75,7.9375],"tintindex":0,"rotation":0,"texture":"#0"},"south":{"uv":[8.3125,0.1875,7.1875,0.3125],"tintindex":0,"rotation":0,"texture":"#0"},"north":{"uv":[8.3125,0.0,7.1875,0.125],"tintindex":0,"rotation":0,"texture":"#0"},"west":{"uv":[0.4375,7.8125,0.25,7.9375],"tintindex":0,"rotation":0,"texture":"#0"},"up":{"uv":[6.75,3.5625,7.875,3.375],"tintindex":0,"rotation":0,"texture":"#0"},"down":{"uv":[6.75,3.375,7.875,3.5625],"tintindex":0,"rotation":0,"texture":"#0"}},"rotation":{"origin":[8.943103,6.83625,12.192488],"angle":45.0,"axis":"y"}}],"display":{"gui":{"rotation":[30,225,0]}}}