{"textures":{"0":"modelengine:entity/horse_unicorn"},"elements":[{"from":[7.0,20.046196,10.591032],"to":[9.0,23.046196,20.591032],"faces":{"east":{"uv":[11.875,3.875,13.125,4.25],"tintindex":0,"rotation":0,"texture":"#0"},"south":{"uv":[0.75,11.125,1.0,11.5],"tintindex":0,"rotation":0,"texture":"#0"},"north":{"uv":[10.625,3.375,10.875,3.75],"tintindex":0,"rotation":0,"texture":"#0"},"west":{"uv":[6.875,12.375,8.125,12.75],"tintindex":0,"rotation":0,"texture":"#0"},"up":{"uv":[7.75,9.375,7.5,8.125],"tintindex":0,"rotation":0,"texture":"#0"},"down":{"uv":[6.0,12.375,5.75,13.625],"tintindex":0,"rotation":0,"texture":"#0"}},"rotation":{"origin":[8.0,-2.2888718,20.732483],"angle":-22.5,"axis":"x"}},{"from":[7.0,16.754787,-5.333785],"to":[9.0,23.754787,-3.333785],"faces":{"east":{"uv":[0.0,13.125,0.25,14.0],"tintindex":0,"rotation":0,"texture":"#0"},"south":{"uv":[0.375,13.125,0.625,14.0],"tintindex":0,"rotation":0,"texture":"#0"},"north":{"uv":[4.5,13.0,4.75,13.875],"tintindex":0,"rotation":0,"texture":"#0"},"west":{"uv":[4.875,13.125,5.125,14.0],"tintindex":0,"rotation":0,"texture":"#0"},"up":{"uv":[11.5,3.25,11.25,3.0],"tintindex":0,"rotation":0,"texture":"#0"},"down":{"uv":[1.875,11.625,1.625,11.875],"tintindex":0,"rotation":0,"texture":"#0"}},"rotation":{"origin":[8.0,21.504787,-4.833785],"angle":-45.0,"axis":"x"}},{"from":[10.967876,14.444565,6.7078333],"to":[13.967876,19.444565,7.7078342],"faces":{"east":{"uv":[1.875,3.25,2.0,3.875],"tintindex":0,"rotation":0,"texture":"#0"},"south":{"uv":[13.0,6.875,13.375,7.5],"tintindex":0,"rotation":0,"texture":"#0"},"north":{"uv":[10.125,2.0,10.5,2.625],"tintindex":0,"rotation":0,"texture":"#0"},"west":{"uv":[3.5,4.25,3.625,4.875],"tintindex":0,"rotation":0,"texture":"#0"},"up":{"uv":[6.0,4.875,5.625,4.75],"tintindex":0,"rotation":0,"texture":"#0"},"down":{"uv":[6.5,4.75,6.125,4.875],"tintindex":0,"rotation":0,"texture":"#0"}},"rotation":{"origin":[8.0,-2.2888718,20.732483],"angle":22.5,"axis":"z"}},{"from":[6.5,11.719254,-1.6769304],"to":[9.5,19.719254,1.3230696],"faces":{"east":{"uv":[12.875,0.75,13.25,1.75],"tintindex":0,"rotation":0,"texture":"#0"},"south":{"uv":[1.25,12.875,1.625,13.875],"tintindex":0,"rotation":0,"texture":"#0"},"north":{"uv":[9.625,12.75,10.0,13.75],"tintindex":0,"rotation":0,"texture":"#0"},"west":{"uv":[1.75,12.875,2.125,13.875],"tintindex":0,"rotation":0,"texture":"#0"},"up":{"uv":[3.25,6.5,2.875,6.125],"tintindex":0,"rotation":0,"texture":"#0"},"down":{"uv":[10.625,7.0,10.25,7.375],"tintindex":0,"rotation":0,"texture":"#0"}},"rotation":{"origin":[7.5,17.969254,0.8230696],"angle":-45.0,"axis":"x"}},{"from":[5.0,12.046196,-0.40896893],"to":[11.0,14.046196,6.591031],"faces":{"east":{"uv":[13.0,12.0,13.875,12.25],"tintindex":0,"rotation":0,"texture":"#0"},"south":{"uv":[13.25,8.375,14.0,8.625],"tintindex":0,"rotation":0,"texture":"#0"},"north":{"uv":[13.25,8.0,14.0,8.25],"tintindex":0,"rotation":0,"texture":"#0"},"west":{"uv":[13.0,12.375,13.875,12.625],"tintindex":0,"rotation":0,"texture":"#0"},"up":{"uv":[11.0,6.875,10.25,6.0],"tintindex":0,"rotation":0,"texture":"#0"},"down":{"uv":[1.875,10.625,1.125,11.5],"tintindex":0,"rotation":0,"texture":"#0"}},"rotation":{"origin":[8.0,-2.2888718,20.732483],"angle":-22.5,"axis":"x"}},{"from":[4.0,12.046196,6.591031],"to":[12.0,20.046196,17.591032],"faces":{"east":{"uv":[7.875,5.75,9.25,6.75],"tintindex":0,"rotation":0,"texture":"#0"},"south":{"uv":[2.625,9.625,3.625,10.625],"tintindex":0,"rotation":0,"texture":"#0"},"north":{"uv":[9.0,1.625,10.0,2.625],"tintindex":0,"rotation":0,"texture":"#0"},"west":{"uv":[7.875,6.875,9.25,7.875],"tintindex":0,"rotation":0,"texture":"#0"},"up":{"uv":[2.75,9.0,1.75,7.625],"tintindex":0,"rotation":0,"texture":"#0"},"down":{"uv":[8.875,8.0,7.875,9.375],"tintindex":0,"rotation":0,"texture":"#0"}},"rotation":{"origin":[8.0,-2.2888718,20.732483],"angle":-22.5,"axis":"x"}},{"from":[6.975,12.046196,17.591032],"to":[9.025,20.046196,20.591032],"faces":{"east":{"uv":[6.875,12.875,7.25,13.875],"tintindex":0,"rotation":0,"texture":"#0"},"south":{"uv":[2.25,13.0,2.5,14.0],"tintindex":0,"rotation":0,"texture":"#0"},"north":{"uv":[6.125,11.0,6.375,12.0],"tintindex":0,"rotation":0,"texture":"#0"},"west":{"uv":[7.375,12.875,7.75,13.875],"tintindex":0,"rotation":0,"texture":"#0"},"up":{"uv":[6.75,13.5,6.5,13.125],"tintindex":0,"rotation":0,"texture":"#0"},"down":{"uv":[8.625,13.125,8.375,13.5],"tintindex":0,"rotation":0,"texture":"#0"}},"rotation":{"origin":[8.025,-2.2888718,20.732483],"angle":-22.5,"axis":"x"}},{"from":[5.0,14.046196,-0.40896893],"to":[11.0,19.046196,6.591031],"faces":{"east":{"uv":[11.875,1.75,12.75,2.375],"tintindex":0,"rotation":0,"texture":"#0"},"south":{"uv":[4.875,12.375,5.625,13.0],"tintindex":0,"rotation":0,"texture":"#0"},"north":{"uv":[12.125,10.375,12.875,11.0],"tintindex":0,"rotation":0,"texture":"#0"},"west":{"uv":[12.0,6.25,12.875,6.875],"tintindex":0,"rotation":0,"texture":"#0"},"up":{"uv":[11.0,4.875,10.25,4.0],"tintindex":0,"rotation":0,"texture":"#0"},"down":{"uv":[11.0,5.0,10.25,5.875],"tintindex":0,"rotation":0,"texture":"#0"}},"rotation":{"origin":[8.0,-2.2888718,20.732483],"angle":-22.5,"axis":"x"}},{"from":[2.032124,14.444565,6.7078333],"to":[5.032124,19.444565,7.7078342],"faces":{"east":{"uv":[1.625,5.0,1.75,5.625],"tintindex":0,"rotation":0,"texture":"#0"},"south":{"uv":[10.5,13.0,10.875,13.625],"tintindex":0,"rotation":0,"texture":"#0"},"north":{"uv":[13.0,10.25,13.375,10.875],"tintindex":0,"rotation":0,"texture":"#0"},"west":{"uv":[9.875,0.875,10.0,1.5],"tintindex":0,"rotation":0,"texture":"#0"},"up":{"uv":[7.625,3.125,7.25,3.0],"tintindex":0,"rotation":0,"texture":"#0"},"down":{"uv":[0.375,7.375,0.0,7.5],"tintindex":0,"rotation":0,"texture":"#0"}},"rotation":{"origin":[8.0,-2.2888718,20.732483],"angle":-22.5,"axis":"z"}}],"display":{"gui":{"rotation":[30,225,0]}}}