{"textures":{"0":"modelengine:entity/horse_unicorn"},"elements":[{"from":[5.85625,13.113373,9.251654],"to":[10.85625,19.113373,17.251656],"faces":{"east":{"uv":[10.125,9.875,11.125,10.625],"tintindex":0,"rotation":0,"texture":"#0"},"south":{"uv":[12.5,7.875,13.125,8.625],"tintindex":0,"rotation":0,"texture":"#0"},"north":{"uv":[12.375,11.125,13.0,11.875],"tintindex":0,"rotation":0,"texture":"#0"},"west":{"uv":[0.0,10.25,1.0,11.0],"tintindex":0,"rotation":0,"texture":"#0"},"up":{"uv":[0.625,12.125,0.0,11.125],"tintindex":0,"rotation":0,"texture":"#0"},"down":{"uv":[11.75,3.375,11.125,4.375],"tintindex":0,"rotation":0,"texture":"#0"}},"rotation":{"origin":[2.88125,14.064144,-0.24849606],"angle":45.0,"axis":"x"}}],"display":{"gui":{"rotation":[30,225,0]}}}