{"textures":{"0":"modelengine:entity/cursed_dragon"},"elements":[{"from":[6.8618975,7.349657,18.961365],"to":[9.138103,9.625862,31.317913],"faces":{"east":{"uv":[10.6875,5.375,11.875,5.59375],"tintindex":0,"rotation":0,"texture":"#0"},"south":{"uv":[12.0625,4.625,12.28125,4.84375],"tintindex":0,"rotation":0,"texture":"#0"},"north":{"uv":[12.0625,3.0625,12.28125,3.28125],"tintindex":0,"rotation":0,"texture":"#0"},"west":{"uv":[10.6875,5.625,11.875,5.84375],"tintindex":0,"rotation":0,"texture":"#0"},"up":{"uv":[6.09375,11.8125,5.875,10.625],"tintindex":0,"rotation":0,"texture":"#0"},"down":{"uv":[10.90625,5.875,10.6875,7.0625],"tintindex":0,"rotation":0,"texture":"#0"}}},{"from":[8.0,9.625862,18.961365],"to":[8.0,11.902067,31.317913],"faces":{"east":{"uv":[7.75,10.8125,8.9375,11.03125],"tintindex":0,"rotation":0,"texture":"#0"},"west":{"uv":[10.8125,8.6875,12.0,8.90625],"tintindex":0,"rotation":0,"texture":"#0"}}},{"from":[6.536725,6.699312,7.90551],"to":[9.463275,9.625862,18.961365],"faces":{"east":{"uv":[10.4375,1.5625,11.5,1.84375],"tintindex":0,"rotation":0,"texture":"#0"},"south":{"uv":[12.0,1.375,12.28125,1.65625],"tintindex":0,"rotation":0,"texture":"#0"},"north":{"uv":[1.25,12.0,1.53125,12.28125],"tintindex":0,"rotation":0,"texture":"#0"},"west":{"uv":[10.4375,1.875,11.5,2.15625],"tintindex":0,"rotation":0,"texture":"#0"},"up":{"uv":[9.46875,11.5,9.1875,10.4375],"tintindex":0,"rotation":0,"texture":"#0"},"down":{"uv":[9.78125,10.4375,9.5,11.5],"tintindex":0,"rotation":0,"texture":"#0"}}},{"from":[8.0,9.625862,7.90551],"to":[8.0,12.552412,18.961365],"faces":{"east":{"uv":[10.5,0.0,11.5625,0.28125],"tintindex":0,"rotation":0,"texture":"#0"},"west":{"uv":[10.5,0.3125,11.5625,0.59375],"tintindex":0,"rotation":0,"texture":"#0"}}}],"display":{"gui":{"rotation":[30,225,0]}}}