{"textures":{"0":"modelengine:entity/cursed_dragon"},"elements":[{"from":[7.978668,8.080146,-1.5691853],"to":[20.768776,8.080146,26.178846],"faces":{"up":{"uv":[8.71875,4.0,6.875,0.0],"tintindex":0,"rotation":0,"texture":"#0"},"down":{"uv":[8.71875,0.0,6.875,4.0],"tintindex":0,"rotation":0,"texture":"#0"}}},{"from":[7.978668,7.646582,7.5356383],"to":[20.768776,8.513707,8.402764],"faces":{"east":{"uv":[11.375,2.1875,11.5,2.3125],"tintindex":0,"rotation":0,"texture":"#0"},"south":{"uv":[11.0625,7.6875,12.90625,7.8125],"tintindex":0,"rotation":0,"texture":"#0"},"north":{"uv":[11.0625,7.5625,12.90625,7.6875],"tintindex":0,"rotation":0,"texture":"#0"},"west":{"uv":[10.5625,12.4375,10.6875,12.5625],"tintindex":0,"rotation":0,"texture":"#0"},"up":{"uv":[12.96875,0.75,11.125,0.625],"tintindex":0,"rotation":0,"texture":"#0"},"down":{"uv":[12.96875,0.75,11.125,0.875],"tintindex":0,"rotation":0,"texture":"#0"}}}],"display":{"gui":{"rotation":[30,225,0]}}}