{"textures":{"0":"modelengine:entity/cursed_dragon"},"elements":[{"from":[-4.6648865,7.646582,7.5356383],"to":[8.125222,8.513707,8.402764],"faces":{"east":{"uv":[10.1875,9.25,10.3125,9.375],"tintindex":0,"rotation":0,"texture":"#0"},"south":{"uv":[11.0625,5.0625,12.90625,5.1875],"tintindex":0,"rotation":0,"texture":"#0"},"north":{"uv":[11.0,10.0,12.84375,10.125],"tintindex":0,"rotation":0,"texture":"#0"},"west":{"uv":[10.4375,11.0,10.5625,11.125],"tintindex":0,"rotation":0,"texture":"#0"},"up":{"uv":[12.90625,5.3125,11.0625,5.1875],"tintindex":0,"rotation":0,"texture":"#0"},"down":{"uv":[12.90625,7.4375,11.0625,7.5625],"tintindex":0,"rotation":0,"texture":"#0"}}},{"from":[-4.6648865,8.080146,-1.5691853],"to":[8.125222,8.080146,26.178846],"faces":{"up":{"uv":[6.84375,4.0,5.0,0.0],"tintindex":0,"rotation":0,"texture":"#0"},"down":{"uv":[6.84375,0.0,5.0,4.0],"tintindex":0,"rotation":0,"texture":"#0"}}}],"display":{"gui":{"rotation":[30,225,0]}}}