{"textures":{"0":"modelengine:entity/illidan"},"elements":[{"from":[2.5,22.0,2.0],"to":[7.5,25.0,3.0],"faces":{"east":{"uv":[15.0075,14.8825,15.0625,15.0625],"tintindex":0,"rotation":0,"texture":"#0"},"south":{"uv":[14.5075,11.0075,14.8125,11.1875],"tintindex":0,"rotation":0,"texture":"#0"},"north":{"uv":[14.5075,10.5075,14.8125,10.6875],"tintindex":0,"rotation":0,"texture":"#0"},"west":{"uv":[0.0075,15.1325,0.0625,15.3125],"tintindex":0,"rotation":0,"texture":"#0"},"up":{"uv":[15.3125,10.5625,15.0075,10.5075],"tintindex":0,"rotation":0,"texture":"#0"},"down":{"uv":[15.3125,10.6325,15.0075,10.6875],"tintindex":0,"rotation":0,"texture":"#0"}},"rotation":{"origin":[7.5,22.0,1.0],"angle":22.5,"axis":"z"}},{"from":[7.1000004,11.599999,1.6000001],"to":[17.900002,14.400001,14.4],"faces":{"east":{"uv":[14.4925,6.1325,13.7575,6.2425],"tintindex":0,"rotation":0,"texture":"#0"},"south":{"uv":[12.8675,2.8825,12.2575,2.9925],"tintindex":0,"rotation":0,"texture":"#0"},"north":{"uv":[9.9925,4.6325,9.3825,4.7425],"tintindex":0,"rotation":0,"texture":"#0"},"west":{"uv":[10.9925,8.5075,10.2575,8.6175],"tintindex":0,"rotation":0,"texture":"#0"},"up":{"uv":[5.5075,9.7425,6.1175,9.0075],"tintindex":0,"rotation":0,"texture":"#0"},"down":{"uv":[0.0075,9.2575,0.6175,9.9925],"tintindex":0,"rotation":0,"texture":"#0"}},"rotation":{"origin":[12.5,13.0,8.0],"angle":22.5,"axis":"z"}},{"from":[-0.8999998,16.099998,1.6000001],"to":[8.9,18.900002,14.4],"faces":{"east":{"uv":[13.7575,13.5075,14.4925,13.6175],"tintindex":0,"rotation":0,"texture":"#0"},"south":{"uv":[14.1325,12.0075,14.6875,12.1175],"tintindex":0,"rotation":0,"texture":"#0"},"north":{"uv":[12.3825,2.3825,12.9375,2.4925],"tintindex":0,"rotation":0,"texture":"#0"},"west":{"uv":[13.7575,13.6325,14.4925,13.7425],"tintindex":0,"rotation":0,"texture":"#0"},"up":{"uv":[4.0625,10.3675,3.5075,9.6325],"tintindex":0,"rotation":0,"texture":"#0"},"down":{"uv":[4.6875,9.6325,4.1325,10.3675],"tintindex":0,"rotation":0,"texture":"#0"}},"rotation":{"origin":[3.5,17.5,8.0],"angle":-22.5,"axis":"z"}},{"from":[-1.0,15.0,0.0],"to":[8.0,18.0,2.0],"faces":{"east":{"uv":[13.2575,14.8825,13.3675,15.0625],"tintindex":0,"rotation":0,"texture":"#0"},"south":{"uv":[13.6325,6.5075,14.1875,6.6875],"tintindex":0,"rotation":0,"texture":"#0"},"north":{"uv":[13.6325,6.2575,14.1875,6.4375],"tintindex":0,"rotation":0,"texture":"#0"},"west":{"uv":[14.8825,13.8825,14.9925,14.0625],"tintindex":0,"rotation":0,"texture":"#0"},"up":{"uv":[14.6875,12.9925,14.1325,12.8825],"tintindex":0,"rotation":0,"texture":"#0"},"down":{"uv":[14.6875,13.0075,14.1325,13.1175],"tintindex":0,"rotation":0,"texture":"#0"}},"rotation":{"origin":[3.0,14.0,8.0],"angle":-22.5,"axis":"z"}},{"from":[1.5,18.0,3.0],"to":[14.5,29.0,13.0],"faces":{"east":{"uv":[9.1325,9.3825,9.7425,10.0625],"tintindex":0,"rotation":0,"texture":"#0"},"south":{"uv":[8.5075,0.7575,9.3125,1.4375],"tintindex":0,"rotation":0,"texture":"#0"},"north":{"uv":[8.5075,0.0075,9.3125,0.6875],"tintindex":0,"rotation":0,"texture":"#0"},"west":{"uv":[9.5075,6.0075,10.1175,6.6875],"tintindex":0,"rotation":0,"texture":"#0"},"up":{"uv":[9.0625,9.4925,8.2575,8.8825],"tintindex":0,"rotation":0,"texture":"#0"},"down":{"uv":[1.5625,9.0075,0.7575,9.6175],"tintindex":0,"rotation":0,"texture":"#0"}}},{"from":[4.0,7.0,4.0],"to":[12.0,9.0,12.0],"faces":{"east":{"uv":[12.2575,9.7575,12.7425,9.8675],"tintindex":0,"rotation":0,"texture":"#0"},"south":{"uv":[12.8825,5.8825,13.3675,5.9925],"tintindex":0,"rotation":0,"texture":"#0"},"north":{"uv":[1.6325,9.0075,2.1175,9.1175],"tintindex":0,"rotation":0,"texture":"#0"},"west":{"uv":[13.1325,7.5075,13.6175,7.6175],"tintindex":0,"rotation":0,"texture":"#0"},"up":{"uv":[12.2425,9.8675,11.7575,9.3825],"tintindex":0,"rotation":0,"texture":"#0"},"down":{"uv":[12.2425,11.3825,11.7575,11.8675],"tintindex":0,"rotation":0,"texture":"#0"}}},{"from":[8.5,22.0,2.0],"to":[13.5,25.0,3.0],"faces":{"east":{"uv":[0.0625,15.1325,0.0075,15.3125],"tintindex":0,"rotation":0,"texture":"#0"},"south":{"uv":[14.8125,11.0075,14.5075,11.1875],"tintindex":0,"rotation":0,"texture":"#0"},"north":{"uv":[14.8125,10.5075,14.5075,10.6875],"tintindex":0,"rotation":0,"texture":"#0"},"west":{"uv":[15.0625,14.8825,15.0075,15.0625],"tintindex":0,"rotation":0,"texture":"#0"},"up":{"uv":[15.0075,10.5625,15.3125,10.5075],"tintindex":0,"rotation":0,"texture":"#0"},"down":{"uv":[15.0075,10.6325,15.3125,10.6875],"tintindex":0,"rotation":0,"texture":"#0"}},"rotation":{"origin":[8.5,22.0,1.0],"angle":-22.5,"axis":"z"}},{"from":[8.5,17.0,2.0500002],"to":[13.5,22.0,3.0500002],"faces":{"east":{"uv":[15.0625,10.0075,15.0075,10.3125],"tintindex":0,"rotation":0,"texture":"#0"},"south":{"uv":[7.8125,13.6325,7.5075,13.9375],"tintindex":0,"rotation":0,"texture":"#0"},"north":{"uv":[7.4375,13.6325,7.1325,13.9375],"tintindex":0,"rotation":0,"texture":"#0"},"west":{"uv":[10.0625,15.0075,10.0075,15.3125],"tintindex":0,"rotation":0,"texture":"#0"},"up":{"uv":[10.1325,15.0625,10.4375,15.0075],"tintindex":0,"rotation":0,"texture":"#0"},"down":{"uv":[15.0075,10.3825,15.3125,10.4375],"tintindex":0,"rotation":0,"texture":"#0"}}},{"from":[2.5,17.0,2.0500002],"to":[7.5,22.0,3.0500002],"faces":{"east":{"uv":[10.0075,15.0075,10.0625,15.3125],"tintindex":0,"rotation":0,"texture":"#0"},"south":{"uv":[7.5075,13.6325,7.8125,13.9375],"tintindex":0,"rotation":0,"texture":"#0"},"north":{"uv":[7.1325,13.6325,7.4375,13.9375],"tintindex":0,"rotation":0,"texture":"#0"},"west":{"uv":[15.0075,10.0075,15.0625,10.3125],"tintindex":0,"rotation":0,"texture":"#0"},"up":{"uv":[10.4375,15.0625,10.1325,15.0075],"tintindex":0,"rotation":0,"texture":"#0"},"down":{"uv":[15.3125,10.3825,15.0075,10.4375],"tintindex":0,"rotation":0,"texture":"#0"}}},{"from":[7.1000004,16.099998,1.6000001],"to":[16.900002,18.900002,14.4],"faces":{"east":{"uv":[14.4925,13.6325,13.7575,13.7425],"tintindex":0,"rotation":0,"texture":"#0"},"south":{"uv":[14.6875,12.0075,14.1325,12.1175],"tintindex":0,"rotation":0,"texture":"#0"},"north":{"uv":[12.9375,2.3825,12.3825,2.4925],"tintindex":0,"rotation":0,"texture":"#0"},"west":{"uv":[14.4925,13.5075,13.7575,13.6175],"tintindex":0,"rotation":0,"texture":"#0"},"up":{"uv":[3.5075,10.3675,4.0625,9.6325],"tintindex":0,"rotation":0,"texture":"#0"},"down":{"uv":[4.1325,9.6325,4.6875,10.3675],"tintindex":0,"rotation":0,"texture":"#0"}},"rotation":{"origin":[12.5,17.5,8.0],"angle":22.5,"axis":"z"}},{"from":[8.0,15.0,0.0],"to":[17.0,18.0,2.0],"faces":{"east":{"uv":[14.9925,13.8825,14.8825,14.0625],"tintindex":0,"rotation":0,"texture":"#0"},"south":{"uv":[14.1875,6.5075,13.6325,6.6875],"tintindex":0,"rotation":0,"texture":"#0"},"north":{"uv":[14.1875,6.2575,13.6325,6.4375],"tintindex":0,"rotation":0,"texture":"#0"},"west":{"uv":[13.3675,14.8825,13.2575,15.0625],"tintindex":0,"rotation":0,"texture":"#0"},"up":{"uv":[14.1325,12.9925,14.6875,12.8825],"tintindex":0,"rotation":0,"texture":"#0"},"down":{"uv":[14.1325,13.0075,14.6875,13.1175],"tintindex":0,"rotation":0,"texture":"#0"}},"rotation":{"origin":[13.0,14.0,8.0],"angle":22.5,"axis":"z"}},{"from":[-1.8999999,11.599999,1.6000001],"to":[8.9,14.400001,14.4],"faces":{"east":{"uv":[10.2575,8.5075,10.9925,8.6175],"tintindex":0,"rotation":0,"texture":"#0"},"south":{"uv":[12.2575,2.8825,12.8675,2.9925],"tintindex":0,"rotation":0,"texture":"#0"},"north":{"uv":[9.3825,4.6325,9.9925,4.7425],"tintindex":0,"rotation":0,"texture":"#0"},"west":{"uv":[13.7575,6.1325,14.4925,6.2425],"tintindex":0,"rotation":0,"texture":"#0"},"up":{"uv":[6.1175,9.7425,5.5075,9.0075],"tintindex":0,"rotation":0,"texture":"#0"},"down":{"uv":[0.6175,9.2575,0.0075,9.9925],"tintindex":0,"rotation":0,"texture":"#0"}},"rotation":{"origin":[3.5,13.0,8.0],"angle":-22.5,"axis":"z"}},{"from":[2.5,25.8,2.0],"to":[7.5,28.800003,3.0],"faces":{"east":{"uv":[0.2575,15.1325,0.3125,15.3125],"tintindex":0,"rotation":0,"texture":"#0"},"south":{"uv":[14.5075,11.2575,14.8125,11.4375],"tintindex":0,"rotation":0,"texture":"#0"},"north":{"uv":[11.2575,14.5075,11.5625,14.6875],