{"textures":{"0":"modelengine:entity/illidan"},"elements":[{"from":[3.6000001,1.5999992,3.6000001],"to":[12.4,9.400001,12.4],"faces":{"east":{"uv":[12.2575,12.3825,12.7425,12.8125],"tintindex":0,"rotation":0,"texture":"#0"},"south":{"uv":[12.5075,0.3825,12.9925,0.8125],"tintindex":0,"rotation":0,"texture":"#0"},"north":{"uv":[11.7575,12.3825,12.2425,12.8125],"tintindex":0,"rotation":0,"texture":"#0"},"west":{"uv":[2.1325,12.5075,2.6175,12.9375],"tintindex":0,"rotation":0,"texture":"#0"},"up":{"uv":[12.2425,7.1175,11.7575,6.6325],"tintindex":0,"rotation":0,"texture":"#0"},"down":{"uv":[7.2425,11.7575,6.7575,12.2425],"tintindex":0,"rotation":0,"texture":"#0"}}},{"from":[4.0,-7.0,4.0],"to":[12.0,2.0,12.0],"faces":{"east":{"uv":[11.2575,8.2575,11.7425,8.8125],"tintindex":0,"rotation":0,"texture":"#0"},"south":{"uv":[11.2575,8.8825,11.7425,9.4375],"tintindex":0,"rotation":0,"texture":"#0"},"north":{"uv":[11.2575,3.7575,11.7425,4.3125],"tintindex":0,"rotation":0,"texture":"#0"},"west":{"uv":[11.2575,9.5075,11.7425,10.0625],"tintindex":0,"rotation":0,"texture":"#0"},"up":{"uv":[12.2425,4.1175,11.7575,3.6325],"tintindex":0,"rotation":0,"texture":"#0"},"down":{"uv":[12.2425,6.1325,11.7575,6.6175],"tintindex":0,"rotation":0,"texture":"#0"}}}],"display":{"gui":{"rotation":[30,225,0]}}}