{"textures":{"0":"modelengine:entity/illidan"},"elements":[{"from":[7.2464275,-3.6923962,7.5],"to":[8.746428,1.3076038,8.5],"faces":{"east":{"uv":[15.0625,12.3825,15.0075,12.6875],"tintindex":0,"rotation":0,"texture":"#0"},"south":{"uv":[3.6175,14.7575,3.5075,15.0625],"tintindex":0,"rotation":0,"texture":"#0"},"north":{"uv":[3.4925,14.7575,3.3825,15.0625],"tintindex":0,"rotation":0,"texture":"#0"},"west":{"uv":[12.4375,15.0075,12.3825,15.3125],"tintindex":0,"rotation":0,"texture":"#0"},"up":{"uv":[15.1325,2.6875,15.2425,2.6325],"tintindex":0,"rotation":0,"texture":"#0"},"down":{"uv":[2.7575,15.1325,2.8675,15.1875],"tintindex":0,"rotation":0,"texture":"#0"}},"rotation":{"origin":[8.0,0.5,8.0],"angle":-45.0,"axis":"z"}},{"from":[7.0,-1.0,7.0],"to":[9.5,4.0,9.0],"faces":{"east":{"uv":[3.8675,14.7575,3.7575,15.0625],"tintindex":0,"rotation":0,"texture":"#0"},"south":{"uv":[1.6875,14.6325,1.5075,14.9375],"tintindex":0,"rotation":0,"texture":"#0"},"north":{"uv":[1.4375,14.6325,1.2575,14.9375],"tintindex":0,"rotation":0,"texture":"#0"},"west":{"uv":[3.7425,14.7575,3.6325,15.0625],"tintindex":0,"rotation":0,"texture":"#0"},"up":{"uv":[15.0075,6.8675,15.1875,6.7575],"tintindex":0,"rotation":0,"texture":"#0"},"down":{"uv":[15.0075,6.8825,15.1875,6.9925],"tintindex":0,"rotation":0,"texture":"#0"}},"rotation":{"origin":[9.5,4.0,8.0],"angle":-22.5,"axis":"z"}},{"from":[6.2999997,3.8000016,6.8],"to":[9.700001,9.199999,9.200001],"faces":{"east":{"uv":[4.1175,14.7575,4.0075,15.0625],"tintindex":0,"rotation":0,"texture":"#0"},"south":{"uv":[2.6875,14.6325,2.5075,14.9375],"tintindex":0,"rotation":0,"texture":"#0"},"north":{"uv":[2.4375,14.6325,2.2575,14.9375],"tintindex":0,"rotation":0,"texture":"#0"},"west":{"uv":[3.9925,14.7575,3.8825,15.0625],"tintindex":0,"rotation":0,"texture":"#0"},"up":{"uv":[15.0075,7.1175,15.1875,7.0075],"tintindex":0,"rotation":0,"texture":"#0"},"down":{"uv":[15.0075,7.1325,15.1875,7.2425],"tintindex":0,"rotation":0,"texture":"#0"}}}],"display":{"gui":{"rotation":[30,225,0]}}}