{"textures":{"0":"modelengine:entity/nocsy_moblin2"},"elements":[{"from":[3.7006044,-3.2548847,5.1471405],"to":[11.700604,8.745115,12.1471405],"faces":{"east":{"uv":[2.875,7.625,3.3125,8.375],"tintindex":0,"rotation":0,"texture":"#0"},"south":{"uv":[2.375,6.75,2.875,7.5],"tintindex":0,"rotation":0,"texture":"#0"},"north":{"uv":[6.625,4.125,7.125,4.875],"tintindex":0,"rotation":0,"texture":"#0"},"west":{"uv":[7.625,3.125,8.0625,3.875],"tintindex":0,"rotation":0,"texture":"#0"},"up":{"uv":[7.0625,9.375,6.5625,8.9375],"tintindex":0,"rotation":0,"texture":"#0"},"down":{"uv":[7.625,8.9375,7.125,9.375],"tintindex":0,"rotation":0,"texture":"#0"}}}],"display":{"gui":{"rotation":[30,225,0]}}}