{"textures":{"0":"modelengine:entity/nocsy_moblin2"},"elements":[{"from":[4.5027895,-14.674425,4.834813],"to":[11.50279,0.32557678,12.834813],"faces":{"east":{"uv":[3.75,5.125,4.25,6.0625],"tintindex":0,"rotation":0,"texture":"#0"},"south":{"uv":[3.6875,6.125,4.125,7.0625],"tintindex":0,"rotation":0,"texture":"#0"},"north":{"uv":[6.0625,5.625,6.5,6.5625],"tintindex":0,"rotation":0,"texture":"#0"},"west":{"uv":[4.3125,5.125,4.8125,6.0625],"tintindex":0,"rotation":0,"texture":"#0"},"up":{"uv":[1.9375,9.3125,1.5,8.8125],"tintindex":0,"rotation":0,"texture":"#0"},"down":{"uv":[9.25,6.9375,8.8125,7.4375],"tintindex":0,"rotation":0,"texture":"#0"}}},{"from":[3.8027897,-1.374424,3.8348126],"to":[12.80279,7.625576,13.834813],"faces":{"east":{"uv":[6.9375,3.5,7.5625,4.0625],"tintindex":0,"rotation":0,"texture":"#0"},"south":{"uv":[7.75,7.1875,8.3125,7.75],"tintindex":0,"rotation":0,"texture":"#0"},"north":{"uv":[3.375,7.75,3.9375,8.3125],"tintindex":0,"rotation":0,"texture":"#0"},"west":{"uv":[3.5625,7.125,4.1875,7.6875],"tintindex":0,"rotation":0,"texture":"#0"},"up":{"uv":[6.4375,3.625,5.875,3.0],"tintindex":0,"rotation":0,"texture":"#0"},"down":{"uv":[4.8125,7.125,4.25,7.75],"tintindex":0,"rotation":0,"texture":"#0"}}}],"display":{"gui":{"rotation":[30,225,0]}}}