{"textures":{"0":"modelengine:entity/nocsy_moblin2"},"elements":[{"from":[-0.75761795,1.1671715,7.9],"to":[8.242382,14.1671715,8.1],"faces":{"east":{"uv":[4.125,2.5625,4.1875,3.375],"tintindex":0,"rotation":0,"texture":"#0"},"south":{"uv":[5.75,0.625,6.3125,1.4375],"tintindex":0,"rotation":0,"texture":"#0"},"north":{"uv":[5.4375,5.625,6.0,6.4375],"tintindex":0,"rotation":0,"texture":"#0"},"west":{"uv":[2.9375,6.75,3.0,7.5625],"tintindex":0,"rotation":0,"texture":"#0"},"up":{"uv":[6.4375,5.0625,5.875,5.0],"tintindex":0,"rotation":0,"texture":"#0"},"down":{"uv":[10.4375,0.25,9.875,0.3125],"tintindex":0,"rotation":0,"texture":"#0"}}},{"from":[1.1552074,8.567812,7.0100007],"to":[5.135207,10.5478115,8.99],"faces":{"east":{"uv":[9.5625,3.9375,9.6875,4.0625],"tintindex":0,"rotation":0,"texture":"#0"},"south":{"uv":[10.0625,4.5625,10.3125,4.6875],"tintindex":0,"rotation":0,"texture":"#0"},"north":{"uv":[8.125,3.75,8.375,3.875],"tintindex":0,"rotation":0,"texture":"#0"},"west":{"uv":[4.625,9.875,4.75,10.0],"tintindex":0,"rotation":0,"texture":"#0"},"up":{"uv":[5.3125,10.1875,5.0625,10.0625],"tintindex":0,"rotation":0,"texture":"#0"},"down":{"uv":[10.3125,5.3125,10.0625,5.4375],"tintindex":0,"rotation":0,"texture":"#0"}}},{"from":[4.9528246,9.590641,7.0000005],"to":[8.952825,11.590641,9.0],"faces":{"east":{"uv":[4.625,10.0625,4.75,10.1875],"tintindex":0,"rotation":0,"texture":"#0"},"south":{"uv":[10.0625,5.5,10.3125,5.625],"tintindex":0,"rotation":0,"texture":"#0"},"north":{"uv":[5.375,10.0625,5.625,10.1875],"tintindex":0,"rotation":0,"texture":"#0"},"west":{"uv":[10.125,8.625,10.25,8.75],"tintindex":0,"rotation":0,"texture":"#0"},"up":{"uv":[5.9375,10.1875,5.6875,10.0625],"tintindex":0,"rotation":0,"texture":"#0"},"down":{"uv":[6.25,10.0625,6.0,10.1875],"tintindex":0,"rotation":0,"texture":"#0"}},"rotation":{"origin":[2.4528246,10.590641,8.0],"angle":-22.5,"axis":"z"}}],"display":{"gui":{"rotation":[30,225,0]}}}