{"textures":{"0":"modelengine:entity/nocsy_moblin2"},"elements":[{"from":[4.092846,-14.354122,4.5187645],"to":[11.092846,0.64587784,12.5187645],"faces":{"east":{"uv":[4.875,5.125,5.375,6.0625],"tintindex":0,"rotation":0,"texture":"#0"},"south":{"uv":[4.6875,6.125,5.125,7.0625],"tintindex":0,"rotation":0,"texture":"#0"},"north":{"uv":[4.1875,6.125,4.625,7.0625],"tintindex":0,"rotation":0,"texture":"#0"},"west":{"uv":[0.875,5.1875,1.375,6.125],"tintindex":0,"rotation":0,"texture":"#0"},"up":{"uv":[9.3125,8.8125,8.875,8.3125],"tintindex":0,"rotation":0,"texture":"#0"},"down":{"uv":[9.3125,8.875,8.875,9.375],"tintindex":0,"rotation":0,"texture":"#0"}}},{"from":[2.7928462,-1.0541229,3.5187645],"to":[11.792846,7.945877,13.5187645],"faces":{"east":{"uv":[7.125,6.5625,7.75,7.125],"tintindex":0,"rotation":0,"texture":"#0"},"south":{"uv":[7.8125,6.375,8.375,6.9375],"tintindex":0,"rotation":0,"texture":"#0"},"north":{"uv":[4.0,7.8125,4.5625,8.375],"tintindex":0,"rotation":0,"texture":"#0"},"west":{"uv":[7.1875,4.125,7.8125,4.6875],"tintindex":0,"rotation":0,"texture":"#0"},"up":{"uv":[7.6875,7.8125,7.125,7.1875],"tintindex":0,"rotation":0,"texture":"#0"},"down":{"uv":[7.8125,0.8125,7.25,1.4375],"tintindex":0,"rotation":0,"texture":"#0"}}}],"display":{"gui":{"rotation":[30,225,0]}}}