{"textures":{"0":"modelengine:entity/nocsy_moblin2"},"elements":[{"from":[6.3135386,-3.4278371,7.154645],"to":[12.333539,8.692163,15.174645],"faces":{"east":{"uv":[7.0625,5.75,7.5625,6.5],"tintindex":0,"rotation":0,"texture":"#0"},"south":{"uv":[8.375,7.0,8.75,7.75],"tintindex":0,"rotation":0,"texture":"#0"},"north":{"uv":[3.375,8.375,3.75,9.125],"tintindex":0,"rotation":0,"texture":"#0"},"west":{"uv":[7.125,1.75,7.625,2.5],"tintindex":0,"rotation":0,"texture":"#0"},"up":{"uv":[6.375,9.625,6.0,9.125],"tintindex":0,"rotation":0,"texture":"#0"},"down":{"uv":[3.6875,9.1875,3.3125,9.6875],"tintindex":0,"rotation":0,"texture":"#0"}}},{"from":[6.3435388,-6.2950935,13.761096],"to":[12.323538,1.7849057,19.741095],"faces":{"east":{"uv":[9.3125,1.0625,9.6875,1.5625],"tintindex":0,"rotation":0,"texture":"#0"},"south":{"uv":[9.3125,1.625,9.6875,2.125],"tintindex":0,"rotation":0,"texture":"#0"},"north":{"uv":[9.3125,0.5,9.6875,1.0],"tintindex":0,"rotation":0,"texture":"#0"},"west":{"uv":[9.3125,6.9375,9.6875,7.4375],"tintindex":0,"rotation":0,"texture":"#0"},"up":{"uv":[9.75,9.5625,9.375,9.1875],"tintindex":0,"rotation":0,"texture":"#0"},"down":{"uv":[4.75,9.4375,4.375,9.8125],"tintindex":0,"rotation":0,"texture":"#0"}},"rotation":{"origin":[8.272123,4.7078,11.172604],"angle":45.0,"axis":"x"}}],"display":{"gui":{"rotation":[30,225,0]}}}