{"textures":{"0":"modelengine:entity/nocsy_moblin2"},"elements":[{"from":[11.117026,2.9539812,-2.9737818],"to":[13.770226,6.9471807,-0.32058215],"faces":{"east":{"uv":[9.875,9.625,10.0625,9.875],"tintindex":0,"rotation":0,"texture":"#0"},"south":{"uv":[0.375,9.9375,0.5625,10.1875],"tintindex":0,"rotation":0,"texture":"#0"},"north":{"uv":[9.0,9.875,9.1875,10.125],"tintindex":0,"rotation":0,"texture":"#0"},"west":{"uv":[0.625,9.9375,0.8125,10.1875],"tintindex":0,"rotation":0,"texture":"#0"},"up":{"uv":[10.25,4.125,10.0625,3.9375],"tintindex":0,"rotation":0,"texture":"#0"},"down":{"uv":[10.25,4.1875,10.0625,4.375],"tintindex":0,"rotation":0,"texture":"#0"}}},{"from":[7.2696543,2.9542243,-3.1464179],"to":[9.922853,6.9474244,-0.49321818],"faces":{"east":{"uv":[8.25,9.875,8.4375,10.125],"tintindex":0,"rotation":0,"texture":"#0"},"south":{"uv":[8.5,9.875,8.6875,10.125],"tintindex":0,"rotation":0,"texture":"#0"},"north":{"uv":[8.0,9.875,8.1875,10.125],"tintindex":0,"rotation":0,"texture":"#0"},"west":{"uv":[8.75,9.875,8.9375,10.125],"tintindex":0,"rotation":0,"texture":"#0"},"up":{"uv":[10.25,3.625,10.0625,3.4375],"tintindex":0,"rotation":0,"texture":"#0"},"down":{"uv":[10.25,3.6875,10.0625,3.875],"tintindex":0,"rotation":0,"texture":"#0"}}},{"from":[7.094567,2.8128166,-1.6650343],"to":[14.094566,7.8128166,10.334967],"faces":{"east":{"uv":[7.375,8.5625,8.125,8.875],"tintindex":0,"rotation":0,"texture":"#0"},"south":{"uv":[9.5625,3.5625,10.0,3.875],"tintindex":0,"rotation":0,"texture":"#0"},"north":{"uv":[0.5,9.5625,0.9375,9.875],"tintindex":0,"rotation":0,"texture":"#0"},"west":{"uv":[0.0,8.625,0.75,8.9375],"tintindex":0,"rotation":0,"texture":"#0"},"up":{"uv":[8.125,2.25,7.6875,1.5],"tintindex":0,"rotation":0,"texture":"#0"},"down":{"uv":[6.9375,7.6875,6.5,8.4375],"tintindex":0,"rotation":0,"texture":"#0"}}}],"display":{"gui":{"rotation":[30,225,0]}}}