{"textures":{"0":"modelengine:entity/nocsy_moblin2"},"elements":[{"from":[5.8708982,-4.499772,5.959001],"to":[9.870898,2.2792816E-4,9.959001],"faces":{"east":{"uv":[8.1875,1.25,8.6875,1.8125],"tintindex":0,"rotation":0,"texture":"#0"},"south":{"uv":[8.1875,1.875,8.6875,2.4375],"tintindex":0,"rotation":0,"texture":"#0"},"north":{"uv":[8.125,5.25,8.625,5.8125],"tintindex":0,"rotation":0,"texture":"#0"},"west":{"uv":[8.25,2.5,8.75,3.0625],"tintindex":0,"rotation":0,"texture":"#0"},"up":{"uv":[8.9375,6.875,8.4375,6.375],"tintindex":0,"rotation":0,"texture":"#0"},"down":{"uv":[2.5,8.5,2.0,9.0],"tintindex":0,"rotation":0,"texture":"#0"}}},{"from":[6.227489,-0.20705414,6.520543],"to":[9.227489,8.292946,9.520543],"faces":{"east":{"uv":[6.5,3.0,6.875,4.0625],"tintindex":0,"rotation":0,"texture":"#0"},"south":{"uv":[5.1875,6.5,5.5625,7.5625],"tintindex":0,"rotation":0,"texture":"#0"},"north":{"uv":[1.875,6.3125,1.5,7.375],"tintindex":0,"rotation":0,"texture":"#0"},"west":{"uv":[1.9375,6.3125,2.3125,7.375],"tintindex":0,"rotation":0,"texture":"#0"},"up":{"uv":[9.75,4.9375,9.375,4.5625],"tintindex":0,"rotation":0,"texture":"#0"},"down":{"uv":[9.75,5.5,9.375,5.875],"tintindex":0,"rotation":0,"texture":"#0"}}}],"display":{"gui":{"rotation":[30,225,0]}}}