{"textures":{"0":"modelengine:entity/nocsy_moblin2"},"elements":[{"from":[2.9803324,7.834423,3.6200924],"to":[10.080333,7.834423,8.320091],"faces":{"up":{"uv":[1.0,9.9375,1.4375,9.625],"tintindex":0,"rotation":0,"texture":"#0"},"down":{"uv":[2.0,9.625,2.4375,9.9375],"tintindex":0,"rotation":0,"texture":"#0"}},"rotation":{"origin":[8.191988,7.4978714,7.9777184],"angle":-45.0,"axis":"x"}}],"display":{"gui":{"rotation":[30,225,0]}}}