{"textures":{"0":"modelengine:entity/thecrypti"},"elements":[{"from":[2.7765503,-2.3253708,7.5],"to":[5.7765503,4.674629,8.5],"faces":{"east":{"uv":[1.4375,10.4375,1.375,10.875],"tintindex":0,"rotation":0,"texture":"#0"},"south":{"uv":[14.9375,6.75,14.75,7.1875],"tintindex":0,"rotation":0,"texture":"#0"},"north":{"uv":[14.9375,4.6875,14.75,5.125],"tintindex":0,"rotation":0,"texture":"#0"},"west":{"uv":[1.5,7.3125,1.4375,7.75],"tintindex":0,"rotation":0,"texture":"#0"},"up":{"uv":[3.75,2.1875,3.9375,2.125],"tintindex":0,"rotation":0,"texture":"#0"},"down":{"uv":[3.9375,2.125,4.125,2.1875],"tintindex":0,"rotation":0,"texture":"#0"}},"rotation":{"origin":[9.5322,1.3960304,8.0],"angle":-45.0,"axis":"z"}},{"from":[-2.55933,1.5442085,8.0],"to":[4.44067,4.5442085,8.0],"faces":{"south":{"uv":[1.375,12.25,0.9375,12.4375],"tintindex":0,"rotation":0,"texture":"#0"},"north":{"uv":[4.8125,8.6875,4.375,8.875],"tintindex":0,"rotation":0,"texture":"#0"}}}],"display":{"gui":{"rotation":[30,225,0]}}}