{"textures":{"0":"modelengine:entity/thecrypti"},"elements":[{"from":[6.0,1.0,6.5],"to":[9.0,10.0,9.5],"faces":{"east":{"uv":[1.4375,14.625,1.25,15.1875],"tintindex":0,"rotation":0,"texture":"#0"},"south":{"uv":[14.8125,0.75,14.625,1.3125],"tintindex":0,"rotation":0,"texture":"#0"},"north":{"uv":[13.8125,14.5625,13.625,15.125],"tintindex":0,"rotation":0,"texture":"#0"},"west":{"uv":[14.75,14.125,14.5625,14.6875],"tintindex":0,"rotation":0,"texture":"#0"},"up":{"uv":[9.5625,8.625,9.75,8.4375],"tintindex":0,"rotation":0,"texture":"#0"},"down":{"uv":[11.125,2.6875,11.3125,2.875],"tintindex":0,"rotation":0,"texture":"#0"}}},{"from":[4.34846,-5.1047096,7.0],"to":[7.34846,1.8952904,9.0],"faces":{"east":{"uv":[9.75,10.4375,9.625,10.875],"tintindex":0,"rotation":0,"texture":"#0"},"south":{"uv":[14.9375,3.3125,14.75,3.75],"tintindex":0,"rotation":0,"texture":"#0"},"north":{"uv":[0.375,14.75,0.1875,15.1875],"tintindex":0,"rotation":0,"texture":"#0"},"west":{"uv":[7.75,4.0625,7.625,4.5],"tintindex":0,"rotation":0,"texture":"#0"},"up":{"uv":[15.0625,1.9375,15.25,1.8125],"tintindex":0,"rotation":0,"texture":"#0"},"down":{"uv":[15.0625,2.75,15.25,2.875],"tintindex":0,"rotation":0,"texture":"#0"}},"rotation":{"origin":[5.74846,-2.4047089,8.0],"angle":-22.5,"axis":"z"}}],"display":{"gui":{"rotation":[30,225,0]}}}