{"textures":{"0":"modelengine:entity/thecrypti"},"elements":[{"from":[11.55933,1.5442085,7.9000015],"to":[18.55933,4.5442085,7.9000015],"faces":{"south":{"uv":[14.75,9.9375,15.1875,10.125],"tintindex":0,"rotation":0,"texture":"#0"},"north":{"uv":[14.75,1.5,15.1875,1.6875],"tintindex":0,"rotation":0,"texture":"#0"}}},{"from":[10.22345,-2.3253708,7.5],"to":[13.22345,4.674629,8.5],"faces":{"east":{"uv":[7.375,13.9375,7.4375,14.375],"tintindex":0,"rotation":0,"texture":"#0"},"south":{"uv":[14.8125,0.75,15.0,1.1875],"tintindex":0,"rotation":0,"texture":"#0"},"north":{"uv":[14.75,14.5625,14.9375,15.0],"tintindex":0,"rotation":0,"texture":"#0"},"west":{"uv":[11.75,14.3125,11.8125,14.75],"tintindex":0,"rotation":0,"texture":"#0"},"up":{"uv":[5.125,3.5,4.9375,3.4375],"tintindex":0,"rotation":0,"texture":"#0"},"down":{"uv":[5.3125,3.4375,5.125,3.5],"tintindex":0,"rotation":0,"texture":"#0"}},"rotation":{"origin":[6.4677997,1.3960304,8.0],"angle":45.0,"axis":"z"}}],"display":{"gui":{"rotation":[30,225,0]}}}