{"textures":{"0":"modelengine:entity/thecrypti"},"elements":[{"from":[1.7765503,-4.325371,7.5],"to":[5.7765503,4.674629,8.5],"faces":{"east":{"uv":[4.0625,10.1875,4.0,10.75],"tintindex":0,"rotation":0,"texture":"#0"},"south":{"uv":[14.125,14.125,13.875,14.6875],"tintindex":0,"rotation":0,"texture":"#0"},"north":{"uv":[14.375,8.125,14.125,8.6875],"tintindex":0,"rotation":0,"texture":"#0"},"west":{"uv":[1.5,6.75,1.4375,7.3125],"tintindex":0,"rotation":0,"texture":"#0"},"up":{"uv":[3.25,2.1875,3.5,2.125],"tintindex":0,"rotation":0,"texture":"#0"},"down":{"uv":[3.5,2.125,3.75,2.1875],"tintindex":0,"rotation":0,"texture":"#0"}},"rotation":{"origin":[9.5322,1.3960304,8.0],"angle":-45.0,"axis":"z"}},{"from":[-8.63851,0.14170837,8.0],"to":[2.3614902,3.1417084,8.0],"faces":{"south":{"uv":[12.6875,7.1875,12.0,7.375],"tintindex":0,"rotation":0,"texture":"#0"},"north":{"uv":[11.1875,7.375,10.5,7.5625],"tintindex":0,"rotation":0,"texture":"#0"}}}],"display":{"gui":{"rotation":[30,225,0]}}}