{"textures":{"0":"modelengine:entity/thecrypti"},"elements":[{"from":[6.7700005,-0.6100006,6.1549997],"to":[11.690001,10.459999,9.845],"faces":{"east":{"uv":[14.5625,9.5,14.75,10.0625],"tintindex":0,"rotation":0,"texture":"#0"},"south":{"uv":[14.125,0.75,14.375,1.3125],"tintindex":0,"rotation":0,"texture":"#0"},"north":{"uv":[14.0625,11.0,14.3125,11.5625],"tintindex":0,"rotation":0,"texture":"#0"},"west":{"uv":[14.5625,11.0,14.75,11.5625],"tintindex":0,"rotation":0,"texture":"#0"},"up":{"uv":[11.4375,15.0625,11.1875,14.875],"tintindex":0,"rotation":0,"texture":"#0"},"down":{"uv":[11.6875,14.875,11.4375,15.0625],"tintindex":0,"rotation":0,"texture":"#0"}}},{"from":[8.8014,-13.038799,6.77],"to":[13.7214,0.4911995,9.23],"faces":{"east":{"uv":[3.0625,14.6875,3.1875,15.375],"tintindex":0,"rotation":0,"texture":"#0"},"south":{"uv":[2.0,13.9375,2.25,14.625],"tintindex":0,"rotation":0,"texture":"#0"},"north":{"uv":[1.75,13.9375,2.0,14.625],"tintindex":0,"rotation":0,"texture":"#0"},"west":{"uv":[13.0,14.6875,13.125,15.375],"tintindex":0,"rotation":0,"texture":"#0"},"up":{"uv":[5.125,6.625,4.875,6.5],"tintindex":0,"rotation":0,"texture":"#0"},"down":{"uv":[11.0625,1.5,10.8125,1.625],"tintindex":0,"rotation":0,"texture":"#0"}},"rotation":{"origin":[10.769401,-4.797802,8.0],"angle":22.5,"axis":"z"}}],"display":{"gui":{"rotation":[30,225,0]}}}