{"textures":{"0":"modelengine:entity/thecrypti"},"elements":[{"from":[0.34515953,-7.1602,7.3849998],"to":[5.2651596,3.9097977,8.615],"faces":{"east":{"uv":[4.0625,10.1875,4.0,10.75],"tintindex":0,"rotation":0,"texture":"#0"},"south":{"uv":[14.125,14.125,13.875,14.6875],"tintindex":0,"rotation":0,"texture":"#0"},"north":{"uv":[14.375,8.125,14.125,8.6875],"tintindex":0,"rotation":0,"texture":"#0"},"west":{"uv":[1.5,6.75,1.4375,7.3125],"tintindex":0,"rotation":0,"texture":"#0"},"up":{"uv":[3.25,2.1875,3.5,2.125],"tintindex":0,"rotation":0,"texture":"#0"},"down":{"uv":[3.5,2.125,3.75,2.1875],"tintindex":0,"rotation":0,"texture":"#0"}},"rotation":{"origin":[9.884609,-0.122880936,8.0],"angle":-45.0,"axis":"z"}},{"from":[-12.465361,-1.6656914,8.0],"to":[1.0646396,2.024311,8.0],"faces":{"south":{"uv":[12.6875,7.1875,12.0,7.375],"tintindex":0,"rotation":0,"texture":"#0"},"north":{"uv":[11.1875,7.375,10.5,7.5625],"tintindex":0,"rotation":0,"texture":"#0"}}}],"display":{"gui":{"rotation":[30,225,0]}}}