{"textures":{"0":"modelengine:entity/thecrypti"},"elements":[{"from":[-3.479,-4.695879,0.18742943],"to":[-3.479,3.304121,20.187431],"faces":{"east":{"uv":[5.875,15.5,7.125,16.0],"tintindex":0,"rotation":0,"texture":"#0"},"west":{"uv":[4.5625,15.5,5.8125,16.0],"tintindex":0,"rotation":0,"texture":"#0"}},"rotation":{"origin":[-2.0,-0.34682846,9.8700905],"angle":-22.5,"axis":"z"}},{"from":[-2.0,3.500002,0.0],"to":[18.0,14.5,20.0],"faces":{"east":{"uv":[11.9375,1.8125,13.1875,2.5],"tintindex":0,"rotation":0,"texture":"#0"},"south":{"uv":[5.25,12.0,6.5,12.6875],"tintindex":0,"rotation":0,"texture":"#0"},"north":{"uv":[5.5,4.5625,6.75,5.25],"tintindex":0,"rotation":0,"texture":"#0"},"west":{"uv":[12.0,6.5,13.25,7.1875],"tintindex":0,"rotation":0,"texture":"#0"},"up":{"uv":[8.5,9.875,7.25,8.625],"tintindex":0,"rotation":0,"texture":"#0"},"down":{"uv":[9.75,8.625,8.5,9.875],"tintindex":0,"rotation":0,"texture":"#0"}}},{"from":[19.479,-4.695879,0.18742943],"to":[19.479,3.304121,20.187431],"faces":{"east":{"uv":[5.8125,15.5,4.5625,16.0],"tintindex":0,"rotation":0,"texture":"#0"},"west":{"uv":[7.125,15.5,5.875,16.0],"tintindex":0,"rotation":0,"texture":"#0"}},"rotation":{"origin":[18.0,-0.34682846,9.8700905],"angle":22.5,"axis":"z"}}],"display":{"gui":{"rotation":[30,225,0]}}}