{"textures":{"0":"modelengine:entity/thecrypti"},"elements":[{"from":[3.0497003,-5.0480003,7.0],"to":[6.0497003,1.9519997,9.0],"faces":{"east":{"uv":[4.375,14.875,4.25,15.3125],"tintindex":0,"rotation":0,"texture":"#0"},"south":{"uv":[10.125,14.75,9.9375,15.1875],"tintindex":0,"rotation":0,"texture":"#0"},"north":{"uv":[9.9375,14.75,9.75,15.1875],"tintindex":0,"rotation":0,"texture":"#0"},"west":{"uv":[3.75,14.875,3.625,15.3125],"tintindex":0,"rotation":0,"texture":"#0"},"up":{"uv":[15.0625,3.125,15.25,3.0],"tintindex":0,"rotation":0,"texture":"#0"},"down":{"uv":[15.0625,5.8125,15.25,5.9375],"tintindex":0,"rotation":0,"texture":"#0"}},"rotation":{"origin":[5.7484603,-2.4047127,8.0],"angle":-22.5,"axis":"z"}},{"from":[4.8,1.5,6.5],"to":[7.8,10.5,9.5],"faces":{"east":{"uv":[7.125,14.625,6.9375,15.1875],"tintindex":0,"rotation":0,"texture":"#0"},"south":{"uv":[6.9375,14.625,6.75,15.1875],"tintindex":0,"rotation":0,"texture":"#0"},"north":{"uv":[14.8125,5.25,14.625,5.8125],"tintindex":0,"rotation":0,"texture":"#0"},"west":{"uv":[6.75,14.625,6.5625,15.1875],"tintindex":0,"rotation":0,"texture":"#0"},"up":{"uv":[15.0,0.9375,15.1875,0.75],"tintindex":0,"rotation":0,"texture":"#0"},"down":{"uv":[0.875,15.0,1.0625,15.1875],"tintindex":0,"rotation":0,"texture":"#0"}}}],"display":{"gui":{"rotation":[30,225,0]}}}