{"textures":{"0":"modelengine:entity/thecrypti"},"elements":[{"from":[5.97953,5.67844,7.85444],"to":[11.05953,13.298439,12.934441],"faces":{"east":{"uv":[14.6875,7.8125,14.9375,8.1875],"tintindex":0,"rotation":0,"texture":"#0"},"south":{"uv":[10.4375,14.6875,10.6875,15.0625],"tintindex":0,"rotation":0,"texture":"#0"},"north":{"uv":[14.6875,4.3125,14.9375,4.6875],"tintindex":0,"rotation":0,"texture":"#0"},"west":{"uv":[10.6875,14.6875,10.9375,15.0625],"tintindex":0,"rotation":0,"texture":"#0"},"up":{"uv":[6.5625,15.0625,6.3125,14.8125],"tintindex":0,"rotation":0,"texture":"#0"},"down":{"uv":[12.0,14.8125,11.75,15.0625],"tintindex":0,"rotation":0,"texture":"#0"}},"rotation":{"origin":[8.51953,12.663441,11.02944],"angle":22.5,"axis":"x"}},{"from":[2.8045301,18.695942,5.25094],"to":[14.23453,23.775944,16.680939],"faces":{"east":{"uv":[14.0625,9.0,14.625,9.25],"tintindex":0,"rotation":0,"texture":"#0"},"south":{"uv":[14.0625,9.25,14.625,9.5],"tintindex":0,"rotation":0,"texture":"#0"},"north":{"uv":[14.0625,6.75,14.625,7.0],"tintindex":0,"rotation":0,"texture":"#0"},"west":{"uv":[14.0625,10.75,14.625,11.0],"tintindex":0,"rotation":0,"texture":"#0"},"up":{"uv":[11.8125,13.875,11.25,13.3125],"tintindex":0,"rotation":0,"texture":"#0"},"down":{"uv":[7.4375,13.375,6.875,13.9375],"tintindex":0,"rotation":0,"texture":"#0"}}},{"from":[6.61453,12.34594,9.06094],"to":[10.42453,18.695942,11.60094],"faces":{"east":{"uv":[7.0,2.875,7.125,3.1875],"tintindex":0,"rotation":0,"texture":"#0"},"south":{"uv":[3.4375,14.875,3.625,15.1875],"tintindex":0,"rotation":0,"texture":"#0"},"north":{"uv":[11.1875,8.125,11.375,8.4375],"tintindex":0,"rotation":0,"texture":"#0"},"west":{"uv":[6.25,9.875,6.375,10.1875],"tintindex":0,"rotation":0,"texture":"#0"},"up":{"uv":[3.75,12.125,3.5625,12.0],"tintindex":0,"rotation":0,"texture":"#0"},"down":{"uv":[13.8125,0.75,13.625,0.875],"tintindex":0,"rotation":0,"texture":"#0"}}}],"display":{"gui":{"rotation":[30,225,0]}}}