{"textures":{"0":"modelengine:entity/thecrypti"},"elements":[{"from":[-2.7334747,3.4609413,-1.9228401],"to":[8.266525,10.460941,6.07716],"faces":{"east":{"uv":[7.125,4.0625,7.625,4.5],"tintindex":0,"rotation":0,"texture":"#0"},"south":{"uv":[13.4375,8.125,14.125,8.5625],"tintindex":0,"rotation":0,"texture":"#0"},"north":{"uv":[5.9375,13.4375,6.625,13.875],"tintindex":0,"rotation":0,"texture":"#0"},"west":{"uv":[4.375,8.25,4.875,8.6875],"tintindex":0,"rotation":0,"texture":"#0"},"up":{"uv":[9.875,13.75,9.1875,13.25],"tintindex":0,"rotation":0,"texture":"#0"},"down":{"uv":[10.5625,13.25,9.875,13.75],"tintindex":0,"rotation":0,"texture":"#0"}},"rotation":{"origin":[0.76652527,7.4609413,5.07716],"angle":-22.5,"axis":"y"}},{"from":[-1.7334747,3.4609413,10.07716],"to":[9.266525,10.460941,18.07716],"faces":{"east":{"uv":[10.8125,1.0625,11.3125,1.5],"tintindex":0,"rotation":0,"texture":"#0"},"south":{"uv":[1.75,13.5,2.4375,13.9375],"tintindex":0,"rotation":0,"texture":"#0"},"north":{"uv":[13.4375,8.5625,14.125,9.0],"tintindex":0,"rotation":0,"texture":"#0"},"west":{"uv":[13.75,3.5625,14.25,4.0],"tintindex":0,"rotation":0,"texture":"#0"},"up":{"uv":[11.25,13.75,10.5625,13.25],"tintindex":0,"rotation":0,"texture":"#0"},"down":{"uv":[1.25,13.3125,0.5625,13.8125],"tintindex":0,"rotation":0,"texture":"#0"}},"rotation":{"origin":[0.76652527,7.4609413,14.07716],"angle":22.5,"axis":"y"}}],"display":{"gui":{"rotation":[30,225,0]}}}