{"textures":{"0":"modelengine:entity/thecrypti"},"elements":[{"from":[10.579201,-6.297432,7.42],"to":[15.2192,4.1425667,8.58],"faces":{"east":{"uv":[1.4375,6.75,1.5,7.3125],"tintindex":0,"rotation":0,"texture":"#0"},"south":{"uv":[13.875,14.125,14.125,14.6875],"tintindex":0,"rotation":0,"texture":"#0"},"north":{"uv":[14.125,8.125,14.375,8.6875],"tintindex":0,"rotation":0,"texture":"#0"},"west":{"uv":[4.0,10.1875,4.0625,10.75],"tintindex":0,"rotation":0,"texture":"#0"},"up":{"uv":[3.5,2.1875,3.25,2.125],"tintindex":0,"rotation":0,"texture":"#0"},"down":{"uv":[3.75,2.125,3.5,2.1875],"tintindex":0,"rotation":0,"texture":"#0"}},"rotation":{"origin":[6.22264,0.3393898,8.0],"angle":45.0,"axis":"z"}},{"from":[14.54067,-1.1156216,8.0],"to":[27.30067,2.36438,8.0],"faces":{"south":{"uv":[12.0,7.1875,12.6875,7.375],"tintindex":0,"rotation":0,"texture":"#0"},"north":{"uv":[10.5,7.375,11.1875,7.5625],"tintindex":0,"rotation":0,"texture":"#0"}}}],"display":{"gui":{"rotation":[30,225,0]}}}