{"textures":{"0":"modelengine:entity/thecrypti"},"elements":[{"from":[8.75578,-11.841469,6.84],"to":[13.395781,0.9185295,9.16],"faces":{"east":{"uv":[3.0625,14.6875,3.1875,15.375],"tintindex":0,"rotation":0,"texture":"#0"},"south":{"uv":[2.0,13.9375,2.25,14.625],"tintindex":0,"rotation":0,"texture":"#0"},"north":{"uv":[1.75,13.9375,2.0,14.625],"tintindex":0,"rotation":0,"texture":"#0"},"west":{"uv":[13.0,14.6875,13.125,15.375],"tintindex":0,"rotation":0,"texture":"#0"},"up":{"uv":[5.125,6.625,4.875,6.5],"tintindex":0,"rotation":0,"texture":"#0"},"down":{"uv":[11.0625,1.5,10.8125,1.625],"tintindex":0,"rotation":0,"texture":"#0"}},"rotation":{"origin":[10.61178,-4.0694695,8.0],"angle":22.5,"axis":"z"}},{"from":[6.84,-0.11999893,6.26],"to":[11.4800005,10.32,9.74],"faces":{"east":{"uv":[14.5625,9.5,14.75,10.0625],"tintindex":0,"rotation":0,"texture":"#0"},"south":{"uv":[14.125,0.75,14.375,1.3125],"tintindex":0,"rotation":0,"texture":"#0"},"north":{"uv":[14.0625,11.0,14.3125,11.5625],"tintindex":0,"rotation":0,"texture":"#0"},"west":{"uv":[14.5625,11.0,14.75,11.5625],"tintindex":0,"rotation":0,"texture":"#0"},"up":{"uv":[11.4375,15.0625,11.1875,14.875],"tintindex":0,"rotation":0,"texture":"#0"},"down":{"uv":[11.6875,14.875,11.4375,15.0625],"tintindex":0,"rotation":0,"texture":"#0"}}}],"display":{"gui":{"rotation":[30,225,0]}}}