{"textures":{"0":"modelengine:entity/thecrypti"},"elements":[{"from":[6.7334747,3.4609413,10.07716],"to":[17.733475,10.460941,18.07716],"faces":{"east":{"uv":[14.25,3.5625,13.75,4.0],"tintindex":0,"rotation":0,"texture":"#0"},"south":{"uv":[2.4375,13.5,1.75,13.9375],"tintindex":0,"rotation":0,"texture":"#0"},"north":{"uv":[14.125,8.5625,13.4375,9.0],"tintindex":0,"rotation":0,"texture":"#0"},"west":{"uv":[11.3125,1.0625,10.8125,1.5],"tintindex":0,"rotation":0,"texture":"#0"},"up":{"uv":[10.5625,13.75,11.25,13.25],"tintindex":0,"rotation":0,"texture":"#0"},"down":{"uv":[0.5625,13.3125,1.25,13.8125],"tintindex":0,"rotation":0,"texture":"#0"}},"rotation":{"origin":[15.233475,7.4609413,14.07716],"angle":-22.5,"axis":"y"}},{"from":[7.7334747,3.4609413,-1.9228401],"to":[18.733475,10.460941,6.07716],"faces":{"east":{"uv":[4.875,8.25,4.375,8.6875],"tintindex":0,"rotation":0,"texture":"#0"},"south":{"uv":[14.125,8.125,13.4375,8.5625],"tintindex":0,"rotation":0,"texture":"#0"},"north":{"uv":[6.625,13.4375,5.9375,13.875],"tintindex":0,"rotation":0,"texture":"#0"},"west":{"uv":[7.625,4.0625,7.125,4.5],"tintindex":0,"rotation":0,"texture":"#0"},"up":{"uv":[9.1875,13.75,9.875,13.25],"tintindex":0,"rotation":0,"texture":"#0"},"down":{"uv":[9.875,13.25,10.5625,13.75],"tintindex":0,"rotation":0,"texture":"#0"}},"rotation":{"origin":[15.233475,7.4609413,5.07716],"angle":22.5,"axis":"y"}}],"display":{"gui":{"rotation":[30,225,0]}}}