{"textures":{"0":"modelengine:entity/thecrypti"},"elements":[{"from":[11.55933,1.5442085,8.0],"to":[18.55933,4.5442085,8.0],"faces":{"south":{"uv":[14.6875,8.1875,15.125,8.375],"tintindex":0,"rotation":0,"texture":"#0"},"north":{"uv":[14.625,5.8125,15.0625,6.0],"tintindex":0,"rotation":0,"texture":"#0"}}},{"from":[10.22345,-2.3253708,7.5],"to":[13.22345,4.674629,8.5],"faces":{"east":{"uv":[10.375,12.625,10.4375,13.0625],"tintindex":0,"rotation":0,"texture":"#0"},"south":{"uv":[14.75,10.6875,14.9375,11.125],"tintindex":0,"rotation":0,"texture":"#0"},"north":{"uv":[10.125,14.75,10.3125,15.1875],"tintindex":0,"rotation":0,"texture":"#0"},"west":{"uv":[11.75,13.875,11.8125,14.3125],"tintindex":0,"rotation":0,"texture":"#0"},"up":{"uv":[4.75,3.5,4.5625,3.4375],"tintindex":0,"rotation":0,"texture":"#0"},"down":{"uv":[4.9375,3.4375,4.75,3.5],"tintindex":0,"rotation":0,"texture":"#0"}},"rotation":{"origin":[6.4677997,1.3960266,8.0],"angle":45.0,"axis":"z"}}],"display":{"gui":{"rotation":[30,225,0]}}}