{"textures":{"0":"modelengine:entity/thecrypti"},"elements":[{"from":[2.7765498,-2.3253708,7.5],"to":[5.77655,4.674629,8.5],"faces":{"east":{"uv":[11.8125,14.3125,11.75,14.75],"tintindex":0,"rotation":0,"texture":"#0"},"south":{"uv":[15.0,0.75,14.8125,1.1875],"tintindex":0,"rotation":0,"texture":"#0"},"north":{"uv":[14.9375,14.5625,14.75,15.0],"tintindex":0,"rotation":0,"texture":"#0"},"west":{"uv":[7.4375,13.9375,7.375,14.375],"tintindex":0,"rotation":0,"texture":"#0"},"up":{"uv":[4.9375,3.5,5.125,3.4375],"tintindex":0,"rotation":0,"texture":"#0"},"down":{"uv":[5.125,3.4375,5.3125,3.5],"tintindex":0,"rotation":0,"texture":"#0"}},"rotation":{"origin":[9.5322,1.3960304,8.0],"angle":-45.0,"axis":"z"}},{"from":[-2.55933,1.5442085,8.0],"to":[4.44067,4.5442085,8.0],"faces":{"south":{"uv":[15.1875,9.9375,14.75,10.125],"tintindex":0,"rotation":0,"texture":"#0"},"north":{"uv":[15.1875,1.5,14.75,1.6875],"tintindex":0,"rotation":0,"texture":"#0"}}}],"display":{"gui":{"rotation":[30,225,0]}}}