{"textures":{"0":"modelengine:entity/thecrypti"},"elements":[{"from":[15.28381,5.668562,3.9850001],"to":[20.39381,5.668562,12.014999],"faces":{"up":{"uv":[1.0625,8.4375,1.5,7.75],"tintindex":0,"rotation":0,"texture":"#0"},"down":{"uv":[10.4375,11.75,10.875,12.4375],"tintindex":0,"rotation":0,"texture":"#0"}},"rotation":{"origin":[15.648809,10.632561,8.0],"angle":-45.0,"axis":"z"}},{"from":[-0.41119003,10.632561,3.9850001],"to":[4.6988096,10.632561,12.014999],"faces":{"up":{"uv":[1.5,8.4375,1.0625,7.75],"tintindex":0,"rotation":0,"texture":"#0"},"down":{"uv":[10.875,11.75,10.4375,12.4375],"tintindex":0,"rotation":0,"texture":"#0"}}}],"display":{"gui":{"rotation":[30,225,0]}}}