{"textures":{"0":"modelengine:entity/thecrypti"},"elements":[{"from":[2.6042194,-11.841469,6.84],"to":[7.24422,0.9185295,9.16],"faces":{"east":{"uv":[13.125,14.6875,13.0,15.375],"tintindex":0,"rotation":0,"texture":"#0"},"south":{"uv":[2.25,13.9375,2.0,14.625],"tintindex":0,"rotation":0,"texture":"#0"},"north":{"uv":[2.0,13.9375,1.75,14.625],"tintindex":0,"rotation":0,"texture":"#0"},"west":{"uv":[3.1875,14.6875,3.0625,15.375],"tintindex":0,"rotation":0,"texture":"#0"},"up":{"uv":[4.875,6.625,5.125,6.5],"tintindex":0,"rotation":0,"texture":"#0"},"down":{"uv":[10.8125,1.5,11.0625,1.625],"tintindex":0,"rotation":0,"texture":"#0"}},"rotation":{"origin":[5.38822,-4.0694695,8.0],"angle":-22.5,"axis":"z"}},{"from":[4.5199995,-0.11999893,6.26],"to":[9.16,10.32,9.74],"faces":{"east":{"uv":[14.75,11.0,14.5625,11.5625],"tintindex":0,"rotation":0,"texture":"#0"},"south":{"uv":[14.375,0.75,14.125,1.3125],"tintindex":0,"rotation":0,"texture":"#0"},"north":{"uv":[14.3125,11.0,14.0625,11.5625],"tintindex":0,"rotation":0,"texture":"#0"},"west":{"uv":[14.75,9.5,14.5625,10.0625],"tintindex":0,"rotation":0,"texture":"#0"},"up":{"uv":[11.1875,15.0625,11.4375,14.875],"tintindex":0,"rotation":0,"texture":"#0"},"down":{"uv":[11.4375,14.875,11.6875,15.0625],"tintindex":0,"rotation":0,"texture":"#0"}}}],"display":{"gui":{"rotation":[30,225,0]}}}