{"textures":{"0":"modelengine:entity/thecrypti"},"elements":[{"from":[7.5846996,0.5292282,7.0],"to":[10.5847,7.529228,9.0],"faces":{"east":{"uv":[4.375,14.875,4.5,15.3125],"tintindex":0,"rotation":0,"texture":"#0"},"south":{"uv":[14.75,14.125,14.9375,14.5625],"tintindex":0,"rotation":0,"texture":"#0"},"north":{"uv":[12.25,14.75,12.4375,15.1875],"tintindex":0,"rotation":0,"texture":"#0"},"west":{"uv":[7.9375,14.875,8.0625,15.3125],"tintindex":0,"rotation":0,"texture":"#0"},"up":{"uv":[15.25,6.0625,15.0625,5.9375],"tintindex":0,"rotation":0,"texture":"#0"},"down":{"uv":[6.4375,15.0625,6.25,15.1875],"tintindex":0,"rotation":0,"texture":"#0"}},"rotation":{"origin":[7.8859396,3.1725311,8.0],"angle":22.5,"axis":"z"}},{"from":[5.8344,7.07724,6.5],"to":[8.8344,16.07724,9.5],"faces":{"east":{"uv":[14.625,8.9375,14.8125,9.5],"tintindex":0,"rotation":0,"texture":"#0"},"south":{"uv":[2.4375,14.6875,2.625,15.25],"tintindex":0,"rotation":0,"texture":"#0"},"north":{"uv":[7.125,14.625,7.3125,15.1875],"tintindex":0,"rotation":0,"texture":"#0"},"west":{"uv":[2.625,14.6875,2.8125,15.25],"tintindex":0,"rotation":0,"texture":"#0"},"up":{"uv":[15.1875,1.125,15.0,0.9375],"tintindex":0,"rotation":0,"texture":"#0"},"down":{"uv":[1.25,15.0,1.0625,15.1875],"tintindex":0,"rotation":0,"texture":"#0"}}}],"display":{"gui":{"rotation":[30,225,0]}}}