{"textures":{"0":"modelengine:entity/thecrypti"},"elements":[{"from":[-2.55933,1.5442085,8.0],"to":[4.44067,4.5442085,8.0],"faces":{"south":{"uv":[15.0,2.1875,14.5625,2.375],"tintindex":0,"rotation":0,"texture":"#0"},"north":{"uv":[14.875,13.0625,14.4375,13.25],"tintindex":0,"rotation":0,"texture":"#0"}}},{"from":[2.7765503,-2.3253708,7.5],"to":[5.7765503,4.674629,8.5],"faces":{"east":{"uv":[5.9375,11.375,5.875,11.8125],"tintindex":0,"rotation":0,"texture":"#0"},"south":{"uv":[9.75,14.75,9.5625,15.1875],"tintindex":0,"rotation":0,"texture":"#0"},"north":{"uv":[14.9375,9.5,14.75,9.9375],"tintindex":0,"rotation":0,"texture":"#0"},"west":{"uv":[4.0625,10.75,4.0,11.1875],"tintindex":0,"rotation":0,"texture":"#0"},"up":{"uv":[4.125,2.1875,4.3125,2.125],"tintindex":0,"rotation":0,"texture":"#0"},"down":{"uv":[4.375,3.4375,4.5625,3.5],"tintindex":0,"rotation":0,"texture":"#0"}},"rotation":{"origin":[9.5322,1.3960266,8.0],"angle":-45.0,"axis":"z"}}],"display":{"gui":{"rotation":[30,225,0]}}}