{"textures":{"0":"modelengine:entity/thecrypti"},"elements":[{"from":[9.9503,-5.0480003,7.0],"to":[12.9503,1.9519997,9.0],"faces":{"east":{"uv":[3.625,14.875,3.75,15.3125],"tintindex":0,"rotation":0,"texture":"#0"},"south":{"uv":[9.9375,14.75,10.125,15.1875],"tintindex":0,"rotation":0,"texture":"#0"},"north":{"uv":[9.75,14.75,9.9375,15.1875],"tintindex":0,"rotation":0,"texture":"#0"},"west":{"uv":[4.25,14.875,4.375,15.3125],"tintindex":0,"rotation":0,"texture":"#0"},"up":{"uv":[15.25,3.125,15.0625,3.0],"tintindex":0,"rotation":0,"texture":"#0"},"down":{"uv":[15.25,5.8125,15.0625,5.9375],"tintindex":0,"rotation":0,"texture":"#0"}},"rotation":{"origin":[10.251539,-2.4047127,8.0],"angle":22.5,"axis":"z"}},{"from":[8.2,1.5,6.5],"to":[11.2,10.5,9.5],"faces":{"east":{"uv":[6.5625,14.625,6.75,15.1875],"tintindex":0,"rotation":0,"texture":"#0"},"south":{"uv":[6.75,14.625,6.9375,15.1875],"tintindex":0,"rotation":0,"texture":"#0"},"north":{"uv":[14.625,5.25,14.8125,5.8125],"tintindex":0,"rotation":0,"texture":"#0"},"west":{"uv":[6.9375,14.625,7.125,15.1875],"tintindex":0,"rotation":0,"texture":"#0"},"up":{"uv":[15.1875,0.9375,15.0,0.75],"tintindex":0,"rotation":0,"texture":"#0"},"down":{"uv":[1.0625,15.0,0.875,15.1875],"tintindex":0,"rotation":0,"texture":"#0"}}}],"display":{"gui":{"rotation":[30,225,0]}}}