{"textures":{"0":"modelengine:entity/thecrypti"},"elements":[{"from":[7.1656,7.07724,6.5],"to":[10.1656,16.07724,9.5],"faces":{"east":{"uv":[2.8125,14.6875,2.625,15.25],"tintindex":0,"rotation":0,"texture":"#0"},"south":{"uv":[2.625,14.6875,2.4375,15.25],"tintindex":0,"rotation":0,"texture":"#0"},"north":{"uv":[7.3125,14.625,7.125,15.1875],"tintindex":0,"rotation":0,"texture":"#0"},"west":{"uv":[14.8125,8.9375,14.625,9.5],"tintindex":0,"rotation":0,"texture":"#0"},"up":{"uv":[15.0,1.125,15.1875,0.9375],"tintindex":0,"rotation":0,"texture":"#0"},"down":{"uv":[1.0625,15.0,1.25,15.1875],"tintindex":0,"rotation":0,"texture":"#0"}}},{"from":[5.4153,0.5292282,7.0],"to":[8.4153,7.529228,9.0],"faces":{"east":{"uv":[8.0625,14.875,7.9375,15.3125],"tintindex":0,"rotation":0,"texture":"#0"},"south":{"uv":[14.9375,14.125,14.75,14.5625],"tintindex":0,"rotation":0,"texture":"#0"},"north":{"uv":[12.4375,14.75,12.25,15.1875],"tintindex":0,"rotation":0,"texture":"#0"},"west":{"uv":[4.5,14.875,4.375,15.3125],"tintindex":0,"rotation":0,"texture":"#0"},"up":{"uv":[15.0625,6.0625,15.25,5.9375],"tintindex":0,"rotation":0,"texture":"#0"},"down":{"uv":[6.25,15.0625,6.4375,15.1875],"tintindex":0,"rotation":0,"texture":"#0"}},"rotation":{"origin":[8.11406,3.1725311,8.0],"angle":-22.5,"axis":"z"}}],"display":{"gui":{"rotation":[30,225,0]}}}