{"textures":{"0":"modelengine:entity/thecrypti"},"elements":[{"from":[11.55933,1.5442085,8.0],"to":[18.55933,4.5442085,8.0],"faces":{"south":{"uv":[14.5625,2.1875,15.0,2.375],"tintindex":0,"rotation":0,"texture":"#0"},"north":{"uv":[14.4375,13.0625,14.875,13.25],"tintindex":0,"rotation":0,"texture":"#0"}}},{"from":[10.22345,-2.3253708,7.5],"to":[13.22345,4.674629,8.5],"faces":{"east":{"uv":[4.0,10.75,4.0625,11.1875],"tintindex":0,"rotation":0,"texture":"#0"},"south":{"uv":[9.5625,14.75,9.75,15.1875],"tintindex":0,"rotation":0,"texture":"#0"},"north":{"uv":[14.75,9.5,14.9375,9.9375],"tintindex":0,"rotation":0,"texture":"#0"},"west":{"uv":[5.875,11.375,5.9375,11.8125],"tintindex":0,"rotation":0,"texture":"#0"},"up":{"uv":[4.3125,2.1875,4.125,2.125],"tintindex":0,"rotation":0,"texture":"#0"},"down":{"uv":[4.5625,3.4375,4.375,3.5],"tintindex":0,"rotation":0,"texture":"#0"}},"rotation":{"origin":[6.4678,1.3960266,8.0],"angle":45.0,"axis":"z"}}],"display":{"gui":{"rotation":[30,225,0]}}}