{"textures":{"0":"modelengine:entity/thecrypti"},"elements":[{"from":[1.6879501,19.632248,5.9244204],"to":[12.84795,24.592255,17.08442],"faces":{"east":{"uv":[14.625,10.75,14.0625,11.0],"tintindex":0,"rotation":0,"texture":"#0"},"south":{"uv":[14.625,9.25,14.0625,9.5],"tintindex":0,"rotation":0,"texture":"#0"},"north":{"uv":[14.625,6.75,14.0625,7.0],"tintindex":0,"rotation":0,"texture":"#0"},"west":{"uv":[14.625,9.0,14.0625,9.25],"tintindex":0,"rotation":0,"texture":"#0"},"up":{"uv":[11.25,13.875,11.8125,13.3125],"tintindex":0,"rotation":0,"texture":"#0"},"down":{"uv":[6.875,13.375,7.4375,13.9375],"tintindex":0,"rotation":0,"texture":"#0"}}},{"from":[5.4079494,13.432251,9.64442],"to":[9.12795,19.632248,12.12442],"faces":{"east":{"uv":[6.375,9.875,6.25,10.1875],"tintindex":0,"rotation":0,"texture":"#0"},"south":{"uv":[3.625,14.875,3.4375,15.1875],"tintindex":0,"rotation":0,"texture":"#0"},"north":{"uv":[11.375,8.125,11.1875,8.4375],"tintindex":0,"rotation":0,"texture":"#0"},"west":{"uv":[7.125,2.875,7.0,3.1875],"tintindex":0,"rotation":0,"texture":"#0"},"up":{"uv":[3.5625,12.125,3.75,12.0],"tintindex":0,"rotation":0,"texture":"#0"},"down":{"uv":[13.625,0.75,13.8125,0.875],"tintindex":0,"rotation":0,"texture":"#0"}}},{"from":[4.7879496,6.9222527,8.46642],"to":[9.74795,14.362251,13.42642],"faces":{"east":{"uv":[10.9375,14.6875,10.6875,15.0625],"tintindex":0,"rotation":0,"texture":"#0"},"south":{"uv":[10.6875,14.6875,10.4375,15.0625],"tintindex":0,"rotation":0,"texture":"#0"},"north":{"uv":[14.9375,4.3125,14.6875,4.6875],"tintindex":0,"rotation":0,"texture":"#0"},"west":{"uv":[14.9375,7.8125,14.6875,8.1875],"tintindex":0,"rotation":0,"texture":"#0"},"up":{"uv":[6.3125,15.0625,6.5625,14.8125],"tintindex":0,"rotation":0,"texture":"#0"},"down":{"uv":[11.75,14.8125,12.0,15.0625],"tintindex":0,"rotation":0,"texture":"#0"}},"rotation":{"origin":[7.26795,13.742252,11.56642],"angle":22.5,"axis":"x"}}],"display":{"gui":{"rotation":[30,225,0]}}}