{"textures":{"0":"modelengine:entity/thecrypti"},"elements":[{"from":[9.46,19.80355,13.20796],"to":[6.54,16.883553,11.01796],"faces":{"east":{"uv":[4.125,15.625,3.9375,15.875],"tintindex":0,"rotation":180,"texture":"#0"},"south":{"uv":[4.4375,15.625,4.1875,15.875],"tintindex":0,"rotation":180,"texture":"#0"},"north":{"uv":[3.875,15.375,3.625,15.625],"tintindex":0,"rotation":180,"texture":"#0"},"west":{"uv":[3.5,15.375,3.3125,15.625],"tintindex":0,"rotation":180,"texture":"#0"},"up":{"uv":[3.5625,15.6875,3.3125,15.875],"tintindex":0,"rotation":0,"texture":"#0"},"down":{"uv":[3.875,15.6875,3.625,15.875],"tintindex":0,"rotation":0,"texture":"#0"}},"rotation":{"origin":[8.0,18.56255,11.382959],"angle":-22.5,"axis":"x"}},{"from":[13.84,20.45631,9.248215],"to":[10.92,17.536312,7.058215],"faces":{"east":{"uv":[3.3125,15.375,3.5,15.625],"tintindex":0,"rotation":0,"texture":"#0"},"south":{"uv":[3.625,15.375,3.875,15.625],"tintindex":0,"rotation":0,"texture":"#0"},"north":{"uv":[4.1875,15.625,4.4375,15.875],"tintindex":0,"rotation":0,"texture":"#0"},"west":{"uv":[3.9375,15.625,4.125,15.875],"tintindex":0,"rotation":0,"texture":"#0"},"up":{"uv":[3.625,15.6875,3.875,15.875],"tintindex":0,"rotation":0,"texture":"#0"},"down":{"uv":[3.3125,15.6875,3.5625,15.875],"tintindex":0,"rotation":0,"texture":"#0"}},"rotation":{"origin":[11.65,18.996311,8.153215],"angle":-45.0,"axis":"z"}},{"from":[5.08,20.45631,9.248215],"to":[2.1599998,17.536312,7.058215],"faces":{"east":{"uv":[4.125,15.625,3.9375,15.875],"tintindex":0,"rotation":0,"texture":"#0"},"south":{"uv":[3.875,15.375,3.625,15.625],"tintindex":0,"rotation":0,"texture":"#0"},"north":{"uv":[4.4375,15.625,4.1875,15.875],"tintindex":0,"rotation":0,"texture":"#0"},"west":{"uv":[3.5,15.375,3.3125,15.625],"tintindex":0,"rotation":0,"texture":"#0"},"up":{"uv":[3.875,15.6875,3.625,15.875],"tintindex":0,"rotation":0,"texture":"#0"},"down":{"uv":[3.5625,15.6875,3.3125,15.875],"tintindex":0,"rotation":0,"texture":"#0"}},"rotation":{"origin":[4.35,18.996311,8.153215],"angle":45.0,"axis":"z"}},{"from":[9.46,20.24155,5.17796],"to":[6.54,17.321552,2.9879599],"faces":{"east":{"uv":[3.3125,15.375,3.5,15.625],"tintindex":0,"rotation":0,"texture":"#0"},"south":{"uv":[3.625,15.375,3.875,15.625],"tintindex":0,"rotation":0,"texture":"#0"},"north":{"uv":[4.1875,15.625,4.4375,15.875],"tintindex":0,"rotation":0,"texture":"#0"},"west":{"uv":[3.9375,15.625,4.125,15.875],"tintindex":0,"rotation":0,"texture":"#0"},"up":{"uv":[3.625,15.6875,3.875,15.875],"tintindex":0,"rotation":0,"texture":"#0"},"down":{"uv":[3.3125,15.6875,3.5625,15.875],"tintindex":0,"rotation":0,"texture":"#0"}},"rotation":{"origin":[8.0,18.56255,4.81296],"angle":22.5,"axis":"x"}},{"from":[3.255,14.467503,4.4485],"to":[12.745,18.8475,12.4785],"faces":{"east":{"uv":[11.9375,2.5,12.625,2.875],"tintindex":0,"rotation":0,"texture":"#0"},"south":{"uv":[5.125,13.4375,5.9375,13.8125],"tintindex":0,"rotation":0,"texture":"#0"},"north":{"uv":[12.8125,13.375,13.625,13.75],"tintindex":0,"rotation":0,"texture":"#0"},"west":{"uv":[13.6875,12.125,14.375,12.5],"tintindex":0,"rotation":0,"texture":"#0"},"up":{"uv":[2.6875,13.5,1.875,12.8125],"tintindex":0,"rotation":0,"texture":"#0"},"down":{"uv":[13.625,10.75,12.8125,11.4375],"tintindex":0,"rotation":0,"texture":"#0"}}},{"from":[5.08,6.9850006,6.675],"to":[10.92,11.365002,9.595],"faces":{"east":{"uv":[12.25,9.5,12.5,9.875],"tintindex":0,"rotation":0,"texture":"#0"},"south":{"uv":[6.125,13.875,6.625,14.25],"tintindex":0,"rotation":0,"texture":"#0"},"north":{"uv":[7.75,12.6875,8.25,13.0625],"tintindex":0,"rotation":0,"texture":"#0"},"west":{"uv":[2.8125,14.6875,3.0625,15.0625],"tintindex":0,"rotation":0,"texture":"#0"},"up":{"uv":[7.75,8.625,7.25,8.375],"tintindex":0,"rotation":0,"texture":"#0"},"down":{"uv":[14.75,3.5625,14.25,3.8125],"tintindex":0,"rotation":0,"texture":"#0"}},"rotation":{"origin":[8.0,11.0,8.5],"angle":22.5,"axis":"x"}},{"from":[6.175,10.817501,6.6385],"to":[9.825,14.467503,9.5585],"faces":{"east":{"uv":[12.5,10.3125,12.75,10.625],"tintindex":0,"rotation":0,"texture":"#0"},"south":{"uv":[1.875,12.5,2.1875,12.8125],"tintindex":0,"rotation":0,"texture":"#0"},"north":{"uv":[5.9375,9.875,6.25,10.1875],"tintindex":0,"rotation":0,"texture":"#0"},"west":{"uv":[14.8125,1.6875,15.0625,2.0],"tintindex":0,"rotation":0,"texture":"#0"},"up":{"uv":[15.125,5.375,14.8125,5.125],"tintindex":0,"rotation":0,"texture":"#0"},"down":{"uv":[15.125,5.375,14.8125,5.625],"tintindex":0,"rotation":0,"texture":"#0"}}}],"display":{"gui":{"rotation":[30,225,0]}}}