{"textures":{"0":"modelengine:entity/thecrypti"},"elements":[{"from":[22.527,3.473999,5.445],"to":[27.637,3.473999,13.475],"faces":{"up":{"uv":[1.0625,8.4375,1.5,7.75],"tintindex":0,"rotation":0,"texture":"#0"},"down":{"uv":[10.4375,11.75,10.875,12.4375],"tintindex":0,"rotation":0,"texture":"#0"}},"rotation":{"origin":[22.161999,8.0,9.46],"angle":-45.0,"axis":"z"}},{"from":[5.445,8.0,5.445],"to":[10.555,8.0,13.475],"faces":{"up":{"uv":[1.5,8.4375,1.0625,7.75],"tintindex":0,"rotation":0,"texture":"#0"},"down":{"uv":[10.875,11.75,10.4375,12.4375],"tintindex":0,"rotation":0,"texture":"#0"}}}],"display":{"gui":{"rotation":[30,225,0]}}}