{"textures":{"0":"modelengine:entity/thecrypti"},"elements":[{"from":[2.7765503,-2.3253708,7.5],"to":[5.7765503,4.674629,8.5],"faces":{"east":{"uv":[11.8125,13.875,11.75,14.3125],"tintindex":0,"rotation":0,"texture":"#0"},"south":{"uv":[14.9375,10.6875,14.75,11.125],"tintindex":0,"rotation":0,"texture":"#0"},"north":{"uv":[10.3125,14.75,10.125,15.1875],"tintindex":0,"rotation":0,"texture":"#0"},"west":{"uv":[10.4375,12.625,10.375,13.0625],"tintindex":0,"rotation":0,"texture":"#0"},"up":{"uv":[4.5625,3.5,4.75,3.4375],"tintindex":0,"rotation":0,"texture":"#0"},"down":{"uv":[4.75,3.4375,4.9375,3.5],"tintindex":0,"rotation":0,"texture":"#0"}},"rotation":{"origin":[9.5322,1.3960266,8.0],"angle":-45.0,"axis":"z"}},{"from":[-2.55933,1.5442085,8.0],"to":[4.44067,4.5442085,8.0],"faces":{"south":{"uv":[15.125,8.1875,14.6875,8.375],"tintindex":0,"rotation":0,"texture":"#0"},"north":{"uv":[15.0625,5.8125,14.625,6.0],"tintindex":0,"rotation":0,"texture":"#0"}}}],"display":{"gui":{"rotation":[30,225,0]}}}