{"textures":{"0":"modelengine:entity/thecrypti"},"elements":[{"from":[8.24643,3.0714302,-12.0],"to":[8.24643,21.07143,-2.0],"faces":{"east":{"uv":[9.25,12.625,10.375,13.25],"tintindex":0,"rotation":90,"texture":"#0"},"west":{"uv":[12.625,2.5,13.75,3.125],"tintindex":0,"rotation":270,"texture":"#0"}},"rotation":{"origin":[8.24643,13.57143,-9.0],"angle":45.0,"axis":"x"}},{"from":[1.7464299,6.57143,-5.649994],"to":[6.74643,10.57143,-5.649994],"faces":{"south":{"uv":[14.8125,9.1875,15.125,9.4375],"tintindex":0,"rotation":0,"texture":"#0"},"north":{"uv":[14.8125,8.9375,15.125,9.1875],"tintindex":0,"rotation":0,"texture":"#0"}},"rotation":{"origin":[4.24643,8.57143,-5.649994],"angle":-22.5,"axis":"z"}},{"from":[9.74643,6.57143,-5.649994],"to":[14.746429,10.57143,-5.649994],"faces":{"south":{"uv":[15.125,9.1875,14.8125,9.4375],"tintindex":0,"rotation":0,"texture":"#0"},"north":{"uv":[15.125,8.9375,14.8125,9.1875],"tintindex":0,"rotation":0,"texture":"#0"}},"rotation":{"origin":[12.246429,8.57143,-5.649994],"angle":22.5,"axis":"z"}},{"from":[0.7464299,1.5714302,-5.5],"to":[15.746429,15.57143,7.5],"faces":{"east":{"uv":[12.25,12.5,13.0625,13.375],"tintindex":0,"rotation":0,"texture":"#0"},"south":{"uv":[0.0,12.25,0.9375,13.125],"tintindex":0,"rotation":0,"texture":"#0"},"north":{"uv":[4.3125,12.125,5.25,13.0],"tintindex":0,"rotation":0,"texture":"#0"},"west":{"uv":[12.5625,0.0,13.375,0.875],"tintindex":0,"rotation":0,"texture":"#0"},"up":{"uv":[1.875,13.3125,0.9375,12.5],"tintindex":0,"rotation":0,"texture":"#0"},"down":{"uv":[13.4375,8.125,12.5,8.9375],"tintindex":0,"rotation":0,"texture":"#0"}}}],"display":{"gui":{"rotation":[30,225,0]}}}