{"textures":{"0":"modelengine:entity/thecrypti"},"elements":[{"from":[-1.0277205,-4.1291313,-16.0],"to":[-1.0277205,3.8708687,8.0],"faces":{"east":{"uv":[15.25,0.0,15.75,1.5],"tintindex":0,"rotation":270,"texture":"#0"},"west":{"uv":[15.25,1.5625,15.75,3.0625],"tintindex":0,"rotation":270,"texture":"#0"}},"rotation":{"origin":[-1.0277205,-0.12913132,-4.0],"angle":-22.5,"axis":"z"}},{"from":[0.5,3.5,-16.0],"to":[15.5,16.5,8.0],"faces":{"east":{"uv":[10.5,6.5625,12.0,7.375],"tintindex":0,"rotation":0,"texture":"#0"},"south":{"uv":[10.4375,12.4375,11.375,13.25],"tintindex":0,"rotation":0,"texture":"#0"},"north":{"uv":[8.3125,12.25,9.25,13.0625],"tintindex":0,"rotation":0,"texture":"#0"},"west":{"uv":[9.375,10.9375,10.875,11.75],"tintindex":0,"rotation":0,"texture":"#0"},"up":{"uv":[5.0,11.375,4.0625,9.875],"tintindex":0,"rotation":0,"texture":"#0"},"down":{"uv":[5.9375,9.875,5.0,11.375],"tintindex":0,"rotation":0,"texture":"#0"}}},{"from":[17.027721,-4.1291313,-16.0],"to":[17.027721,3.8708687,8.0],"faces":{"east":{"uv":[15.25,3.0625,15.75,1.5625],"tintindex":0,"rotation":270,"texture":"#0"},"west":{"uv":[15.25,1.5,15.75,0.0],"tintindex":0,"rotation":270,"texture":"#0"}},"rotation":{"origin":[17.027721,-0.12913132,-4.0],"angle":22.5,"axis":"z"}}],"display":{"gui":{"rotation":[30,225,0]}}}