{"textures":{"0":"modelengine:entity/thecrypti"},"elements":[{"from":[14.0,3.7999992,3.0],"to":[16.0,4.799999,12.5],"faces":{"east":{"uv":[14.9375,4.1875,13.75,4.3125],"tintindex":0,"rotation":0,"texture":"#0"},"south":{"uv":[13.5,7.0625,13.25,7.1875],"tintindex":0,"rotation":0,"texture":"#0"},"north":{"uv":[13.4375,2.375,13.1875,2.5],"tintindex":0,"rotation":0,"texture":"#0"},"west":{"uv":[14.875,12.6875,13.6875,12.8125],"tintindex":0,"rotation":0,"texture":"#0"},"up":{"uv":[3.75,11.375,4.0,10.1875],"tintindex":0,"rotation":0,"texture":"#0"},"down":{"uv":[7.4375,13.375,7.6875,14.5625],"tintindex":0,"rotation":0,"texture":"#0"}},"rotation":{"origin":[14.0,4.299999,8.5],"angle":-22.5,"axis":"y"}},{"from":[11.5,3.6009102,11.52313],"to":[12.5,11.60091,12.52313],"faces":{"east":{"uv":[5.4375,14.5,5.3125,15.5],"tintindex":0,"rotation":0,"texture":"#0"},"south":{"uv":[9.1875,13.8125,9.0625,14.8125],"tintindex":0,"rotation":0,"texture":"#0"},"north":{"uv":[6.375,8.875,6.25,9.875],"tintindex":0,"rotation":0,"texture":"#0"},"west":{"uv":[13.625,13.75,13.5,14.75],"tintindex":0,"rotation":0,"texture":"#0"},"up":{"uv":[6.5,12.125,6.625,12.0],"tintindex":0,"rotation":0,"texture":"#0"},"down":{"uv":[12.125,3.625,12.25,3.75],"tintindex":0,"rotation":0,"texture":"#0"}},"rotation":{"origin":[10.5,8.10091,12.72313],"angle":22.5,"axis":"z"}},{"from":[17.284765,4.166565,3.5231304],"to":[18.784765,12.166565,4.5231304],"faces":{"east":{"uv":[5.6875,14.5,5.5625,15.5],"tintindex":0,"rotation":0,"texture":"#0"},"south":{"uv":[11.375,13.875,11.1875,14.875],"tintindex":0,"rotation":0,"texture":"#0"},"north":{"uv":[14.0625,10.75,13.875,11.75],"tintindex":0,"rotation":0,"texture":"#0"},"west":{"uv":[5.5625,14.5,5.4375,15.5],"tintindex":0,"rotation":0,"texture":"#0"},"up":{"uv":[14.6875,13.375,14.875,13.25],"tintindex":0,"rotation":0,"texture":"#0"},"down":{"uv":[14.8125,12.375,15.0,12.5],"tintindex":0,"rotation":0,"texture":"#0"}},"rotation":{"origin":[18.284765,8.166565,4.0231304],"angle":-22.5,"axis":"z"}},{"from":[8.87716,6.812996,3.5231304],"to":[10.87716,11.312996,4.5231304],"faces":{"east":{"uv":[13.625,14.75,13.5,15.3125],"tintindex":0,"rotation":0,"texture":"#0"},"south":{"uv":[14.5,4.8125,14.25,5.375],"tintindex":0,"rotation":0,"texture":"#0"},"north":{"uv":[14.375,14.125,14.125,14.6875],"tintindex":0,"rotation":0,"texture":"#0"},"west":{"uv":[12.5625,14.75,12.4375,15.3125],"tintindex":0,"rotation":0,"texture":"#0"},"up":{"uv":[13.5625,7.875,13.8125,7.75],"tintindex":0,"rotation":0,"texture":"#0"},"down":{"uv":[14.375,12.375,14.625,12.5],"tintindex":0,"rotation":0,"texture":"#0"}},"rotation":{"origin":[12.07716,8.212996,4.0231304],"angle":-22.5,"axis":"z"}},{"from":[10.5,11.25,8.0],"to":[10.5,19.25,11.0],"faces":{"east":{"uv":[6.25,8.875,5.875,9.875],"tintindex":0,"rotation":0,"texture":"#0"},"west":{"uv":[1.4375,6.75,1.0625,7.75],"tintindex":0,"rotation":0,"texture":"#0"}},"rotation":{"origin":[10.5,15.25,9.5],"angle":22.5,"axis":"x"}},{"from":[8.5,4.75,4.5],"to":[21.5,11.25,11.5],"faces":{"east":{"uv":[12.25,12.5,11.375,13.3125],"tintindex":0,"rotation":0,"texture":"#0"},"south":{"uv":[11.8125,5.75,10.1875,6.5625],"tintindex":0,"rotation":0,"texture":"#0"},"north":{"uv":[3.0625,10.1875,1.4375,11.0],"tintindex":0,"rotation":0,"texture":"#0"},"west":{"uv":[13.375,9.5,12.5,10.3125],"tintindex":0,"rotation":0,"texture":"#0"},"up":{"uv":[9.5625,8.4375,11.1875,7.5625],"tintindex":0,"rotation":0,"texture":"#0"},"down":{"uv":[9.75,8.4375,11.375,9.3125],"tintindex":0,"rotation":0,"texture":"#0"}}},{"from":[15.0,-1.6999998,3.0],"to":[15.0,3.7999992,5.0],"faces":{"east":{"uv":[7.375,13.9375,7.125,14.625],"tintindex":0,"rotation":0,"texture":"#0"},"west":{"uv":[7.125,13.9375,6.875,14.625],"tintindex":0,"rotation":0,"texture":"#0"}},"rotation":{"origin":[14.0,3.2999992,8.5],"angle":-22.5,"axis":"y"}},{"from":[18.5,11.25,4.0],"to":[20.5,12.25,12.5],"faces":{"east":{"uv":[15.1875,8.8125,14.125,8.9375],"tintindex":0,"rotation":0,"texture":"#0"},"south":{"uv":[3.5,13.125,3.25,13.25],"tintindex":0,"rotation":0,"texture":"#0"},"north":{"uv":[11.9375,0.9375,11.6875,1.0625],"tintindex":0,"rotation":0,"texture":"#0"},"west":{"uv":[15.1875,8.6875,14.125,8.8125],"tintindex":0,"rotation":0,"texture":"#0"},"up":{"uv":[12.0625,14.75,12.3125,13.6875],"tintindex":0,"rotation":0,"texture":"#0"},"down":{"uv":[12.3125,13.6875,12.5625,14.75],"tintindex":0,"rotation":0,"texture":"#0"}}},{"from":[19.57716,4.7129955,11.52313],"to":[21.57716,12.212996,12.52313],"faces":{"east":{"uv":[8.6875,14.5,8.5625,15.4375],"tintindex":0,"rotation":0,"texture":"#0"},"south":{"uv":[10.9375,13.75,10.6875,14.6875],"tintindex":0,"rotation":0,"texture":"#0"},"north":{"uv":[10.6875,13.75,10.4375,14.6875],"tintindex":0,"rotation":0,"texture":"#0"},"west":{"uv":[8.5625,14.5,8.4375,15.4375],"tintindex":0,"rotation":0,"texture":"#0"},"up":{"uv":[13.375,0.875,13.625,0.75],"tintindex":0,"rotation":0,"texture":"#0"},"down":{"uv":[13.4375,2.375,13.6875,2.5],"tintindex":0,"rotation":0,"texture":"#0"}},"rotation":{"origin":[20.57716,8.212996,12.02313],"angle":22.5,"axis":"z"}},{"from":[10.0,11.25,4.5],"to":[12.0,12.25,12.5],"faces":{"east":{"uv":[15.1875,10.5625,14.1875,10.6875],"tintindex":0,"rotation":0,"texture":"#0"},"south":{"uv":[11.6875,0.9375,11.4375,1.0625],"tintindex":0,"rotation":0,"texture":"#0"},"north":{"uv":[11.3125,1.5,11.0625,1.625],"tintindex":0,"rotation":0,"texture":"#0"},"west":{"uv":[13.25,5.25,12.25,5.375],"tintindex":0,"rotation":0,"texture":"#0"},"up":{"uv":[2.8125,12.0,3.0625,11.0],"tintindex":0,"rotation":0,"texture":"#0"},"down":{"uv":[9.1875,13.75,9.4375,14.75],"tintindex":0,"rotation":0,"texture":"#0"}}},{"from":[8.5,7.1000004,10.45],"to":[21.0,7.1000004,14.45],"faces":{"up":{"uv":[1.5625,15.375,0.0,15.875],"tintindex":0,"rotation":0,"texture":"#0"},"down":{"uv":[3.25,15.375,1.6875,15.875],"tintindex":0,"rotation":0,"texture":"#0"}},"rotation":{"origin":[15.25,5.0,14.0],"angle":22.5,"axis":"x"}}],"display":{"gui":{"rotation":[30,225,0]}}}