{"textures":{"0":"modelengine:entity/thecrypti"},"elements":[{"from":[11.5,5.25,10.65],"to":[13.0,10.75,11.65],"faces":{"east":{"uv":[13.375,14.6875,13.25,15.375],"tintindex":0,"rotation":0,"texture":"#0"},"south":{"uv":[14.5625,14.125,14.375,14.8125],"tintindex":0,"rotation":0,"texture":"#0"},"north":{"uv":[4.6875,14.3125,4.5,15.0],"tintindex":0,"rotation":0,"texture":"#0"},"west":{"uv":[13.25,14.6875,13.125,15.375],"tintindex":0,"rotation":0,"texture":"#0"},"up":{"uv":[14.9375,9.9375,15.125,9.8125],"tintindex":0,"rotation":0,"texture":"#0"},"down":{"uv":[15.0,2.1875,15.1875,2.3125],"tintindex":0,"rotation":0,"texture":"#0"}},"rotation":{"origin":[12.25,8.25,11.15],"angle":22.5,"axis":"z"}},{"from":[13.700001,4.75,4.875],"to":[15.200001,5.75,11.875],"faces":{"east":{"uv":[9.5625,7.5625,8.6875,7.6875],"tintindex":0,"rotation":0,"texture":"#0"},"south":{"uv":[15.0625,12.6875,14.875,12.8125],"tintindex":0,"rotation":0,"texture":"#0"},"north":{"uv":[15.0625,6.0,14.875,6.125],"tintindex":0,"rotation":0,"texture":"#0"},"west":{"uv":[8.5625,2.75,7.6875,2.875],"tintindex":0,"rotation":0,"texture":"#0"},"up":{"uv":[2.25,14.8125,2.4375,13.9375],"tintindex":0,"rotation":0,"texture":"#0"},"down":{"uv":[3.1875,14.0,3.375,14.875],"tintindex":0,"rotation":0,"texture":"#0"}},"rotation":{"origin":[14.450001,5.25,8.375],"angle":-22.5,"axis":"y"}},{"from":[9.4,10.25,4.5],"to":[10.9,11.25,11.5],"faces":{"east":{"uv":[15.125,3.8125,14.25,3.9375],"tintindex":0,"rotation":0,"texture":"#0"},"south":{"uv":[15.1875,12.375,15.0,12.5],"tintindex":0,"rotation":0,"texture":"#0"},"north":{"uv":[7.5,15.0,7.3125,15.125],"tintindex":0,"rotation":0,"texture":"#0"},"west":{"uv":[13.375,8.9375,12.5,9.0625],"tintindex":0,"rotation":0,"texture":"#0"},"up":{"uv":[3.375,14.875,3.5625,14.0],"tintindex":0,"rotation":0,"texture":"#0"},"down":{"uv":[3.5625,14.0,3.75,14.875],"tintindex":0,"rotation":0,"texture":"#0"}},"rotation":{"origin":[10.15,10.75,8.0],"angle":22.5,"axis":"y"}},{"from":[16.04567,4.7690296,4.5],"to":[17.54567,10.76903,5.5],"faces":{"east":{"uv":[4.25,14.625,4.125,15.375],"tintindex":0,"rotation":0,"texture":"#0"},"south":{"uv":[6.3125,14.25,6.125,15.0],"tintindex":0,"rotation":0,"texture":"#0"},"north":{"uv":[14.4375,5.375,14.25,6.125],"tintindex":0,"rotation":0,"texture":"#0"},"west":{"uv":[9.0625,14.5,8.9375,15.25],"tintindex":0,"rotation":0,"texture":"#0"},"up":{"uv":[4.875,15.125,5.0625,15.0],"tintindex":0,"rotation":0,"texture":"#0"},"down":{"uv":[6.0625,15.0,6.25,15.125],"tintindex":0,"rotation":0,"texture":"#0"}},"rotation":{"origin":[16.79567,8.01903,5.0],"angle":-22.5,"axis":"z"}},{"from":[8.25,5.75,4.5],"to":[9.75,10.75,5.5],"faces":{"east":{"uv":[10.4375,14.75,10.3125,15.375],"tintindex":0,"rotation":0,"texture":"#0"},"south":{"uv":[14.6875,7.8125,14.5,8.4375],"tintindex":0,"rotation":0,"texture":"#0"},"north":{"uv":[14.5625,9.5,14.375,10.125],"tintindex":0,"rotation":0,"texture":"#0"},"west":{"uv":[0.5,14.75,0.375,15.375],"tintindex":0,"rotation":0,"texture":"#0"},"up":{"uv":[14.9375,3.8125,15.125,3.6875],"tintindex":0,"rotation":0,"texture":"#0"},"down":{"uv":[14.9375,7.5,15.125,7.625],"tintindex":0,"rotation":0,"texture":"#0"}}},{"from":[16.79567,6.7690296,-0.5],"to":[16.79567,8.76903,4.5],"faces":{"east":{"uv":[11.625,10.625,11.0,10.875],"tintindex":0,"rotation":0,"texture":"#0"},"west":{"uv":[7.25,10.1875,6.625,10.4375],"tintindex":0,"rotation":0,"texture":"#0"}},"rotation":{"origin":[16.79567,8.01903,4.0],"angle":-22.5,"axis":"z"}},{"from":[17.9,10.25,4.5],"to":[19.4,11.25,11.5],"faces":{"east":{"uv":[15.125,6.25,14.25,6.375],"tintindex":0,"rotation":0,"texture":"#0"},"south":{"uv":[15.25,1.6875,15.0625,1.8125],"tintindex":0,"rotation":0,"texture":"#0"},"north":{"uv":[14.9375,15.0,14.75,15.125],"tintindex":0,"rotation":0,"texture":"#0"},"west":{"uv":[15.125,6.125,14.25,6.25],"tintindex":0,"rotation":0,"texture":"#0"},"up":{"uv":[14.0625,5.6875,14.25,4.8125],"tintindex":0,"rotation":0,"texture":"#0"},"down":{"uv":[14.0625,5.6875,14.25,6.5625],"tintindex":0,"rotation":0,"texture":"#0"}},"rotation":{"origin":[18.65,10.75,8.0],"angle":22.5,"axis":"y"}},{"from":[8.25,5.75,5.5],"to":[28.25,10.25,10.5],"faces":{"east":{"uv":[5.875,11.375,5.25,11.9375],"tintindex":0,"rotation":0,"texture":"#0"},"south":{"uv":[9.75,9.875,7.25,10.4375],"tintindex":0,"rotation":0,"texture":"#0"},"north":{"uv":[12.25,9.3125,9.75,9.875],"tintindex":0,"rotation":0,"texture":"#0"},"west":{"uv":[10.8125,1.0625,10.1875,1.625],"tintindex":0,"rotation":0,"texture":"#0"},"up":{"uv":[8.625,3.375,11.125,2.75],"tintindex":0,"rotation":0,"texture":"#0"},"down":{"uv":[8.625,3.375,11.125,4.0],"tintindex":0,"rotation":0,"texture":"#0"}}},{"from":[20.0,5.25,10.65],"to":[21.5,10.75,11.65],"faces":{"east":{"uv":[13.9375,14.6875,13.8125,15.375],"tintindex":0,"rotation":0,"texture":"#0"},"south":{"uv":[5.3125,14.5,5.125,15.1875],"tintindex":0,"rotation":0,"texture":"#0"},"north":{"uv":[14.625,5.375,14.4375,6.0625],"tintindex":0,"rotation":0,"texture":"#0"},"west":{"uv":[13.5,14.6875,13.375,15.375],"tintindex":0,"rotation":0,"texture":"#0"},"up":{"uv":[15.0,3.25,15.1875,3.125],"tintindex":0,"rotation":0,"texture":"#0"},"down":{"uv":[4.5,15.0,4.6875,15.125],"tintindex":0,"rotation":0,"texture":"#0"}},"rotation":{"origin":[20.75,8.25,11.15],"angle":22.5,"axis":"z"}}],"display":{"gui":{"rotation":[30,225,0]}}}