{"textures":{"0":"modelengine:entity/thecrypti"},"elements":[{"from":[5.6800003,23.080002,14.96],"to":[10.32,31.199997,18.439999],"faces":{"east":{"uv":[13.9375,14.6875,14.125,15.125],"tintindex":0,"rotation":0,"texture":"#0"},"south":{"uv":[12.8125,12.0625,13.0625,12.5],"tintindex":0,"rotation":0,"texture":"#0"},"north":{"uv":[9.375,10.4375,9.625,10.875],"tintindex":0,"rotation":0,"texture":"#0"},"west":{"uv":[14.125,14.6875,14.3125,15.125],"tintindex":0,"rotation":0,"texture":"#0"},"up":{"uv":[1.75,8.5,1.5,8.3125],"tintindex":0,"rotation":0,"texture":"#0"},"down":{"uv":[8.3125,14.875,8.0625,15.0625],"tintindex":0,"rotation":0,"texture":"#0"}},"rotation":{"origin":[8.0,25.98,16.7],"angle":22.5,"axis":"x"}},{"from":[-4.76,20.759998,13.8],"to":[20.76,24.240002,19.6],"faces":{"east":{"uv":[10.1875,6.5625,10.5,6.75],"tintindex":0,"rotation":0,"texture":"#0"},"south":{"uv":[13.6875,12.5,15.0625,12.6875],"tintindex":0,"rotation":0,"texture":"#0"},"north":{"uv":[8.125,1.625,9.5,1.8125],"tintindex":0,"rotation":0,"texture":"#0"},"west":{"uv":[0.5625,13.125,0.875,13.3125],"tintindex":0,"rotation":0,"texture":"#0"},"up":{"uv":[11.8125,5.6875,10.4375,5.375],"tintindex":0,"rotation":0,"texture":"#0"},"down":{"uv":[14.4375,13.0625,13.0625,13.375],"tintindex":0,"rotation":0,"texture":"#0"}}}],"display":{"gui":{"rotation":[30,225,0]}}}