{"textures":{"0":"modelengine:entity/thecrypti"},"elements":[{"from":[6.0,21.300003,15.299999],"to":[10.0,27.300003,18.3],"faces":{"east":{"uv":[2.1875,14.8125,2.375,15.1875],"tintindex":0,"rotation":0,"texture":"#0"},"south":{"uv":[12.75,14.6875,13.0,15.0625],"tintindex":0,"rotation":0,"texture":"#0"},"north":{"uv":[10.9375,14.6875,11.1875,15.0625],"tintindex":0,"rotation":0,"texture":"#0"},"west":{"uv":[4.6875,14.8125,4.875,15.1875],"tintindex":0,"rotation":0,"texture":"#0"},"up":{"uv":[15.125,13.4375,14.875,13.25],"tintindex":0,"rotation":0,"texture":"#0"},"down":{"uv":[15.125,13.4375,14.875,13.625],"tintindex":0,"rotation":0,"texture":"#0"}},"rotation":{"origin":[8.0,24.300003,16.8],"angle":22.5,"axis":"x"}},{"from":[-1.0,19.0,13.0],"to":[17.0,22.0,18.0],"faces":{"east":{"uv":[14.8125,6.375,15.125,6.5625],"tintindex":0,"rotation":0,"texture":"#0"},"south":{"uv":[13.75,4.0,14.875,4.1875],"tintindex":0,"rotation":0,"texture":"#0"},"north":{"uv":[4.375,3.25,5.5,3.4375],"tintindex":0,"rotation":0,"texture":"#0"},"west":{"uv":[14.8125,10.125,15.125,10.3125],"tintindex":0,"rotation":0,"texture":"#0"},"up":{"uv":[4.375,2.125,3.25,1.8125],"tintindex":0,"rotation":0,"texture":"#0"},"down":{"uv":[7.0,2.875,5.875,3.1875],"tintindex":0,"rotation":0,"texture":"#0"}}}],"display":{"gui":{"rotation":[30,225,0]}}}