{"textures":{"0":"modelengine:entity/thecrypti"},"elements":[{"from":[0.10000038,4.200001,8.25],"to":[5.6,4.200001,22.75],"faces":{"up":{"uv":[7.3125,12.25,6.625,10.4375],"tintindex":0,"rotation":0,"texture":"#0"},"down":{"uv":[8.0,10.4375,7.3125,12.25],"tintindex":0,"rotation":0,"texture":"#0"}},"rotation":{"origin":[1.8499999,4.200001,15.5],"angle":22.5,"axis":"z"}},{"from":[11.9,4.200001,8.25],"to":[17.4,4.200001,22.75],"faces":{"up":{"uv":[6.625,12.25,7.3125,10.4375],"tintindex":0,"rotation":0,"texture":"#0"},"down":{"uv":[7.3125,10.4375,8.0,12.25],"tintindex":0,"rotation":0,"texture":"#0"}},"rotation":{"origin":[15.65,4.200001,15.5],"angle":-22.5,"axis":"z"}},{"from":[5.25,5.6000004,8.25],"to":[12.25,11.1,22.75],"faces":{"east":{"uv":[10.4375,4.0,12.25,4.6875],"tintindex":0,"rotation":0,"texture":"#0"},"south":{"uv":[12.6875,7.1875,13.5625,7.875],"tintindex":0,"rotation":0,"texture":"#0"},"north":{"uv":[6.875,12.6875,7.75,13.375],"tintindex":0,"rotation":0,"texture":"#0"},"west":{"uv":[10.4375,4.6875,12.25,5.375],"tintindex":0,"rotation":0,"texture":"#0"},"up":{"uv":[2.625,10.125,1.75,8.3125],"tintindex":0,"rotation":0,"texture":"#0"},"down":{"uv":[7.25,8.375,6.375,10.1875],"tintindex":0,"rotation":0,"texture":"#0"}}}],"display":{"gui":{"rotation":[30,225,0]}}}