{"textures":{"0":"modelengine:entity/thecrypti"},"elements":[{"from":[12.9,3.2000008,8.25],"to":[18.4,3.2000008,22.75],"faces":{"up":{"uv":[3.0625,12.0,3.75,10.1875],"tintindex":0,"rotation":0,"texture":"#0"},"down":{"uv":[5.9375,10.1875,6.625,12.0],"tintindex":0,"rotation":0,"texture":"#0"}},"rotation":{"origin":[16.65,3.2000008,15.5],"angle":-22.5,"axis":"z"}},{"from":[4.25,4.6000004,8.25],"to":[13.25,12.1,22.75],"faces":{"east":{"uv":[7.6875,1.8125,9.5,2.75],"tintindex":0,"rotation":0,"texture":"#0"},"south":{"uv":[11.6875,11.5625,12.8125,12.5],"tintindex":0,"rotation":0,"texture":"#0"},"north":{"uv":[11.6875,10.625,12.8125,11.5625],"tintindex":0,"rotation":0,"texture":"#0"},"west":{"uv":[7.75,7.6875,9.5625,8.625],"tintindex":0,"rotation":0,"texture":"#0"},"up":{"uv":[7.125,1.8125,6.0,0.0],"tintindex":0,"rotation":0,"texture":"#0"},"down":{"uv":[2.625,6.5,1.5,8.3125],"tintindex":0,"rotation":0,"texture":"#0"}}},{"from":[-0.8999996,3.2000008,8.25],"to":[4.6,3.2000008,22.75],"faces":{"up":{"uv":[3.75,12.0,3.0625,10.1875],"tintindex":0,"rotation":0,"texture":"#0"},"down":{"uv":[6.625,10.1875,5.9375,12.0],"tintindex":0,"rotation":0,"texture":"#0"}},"rotation":{"origin":[0.8499999,3.2000008,15.5],"angle":22.5,"axis":"z"}}],"display":{"gui":{"rotation":[30,225,0]}}}