{"textures":{"0":"modelengine:entity/thecrypti"},"elements":[{"from":[12.4,3.7000008,8.25],"to":[17.9,3.7000008,22.75],"faces":{"up":{"uv":[0.0,12.25,0.6875,10.4375],"tintindex":0,"rotation":0,"texture":"#0"},"down":{"uv":[0.6875,10.4375,1.375,12.25],"tintindex":0,"rotation":0,"texture":"#0"}},"rotation":{"origin":[16.15,3.7000008,15.5],"angle":-22.5,"axis":"z"}},{"from":[-0.39999962,3.7000008,8.25],"to":[5.1,3.7000008,22.75],"faces":{"up":{"uv":[0.6875,12.25,0.0,10.4375],"tintindex":0,"rotation":0,"texture":"#0"},"down":{"uv":[1.375,10.4375,0.6875,12.25],"tintindex":0,"rotation":0,"texture":"#0"}},"rotation":{"origin":[1.3499999,3.7000008,15.5],"angle":22.5,"axis":"z"}},{"from":[4.75,5.1000004,8.25],"to":[12.75,11.6,22.75],"faces":{"east":{"uv":[8.6875,6.75,10.5,7.5625],"tintindex":0,"rotation":0,"texture":"#0"},"south":{"uv":[12.25,4.4375,13.25,5.25],"tintindex":0,"rotation":0,"texture":"#0"},"north":{"uv":[12.25,3.625,13.25,4.4375],"tintindex":0,"rotation":0,"texture":"#0"},"west":{"uv":[9.5,1.625,11.3125,2.4375],"tintindex":0,"rotation":0,"texture":"#0"},"up":{"uv":[7.75,6.375,6.75,4.5625],"tintindex":0,"rotation":0,"texture":"#0"},"down":{"uv":[8.125,0.0,7.125,1.8125],"tintindex":0,"rotation":0,"texture":"#0"}}}],"display":{"gui":{"rotation":[30,225,0]}}}