{"textures":{"0":"modelengine:entity/thecrypti"},"elements":[{"from":[-3.46455,2.664936,8.25],"to":[4.03545,2.664936,22.75],"faces":{"up":{"uv":[8.6875,5.875,7.75,4.0625],"tintindex":0,"rotation":0,"texture":"#0"},"down":{"uv":[8.6875,5.875,7.75,7.6875],"tintindex":0,"rotation":0,"texture":"#0"}},"rotation":{"origin":[0.28544998,2.664936,15.5],"angle":22.5,"axis":"z"}},{"from":[13.46455,2.664936,8.25],"to":[20.96455,2.664936,22.75],"faces":{"up":{"uv":[7.75,5.875,8.6875,4.0625],"tintindex":0,"rotation":0,"texture":"#0"},"down":{"uv":[7.75,5.875,8.6875,7.6875],"tintindex":0,"rotation":0,"texture":"#0"}},"rotation":{"origin":[17.21455,2.664936,15.5],"angle":-22.5,"axis":"z"}},{"from":[3.75,4.1000004,8.25],"to":[13.75,12.6,22.75],"faces":{"east":{"uv":[5.875,1.8125,7.6875,2.875],"tintindex":0,"rotation":0,"texture":"#0"},"south":{"uv":[10.1875,0.0,11.4375,1.0625],"tintindex":0,"rotation":0,"texture":"#0"},"north":{"uv":[9.75,9.875,11.0,10.9375],"tintindex":0,"rotation":0,"texture":"#0"},"west":{"uv":[4.875,6.625,6.6875,7.6875],"tintindex":0,"rotation":0,"texture":"#0"},"up":{"uv":[5.5,5.3125,4.25,3.5],"tintindex":0,"rotation":0,"texture":"#0"},"down":{"uv":[6.0,0.0,4.75,1.8125],"tintindex":0,"rotation":0,"texture":"#0"}}}],"display":{"gui":{"rotation":[30,225,0]}}}