{"textures":{"0":"modelengine:entity/thecrypti"},"elements":[{"from":[1.0999999,4.700001,8.25],"to":[6.6,4.700001,22.75],"faces":{"up":{"uv":[8.6875,12.25,8.0,10.4375],"tintindex":0,"rotation":0,"texture":"#0"},"down":{"uv":[9.375,10.4375,8.6875,12.25],"tintindex":0,"rotation":0,"texture":"#0"}},"rotation":{"origin":[2.85,4.700001,15.5],"angle":22.5,"axis":"z"}},{"from":[10.9,4.700001,8.25],"to":[16.4,4.700001,22.75],"faces":{"up":{"uv":[8.0,12.25,8.6875,10.4375],"tintindex":0,"rotation":0,"texture":"#0"},"down":{"uv":[8.6875,10.4375,9.375,12.25],"tintindex":0,"rotation":0,"texture":"#0"}},"rotation":{"origin":[14.65,4.700001,15.5],"angle":-22.5,"axis":"z"}},{"from":[6.25,6.1000004,8.25],"to":[11.25,10.6,22.75],"faces":{"east":{"uv":[11.8125,5.375,13.625,5.9375],"tintindex":0,"rotation":0,"texture":"#0"},"south":{"uv":[13.25,6.5,13.875,7.0625],"tintindex":0,"rotation":0,"texture":"#0"},"north":{"uv":[13.25,4.8125,13.875,5.375],"tintindex":0,"rotation":0,"texture":"#0"},"west":{"uv":[11.8125,5.9375,13.625,6.5],"tintindex":0,"rotation":0,"texture":"#0"},"up":{"uv":[2.8125,12.8125,2.1875,11.0],"tintindex":0,"rotation":0,"texture":"#0"},"down":{"uv":[11.9375,1.0625,11.3125,2.875],"tintindex":0,"rotation":0,"texture":"#0"}}}],"display":{"gui":{"rotation":[30,225,0]}}}