{"textures":{"0":"modelengine:entity/thecrypti"},"elements":[{"from":[-2.5,9.0,10.0],"to":[9.5,12.0,14.0],"faces":{"east":{"uv":[14.9375,14.25,15.1875,14.4375],"tintindex":0,"rotation":0,"texture":"#0"},"south":{"uv":[14.125,1.3125,14.875,1.5],"tintindex":0,"rotation":0,"texture":"#0"},"north":{"uv":[14.0625,11.5625,14.8125,11.75],"tintindex":0,"rotation":0,"texture":"#0"},"west":{"uv":[14.9375,14.4375,15.1875,14.625],"tintindex":0,"rotation":0,"texture":"#0"},"up":{"uv":[14.75,3.5625,14.0,3.3125],"tintindex":0,"rotation":0,"texture":"#0"},"down":{"uv":[14.75,7.0,14.0,7.25],"tintindex":0,"rotation":0,"texture":"#0"}},"rotation":{"origin":[8.96163,13.457088,12.125],"angle":22.5,"axis":"z"}},{"from":[-1.4879198,-8.0,9.901855],"to":[1.5120802,8.0,13.901855],"faces":{"east":{"uv":[9.9375,13.75,10.1875,14.75],"tintindex":0,"rotation":0,"texture":"#0"},"south":{"uv":[11.5625,13.875,11.75,14.875],"tintindex":0,"rotation":0,"texture":"#0"},"north":{"uv":[11.375,13.875,11.5625,14.875],"tintindex":0,"rotation":0,"texture":"#0"},"west":{"uv":[10.1875,13.75,10.4375,14.75],"tintindex":0,"rotation":0,"texture":"#0"},"up":{"uv":[15.125,14.875,14.9375,14.625],"tintindex":0,"rotation":0,"texture":"#0"},"down":{"uv":[15.125,14.875,14.9375,15.125],"tintindex":0,"rotation":0,"texture":"#0"}}},{"from":[8.89455,9.1744,12.25],"to":[13.89455,20.1744,12.25],"faces":{"south":{"uv":[8.75,13.8125,9.0625,14.5],"tintindex":0,"rotation":0,"texture":"#0"},"north":{"uv":[8.4375,13.8125,8.75,14.5],"tintindex":0,"rotation":0,"texture":"#0"}},"rotation":{"origin":[11.39455,14.6744,12.25],"angle":-22.5,"axis":"z"}}],"display":{"gui":{"rotation":[30,225,0]}}}