{"textures":{"0":"modelengine:entity/thecrypti"},"elements":[{"from":[-8.9596615,-10.200001,7.928459],"to":[-4.9596596,-7.200001,21.92846],"faces":{"east":{"uv":[14.0,7.625,14.875,7.8125],"tintindex":0,"rotation":0,"texture":"#0"},"south":{"uv":[14.9375,7.125,15.1875,7.3125],"tintindex":0,"rotation":0,"texture":"#0"},"north":{"uv":[14.9375,6.9375,15.1875,7.125],"tintindex":0,"rotation":0,"texture":"#0"},"west":{"uv":[14.0625,6.5625,14.9375,6.75],"tintindex":0,"rotation":0,"texture":"#0"},"up":{"uv":[2.9375,14.6875,2.6875,13.8125],"tintindex":0,"rotation":0,"texture":"#0"},"down":{"uv":[3.1875,13.8125,2.9375,14.6875],"tintindex":0,"rotation":0,"texture":"#0"}},"rotation":{"origin":[16.94034,-9.5,18.92846],"angle":-22.5,"axis":"y"}},{"from":[-7.0,-8.0,8.0],"to":[-4.0,11.0,12.0],"faces":{"east":{"uv":[7.9375,13.6875,8.1875,14.875],"tintindex":0,"rotation":0,"texture":"#0"},"south":{"uv":[1.0625,13.8125,1.25,15.0],"tintindex":0,"rotation":0,"texture":"#0"},"north":{"uv":[0.875,13.8125,1.0625,15.0],"tintindex":0,"rotation":0,"texture":"#0"},"west":{"uv":[8.1875,13.6875,8.4375,14.875],"tintindex":0,"rotation":0,"texture":"#0"},"up":{"uv":[15.125,8.625,14.9375,8.375],"tintindex":0,"rotation":0,"texture":"#0"},"down":{"uv":[8.875,14.9375,8.6875,15.1875],"tintindex":0,"rotation":0,"texture":"#0"}}},{"from":[16.04034,-10.200001,7.928459],"to":[20.04034,-7.200001,23.92846],"faces":{"east":{"uv":[13.875,13.9375,14.875,14.125],"tintindex":0,"rotation":0,"texture":"#0"},"south":{"uv":[14.9375,7.8125,15.1875,8.0],"tintindex":0,"rotation":0,"texture":"#0"},"north":{"uv":[14.9375,7.3125,15.1875,7.5],"tintindex":0,"rotation":0,"texture":"#0"},"west":{"uv":[14.0,3.125,15.0,3.3125],"tintindex":0,"rotation":0,"texture":"#0"},"up":{"uv":[9.6875,14.75,9.4375,13.75],"tintindex":0,"rotation":0,"texture":"#0"},"down":{"uv":[9.9375,13.75,9.6875,14.75],"tintindex":0,"rotation":0,"texture":"#0"}},"rotation":{"origin":[16.94034,-9.5,18.92846],"angle":-22.5,"axis":"y"}},{"from":[20.0,-11.0,8.099998],"to":[24.0,8.0,12.099998],"faces":{"east":{"uv":[13.625,10.75,13.875,11.9375],"tintindex":0,"rotation":0,"texture":"#0"},"south":{"uv":[13.625,13.375,13.875,14.5625],"tintindex":0,"rotation":0,"texture":"#0"},"north":{"uv":[4.6875,13.625,4.9375,14.8125],"tintindex":0,"rotation":0,"texture":"#0"},"west":{"uv":[7.6875,13.6875,7.9375,14.875],"tintindex":0,"rotation":0,"texture":"#0"},"up":{"uv":[15.0625,13.0625,14.8125,12.8125],"tintindex":0,"rotation":0,"texture":"#0"},"down":{"uv":[14.5625,14.8125,14.3125,15.0625],"tintindex":0,"rotation":0,"texture":"#0"}}},{"from":[5.0,9.700001,11.0],"to":[10.0,20.699997,11.0],"faces":{"south":{"uv":[13.8125,0.75,14.125,1.4375],"tintindex":0,"rotation":0,"texture":"#0"},"north":{"uv":[1.4375,9.4375,1.75,10.125],"tintindex":0,"rotation":0,"texture":"#0"}},"rotation":{"origin":[8.0,15.5,11.0],"angle":22.5,"axis":"z"}},{"from":[-4.0,8.0,8.0],"to":[24.0,11.0,12.0],"faces":{"east":{"uv":[14.9375,6.5625,15.1875,6.75],"tintindex":0,"rotation":0,"texture":"#0"},"south":{"uv":[13.375,0.5625,15.125,0.75],"tintindex":0,"rotation":0,"texture":"#0"},"north":{"uv":[13.375,0.375,15.125,0.5625],"tintindex":0,"rotation":0,"texture":"#0"},"west":{"uv":[14.9375,6.75,15.1875,6.9375],"tintindex":0,"rotation":0,"texture":"#0"},"up":{"uv":[14.75,1.75,13.0,1.5],"tintindex":0,"rotation":0,"texture":"#0"},"down":{"uv":[14.8125,12.8125,13.0625,13.0625],"tintindex":0,"rotation":0,"texture":"#0"}}}],"display":{"gui":{"rotation":[30,225,0]}}}