{"textures":{"0":"modelengine:entity/amethyst_crystal_dragon_light","1":"modelengine:entity/amethyst_crystal_dragon"},"elements":[{"from":[5.553544,-2.7902765,9.848272],"to":[9.977655,0.02506733,14.272385],"faces":{"east":{"uv":[7.4375,7.375,7.78125,7.59375],"tintindex":0,"rotation":0,"texture":"#1"},"south":{"uv":[7.5,1.5,7.84375,1.71875],"tintindex":0,"rotation":0,"texture":"#1"},"north":{"uv":[2.25,7.4375,2.59375,7.65625],"tintindex":0,"rotation":0,"texture":"#1"},"west":{"uv":[2.625,7.5,2.96875,7.71875],"tintindex":0,"rotation":0,"texture":"#1"},"up":{"uv":[3.21875,6.96875,2.875,6.625],"tintindex":0,"rotation":0,"texture":"#1"},"down":{"uv":[5.28125,6.625,4.9375,6.96875],"tintindex":0,"rotation":0,"texture":"#1"}},"rotation":{"origin":[7.7351146,1.2077627,10.217911],"angle":-22.5,"axis":"x"}},{"from":[4.145872,-0.17602825,9.244985],"to":[11.385328,3.0415077,14.875673],"faces":{"east":{"uv":[4.125,1.0,4.5625,1.25],"tintindex":0,"rotation":0,"texture":"#1"},"south":{"uv":[6.1875,0.0,6.75,0.25],"tintindex":0,"rotation":0,"texture":"#1"},"north":{"uv":[5.3125,6.125,5.875,6.375],"tintindex":0,"rotation":0,"texture":"#1"},"west":{"uv":[2.0625,6.875,2.5,7.125],"tintindex":0,"rotation":0,"texture":"#1"},"up":{"uv":[1.8125,5.0,1.25,4.5625],"tintindex":0,"rotation":0,"texture":"#1"},"down":{"uv":[5.125,1.4375,4.5625,1.875],"tintindex":0,"rotation":0,"texture":"#1"}},"rotation":{"origin":[7.7351146,1.2077627,10.217911],"angle":-22.5,"axis":"x"}},{"from":[4.145872,4.148761,3.1713924],"to":[11.385328,9.779448,8.80208],"faces":{"east":{"uv":[5.625,3.1875,6.0625,3.625],"tintindex":0,"rotation":0,"texture":"#1"},"south":{"uv":[4.5625,1.875,5.125,2.3125],"tintindex":0,"rotation":0,"texture":"#1"},"north":{"uv":[1.8125,4.5625,2.375,5.0],"tintindex":0,"rotation":0,"texture":"#1"},"west":{"uv":[5.625,3.625,6.0625,4.0625],"tintindex":0,"rotation":0,"texture":"#1"},"up":{"uv":[2.9375,5.0,2.375,4.5625],"tintindex":0,"rotation":0,"texture":"#1"},"down":{"uv":[3.5,4.5625,2.9375,5.0],"tintindex":0,"rotation":0,"texture":"#1"}},"rotation":{"origin":[7.7351146,1.2077627,10.217911],"angle":22.5,"axis":"x"}},{"from":[3.944776,-0.3771248,9.043889],"to":[11.586424,3.2426033,15.076769],"faces":{"east":{"uv":[6.1875,1.6875,6.65625,1.96875],"tintindex":0,"rotation":0,"texture":"#1"},"south":{"uv":[5.9375,5.875,6.53125,6.15625],"tintindex":0,"rotation":0,"texture":"#1"},"north":{"uv":[5.9375,5.5625,6.53125,5.84375],"tintindex":0,"rotation":0,"texture":"#1"},"west":{"uv":[6.25,0.875,6.71875,1.15625],"tintindex":0,"rotation":0,"texture":"#1"},"up":{"uv":[4.71875,0.46875,4.125,0.0],"tintindex":0,"rotation":0,"texture":"#1"},"down":{"uv":[4.71875,0.5,4.125,0.96875],"tintindex":0,"rotation":0,"texture":"#1"}},"rotation":{"origin":[7.7351146,1.2077627,10.217911],"angle":-22.5,"axis":"x"}},{"from":[2.5371041,3.0415077,7.6362166],"to":[12.994096,8.270004,15.277864],"faces":{"east":{"uv":[3.5,4.625,4.09375,5.03125],"tintindex":0,"rotation":0,"texture":"#1"},"south":{"uv":[4.0,2.9375,4.8125,3.34375],"tintindex":0,"rotation":0,"texture":"#1"},"north":{"uv":[4.0,2.5,4.8125,2.90625],"tintindex":0,"rotation":0,"texture":"#1"},"west":{"uv":[4.75,0.0,5.34375,0.40625],"tintindex":0,"rotation":0,"texture":"#1"},"up":{"uv":[4.0625,1.84375,3.25,1.25],"tintindex":0,"rotation":0,"texture":"#1"},"down":{"uv":[4.0625,1.875,3.25,2.46875],"tintindex":0,"rotation":0,"texture":"#1"}},"rotation":{"origin":[7.7351146,1.2077627,10.217911],"angle":-22.5,"axis":"x"}},{"from":[7.5289726,1.8271751,13.523962],"to":[9.137741,3.4359436,17.948074],"faces":{"east":{"uv":[11.75,0.5,13.125,1.0],"tintindex":0,"rotation":0,"texture":"#0"},"south":{"uv":[10.0,12.5,10.5,13.0],"tintindex":0,"rotation":0,"texture":"#0"},"north":{"uv":[9.5,12.5,10.0,13.0],"tintindex":0,"rotation":0,"texture":"#0"},"west":{"uv":[11.75,1.0,13.125,1.5],"tintindex":0,"rotation":0,"texture":"#0"},"up":{"uv":[12.25,2.875,11.75,1.5],"tintindex":0,"rotation":0,"texture":"#0"},"down":{"uv":[12.25,3.0,11.75,4.375],"tintindex":0,"rotation":0,"texture":"#0"}},"rotation":{"origin":[7.7351146,1.2077627,10.217911],"angle":-22.5,"axis":"y"}},{"from":[5.75464,5.990484,11.08514],"to":[8.167791,8.403637,21.13994],"faces":{"east":{"uv":[0.0,0.0,3.125,0.75],"tintindex":0,"rotation":0,"texture":"#0"},"south":{"uv":[11.0,11.75,11.75,12.5],"tintindex":0,"rotation":0,"texture":"#0"},"north":{"uv":[10.25,11.75,11.0,12.5],"tintindex":0,"rotation":0,"texture":"#0"},"west":{"uv":[0.0,0.75,3.125,1.5],"tintindex":0,"rotation":0,"texture":"#0"},"up":{"uv":[0.75,4.625,0.0,1.5],"tintindex":0,"rotation":0,"texture":"#0"},"down":{"uv":[1.5,1.5,0.75,4.625],"tintindex":0,"rotation":0,"texture":"#0"}},"rotation":{"origin":[7.7351146,1.2077627,10.217911],"angle":22.5,"axis":"x"}},{"from":[11.62026,8.276548,6.8296103],"to":[13.229029,12.700661,8.438378],"faces":{"east":{"uv":[11.5,6.0,12.875,6.5],"tintindex":0,"rotation":90,"texture":"#0"},"south":{"uv":[8.0,11.25,7.5,12.625],"tintindex":0,"rotation":0,"texture":"#0"},"north":{"uv":[5.0,11.875,4.5,10.5],"tintindex":0,"rotation":180,"texture":"#0"},"west":{"uv":[11.5,6.5,12.875,7.0],"tintindex":0,"rotation":270,"texture":"#0"},"up":{"uv":[8.0,12.5,8.5,13.0],"tintindex":0,"rotation":0,"texture":"#0"},"down":{"uv":[6.75,12.5,7.25,13.0],"tintindex":0,"rotation":180,"texture":"#0"}},"rotation":{"origin":[7.7351146,1.2077627,10.217911],"angle":45.0,"axis":"z"}},{"from":[6.76012,7.395838,12.498361],"to":[9.575464,10.211184,20.140009],"faces":{"east":{"uv":[1.5,4.5,3.875,5.375],"tintindex":0,"rotation":0,"texture":"#0"},"south":{"uv":[2.0,11.0,2.875,11.875],"tintindex":0,"rotation":0,"texture":"#0"},"north":{"uv":[1.0,11.0,1.875,11.875],"tintindex":0,"rotation":0,"texture":"#0"},"west":{"uv":[4.0,5.0,6.375,5.875],"tintindex":0,"rotation":0,"texture":"#0"},"up":{"uv":[0.875,7.125,0.0,4.75],"tintindex":0,"rotation":0,"texture":"#0"},"down":{"uv":[1.875,5.5,1.0,7.875],"tintindex":0,"rotation":0,"texture":"#0"}}},{"from":[5.75464,-2.589181,10.049369],"to":[9.77656,-0.17602825,14.071289],"faces":{"east":{"uv":[7.5625,3.3125,7.875,3.5],"tintindex":0,"rotation":0,"texture":"#1"},"south":{"uv":[7.5625,5.0625,7.875,5.25],"tintindex":0,"rotation":0,"texture":"#1"},"north":{"uv":[5.0625,5.4375,5.375,5.625],"tintindex":0,"rotation":0,"texture":"#1"},"west":{"uv":[7.625,0.1875,7.9375,0.375],"tintindex":0,"rotation":0,"texture":"#1"},"up":{"uv":[0.5625,7.375,0.25,7.0625],"tintindex":0,"rotation":0,"texture":"#1"},"down":{"uv":[1.5,7.0625,1.1875,7.375],"tintindex":0,"rotation":0,"texture":"#1"}},"rotation":{"origin":[7.7351146,1.2077627,10.217911],"angle":-22.5,"axis":"x"}},{"from":[2.336008,2.8404112,7.4351206],"to":[13.195192,8.4711,15.478961],"faces":{"east":{"uv":[4.5,4.375,5.125,4.8125],"tintindex":0,"rotation":0,"texture":"#1"},"south":{"uv":[0.875,3.9375,1.71875,4.375],"tintindex":0,"rotation":0,"texture":"#1"},"north":{"uv":[0.0,3.9375,0.84375,4.375],"tintindex":0,"rotation":0,"texture":"#1"},"west":{"uv":[4.5625,1.0,5.1875,1.4375],"tintindex":0,"rotation":0,"texture":"#1"},"up":{"uv":[4.09375,0.625,3.25,0.0],"tintindex":0,"rotation":0,"texture":"#1"},"down":{"uv":[4.09375,0.625,3.25,1.25],"tintindex":0,"rotation":0,"texture":"#1"}},"rotation":{"origin":[7.7351146,1.2077627,10.217911],"angle":-22.5,"axis":"x"}},{"from":[3.944776,3.9476643,2.9702969],"to":[11.586424,9.980545,9.003177],"faces":{"east":{"uv":[5.125,3.375,5.59375,3.84375],"tintindex":0,"rotation":0,"texture":"#1"},"south":{"uv":[0.625,4.375,1.21875,4.84375],"tintindex":0,"rotation":0,"texture":"#1"},"north":{"uv":[0.0,4.375,0.59375,4.84375],"tintindex":0,"rotation":0,"texture":"#1"},"west":{"uv":[5.125,3.875,5.59375,4.34375],"tintindex":0,"rotation":0,"texture":"#1"},"up":{"uv":[5.09375,3.84375,4.5,3.375],"tintindex":0,"rotation":0,"texture":"#1"},"down":{"uv":[5.09375,3.875,4.5,4.34375],"tintindex":0,"rotation":0,"texture":"#1"}},"rotation":{"origin":[7.7351146,1.2077627,10.217911],"angle":22.5,"axis":"x"}},{"from":[5.9876676,3.0337515,13.542059],"to":[7.5964355,4.64252,19.57494],