{"textures":{"0":"modelengine:entity/amethyst_crystal_dragon_light","1":"modelengine:entity/amethyst_crystal_dragon"},"elements":[{"from":[10.447184,7.679716,-0.17095089],"to":[16.480062,9.690677,1.8400092],"faces":{"east":{"uv":[3.625,12.0,3.0,12.625],"tintindex":0,"rotation":0,"texture":"#0"},"south":{"uv":[2.625,8.25,0.75,8.875],"tintindex":0,"rotation":0,"texture":"#0"},"north":{"uv":[8.125,7.75,6.25,8.375],"tintindex":0,"rotation":0,"texture":"#0"},"west":{"uv":[2.875,12.0,2.25,12.625],"tintindex":0,"rotation":0,"texture":"#0"},"up":{"uv":[8.25,1.375,10.125,0.75],"tintindex":0,"rotation":0,"texture":"#0"},"down":{"uv":[8.25,1.5,10.125,2.125],"tintindex":0,"rotation":0,"texture":"#0"}},"rotation":{"origin":[0.56761456,5.387762,5.172911],"angle":-45.0,"axis":"z"}},{"from":[9.038305,2.1067486,7.00812],"to":[13.462418,4.117708,9.01908],"faces":{"east":{"uv":[0.625,12.0,0.0,12.625],"tintindex":0,"rotation":0,"texture":"#0"},"south":{"uv":[10.375,7.0,9.0,7.625],"tintindex":0,"rotation":0,"texture":"#0"},"north":{"uv":[10.375,6.25,9.0,6.875],"tintindex":0,"rotation":0,"texture":"#0"},"west":{"uv":[12.375,11.75,11.75,12.375],"tintindex":0,"rotation":0,"texture":"#0"},"up":{"uv":[9.25,0.625,10.625,0.0],"tintindex":0,"rotation":0,"texture":"#0"},"down":{"uv":[8.25,9.25,9.625,9.875],"tintindex":0,"rotation":0,"texture":"#0"}},"rotation":{"origin":[0.56761456,5.387762,5.172911],"angle":22.5,"axis":"z"}},{"from":[6.027692,4.734606,3.1925893],"to":[10.049612,9.963101,7.616701],"faces":{"east":{"uv":[3.40625,6.1875,3.0625,6.59375],"tintindex":0,"rotation":0,"texture":"#1"},"south":{"uv":[6.8125,3.625,6.5,4.03125],"tintindex":0,"rotation":0,"texture":"#1"},"north":{"uv":[6.8125,2.6875,6.5,3.09375],"tintindex":0,"rotation":0,"texture":"#1"},"west":{"uv":[1.78125,6.1875,1.4375,6.59375],"tintindex":0,"rotation":0,"texture":"#1"},"up":{"uv":[4.5625,7.15625,4.875,6.8125],"tintindex":0,"rotation":0,"texture":"#1"},"down":{"uv":[4.0625,6.875,4.375,7.21875],"tintindex":0,"rotation":0,"texture":"#1"}},"rotation":{"origin":[0.56761456,5.387762,5.172911],"angle":45.0,"axis":"x"}},{"from":[7.0877314,-2.7471485,-1.8950005],"to":[11.511843,-1.13838,-0.286232],"faces":{"east":{"uv":[12.25,4.5,11.75,5.0],"tintindex":0,"rotation":270,"texture":"#0"},"south":{"uv":[10.5,7.75,11.875,7.25],"tintindex":0,"rotation":0,"texture":"#0"},"north":{"uv":[10.75,0.0,12.125,0.5],"tintindex":0,"rotation":180,"texture":"#0"},"west":{"uv":[7.0,5.5,6.5,6.0],"tintindex":0,"rotation":90,"texture":"#0"},"up":{"uv":[11.625,4.5,10.25,5.0],"tintindex":0,"rotation":180,"texture":"#0"},"down":{"uv":[11.625,8.75,10.25,9.25],"tintindex":0,"rotation":0,"texture":"#0"}},"rotation":{"origin":[0.56761456,5.387762,5.172911],"angle":22.5,"axis":"z"}},{"from":[6.455701,1.9042091,10.930384],"to":[8.868853,4.317362,16.158878],"faces":{"east":{"uv":[8.125,4.0,6.5,4.75],"tintindex":0,"rotation":0,"texture":"#0"},"south":{"uv":[6.5,11.75,5.75,12.5],"tintindex":0,"rotation":0,"texture":"#0"},"north":{"uv":[5.75,11.75,5.0,12.5],"tintindex":0,"rotation":0,"texture":"#0"},"west":{"uv":[8.125,4.75,6.5,5.5],"tintindex":0,"rotation":0,"texture":"#0"},"up":{"uv":[5.375,7.0,3.75,7.75],"tintindex":0,"rotation":270,"texture":"#0"},"down":{"uv":[7.125,7.75,5.5,7.0],"tintindex":0,"rotation":90,"texture":"#0"}},"rotation":{"origin":[0.56761456,5.387762,5.172911],"angle":45.0,"axis":"y"}},{"from":[10.049612,-1.0971775,3.1925893],"to":[14.473724,0.91378164,5.2035494],"faces":{"east":{"uv":[2.125,12.0,1.5,12.625],"tintindex":0,"rotation":0,"texture":"#0"},"south":{"uv":[2.875,9.5,1.5,10.125],"tintindex":0,"rotation":0,"texture":"#0"},"north":{"uv":[1.375,9.5,0.0,10.125],"tintindex":0,"rotation":0,"texture":"#0"},"west":{"uv":[1.375,12.0,0.75,12.625],"tintindex":0,"rotation":0,"texture":"#0"},"up":{"uv":[5.25,10.125,6.625,9.5],"tintindex":0,"rotation":0,"texture":"#0"},"down":{"uv":[6.75,9.5,8.125,10.125],"tintindex":0,"rotation":0,"texture":"#0"}},"rotation":{"origin":[0.56761456,5.387762,5.172911],"angle":45.0,"axis":"x"}},{"from":[5.6255,-2.5048504,2.7903972],"to":[10.451803,5.136798,8.018893],"faces":{"east":{"uv":[4.53125,4.8125,4.125,5.40625],"tintindex":0,"rotation":0,"texture":"#1"},"south":{"uv":[5.375,4.8125,5.0,5.40625],"tintindex":0,"rotation":0,"texture":"#1"},"north":{"uv":[3.4375,5.0,3.0625,5.59375],"tintindex":0,"rotation":0,"texture":"#1"},"west":{"uv":[5.21875,2.3125,4.8125,2.90625],"tintindex":0,"rotation":0,"texture":"#1"},"up":{"uv":[2.1875,6.46875,2.5625,6.0625],"tintindex":0,"rotation":0,"texture":"#1"},"down":{"uv":[6.0625,3.3125,6.4375,3.71875],"tintindex":0,"rotation":0,"texture":"#1"}},"rotation":{"origin":[0.56761456,5.387762,5.172911],"angle":45.0,"axis":"x"}},{"from":[5.826596,-3.1844883,-1.8852606],"to":[10.652901,2.4462004,0.12569904],"faces":{"east":{"uv":[5.3125,7.65625,5.75,7.5],"tintindex":0,"rotation":90,"texture":"#1"},"south":{"uv":[4.25,6.375,4.625,5.9375],"tintindex":0,"rotation":0,"texture":"#1"},"north":{"uv":[6.0,2.0625,6.375,2.5],"tintindex":0,"rotation":180,"texture":"#1"},"west":{"uv":[4.875,7.65625,5.3125,7.5],"tintindex":0,"rotation":270,"texture":"#1"},"up":{"uv":[8.0,0.625,7.625,0.78125],"tintindex":0,"rotation":180,"texture":"#1"},"down":{"uv":[8.0,7.125,7.625,7.28125],"tintindex":0,"rotation":0,"texture":"#1"}}},{"from":[8.5184,5.8457594,9.149333],"to":[14.551279,7.454528,10.7581005],"faces":{"east":{"uv":[1.5,4.75,1.0,5.25],"tintindex":0,"rotation":0,"texture":"#0"},"south":{"uv":[10.125,8.25,8.25,8.75],"tintindex":0,"rotation":0,"texture":"#0"},"north":{"uv":[10.125,7.75,8.25,8.25],"tintindex":0,"rotation":0,"texture":"#0"},"west":{"uv":[3.75,1.0,3.25,1.5],"tintindex":0,"rotation":0,"texture":"#0"},"up":{"uv":[2.75,9.0,4.625,8.5],"tintindex":0,"rotation":0,"texture":"#0"},"down":{"uv":[6.25,8.5,8.125,9.0],"tintindex":0,"rotation":0,"texture":"#0"}},"rotation":{"origin":[0.56761456,5.387762,5.172911],"angle":22.5,"axis":"y"}},{"from":[8.109175,-3.3855839,-0.7539978],"to":[11.32671,2.647296,0.8547702],"faces":{"east":{"uv":[4.5625,7.96875,4.6875,7.5],"tintindex":0,"rotation":0,"texture":"#1"},"south":{"uv":[6.625,6.6875,7.09375,6.4375],"tintindex":0,"rotation":270,"texture":"#1"},"north":{"uv":[6.6875,1.625,7.15625,1.375],"tintindex":0,"rotation":90,"texture":"#1"},"west":{"uv":[1.625,7.625,1.75,8.09375],"tintindex":0,"rotation":180,"texture":"#1"},"up":{"uv":[8.125,6.1875,8.25,5.9375],"tintindex":0,"rotation":270,"texture":"#1"},"down":{"uv":[6.3125,8.375,6.4375,8.125],"tintindex":0,"rotation":270,"texture":"#1"}},"rotation":{"origin":[0.56761456,5.387762,5.172911],"angle":22.5,"axis":"y"}},{"from":[11.580006,-3.3855839,4.1519194],"to":[13.188774,2.647296,7.3694553],"faces":{"east":{"uv":[6.625,6.4375,7.09375,6.1875],"tintindex":0,"rotation":90,"texture":"#1"},"south":{"uv":[1.0,7.96875,1.125,7.5],"tintindex":0,"rotation":0,"texture":"#1"},"north":{"uv":[3.0,7.5,3.125,7.96875],"tintindex":0,"rotation":180,"texture":"#1"},"west":{"uv":[6.125,6.875,6.59375,6.625],"tintindex":0,"rotation":270,"texture":"#1"},"up":{"uv":[8.25,5.4375,8.125,5.6875],"tintindex":0,"rotation":180,"texture":"#1"},"down":{"uv":[8.25,5.6875,8.125,5.9375],"tintindex":0,"rotation":0,"texture":"#1"}},"rotation":{"origin":[0.56761456,5.387762,5.172911],"angle":45.0,"axis":"y"}},{"from":[6.228788,4.9357023,3.3936853],"to":[9.848516,9.762006,7.4156055],"faces":{"east":{"uv":[6.125,6.625,5.8125,7.0],"tintindex":0,"rotation":0,"texture":"#1"},"south":{"uv":[3.84375,6.9375,3.5625,7.3125],"tintindex":0,"rotation":0,"texture":"#1"},"north":{"uv":[3.53125,6.9375,3.25,7.3125],"tintindex":0,"rotation":0,"texture":"#1"},"west":{"uv":[4.125,5.0625,3.8125,5.4375],"tintindex":0,"rotation":0,"texture":"#1"},"up":{"uv":[0.8125,7.5,1.09375,7.1875],"tintindex":0,"rotation":0,"texture":"#1"},"down":{"uv":[4.375,7.1875,4.65625,7.5],"tintindex":0,"rotation":0,"texture":"#1"}},"rotation":{"origin":[0.56761456,5.387762,5.172911],"angle":45.0,"axis":"x"}},{"from":[11.781101,-3.1856852,4.353015],"to":[12.987677,2.4450026,7.1683593],