{"textures":{"1":"modelengine:entity/amethyst_crystal_dragon"},"elements":[{"from":[-0.33401585,-6.7908306,12.097193],"to":[8.514208,8.492466,24.967337],"faces":{"east":{"uv":[4.0,3.375,4.5,3.96875],"tintindex":0,"rotation":0,"texture":"#1"},"south":{"uv":[5.375,5.0,5.71875,5.59375],"tintindex":0,"rotation":0,"texture":"#1"},"north":{"uv":[5.375,4.375,5.71875,4.96875],"tintindex":0,"rotation":0,"texture":"#1"},"west":{"uv":[4.0,4.0,4.5,4.59375],"tintindex":0,"rotation":0,"texture":"#1"},"up":{"uv":[6.09375,5.0625,5.75,4.5625],"tintindex":0,"rotation":0,"texture":"#1"},"down":{"uv":[6.09375,5.0625,5.75,5.5625],"tintindex":0,"rotation":0,"texture":"#1"}},"rotation":{"origin":[18.910229,-5.384474,10.4358225],"angle":-45.0,"axis":"x"}},{"from":[-0.7362089,-7.193022,11.695001],"to":[8.9164,8.894657,25.36953],"faces":{"east":{"uv":[1.75,3.9375,2.28125,4.5625],"tintindex":0,"rotation":0,"texture":"#1"},"south":{"uv":[0.8125,4.875,1.1875,5.5],"tintindex":0,"rotation":0,"texture":"#1"},"north":{"uv":[0.4375,4.875,0.8125,5.5],"tintindex":0,"rotation":0,"texture":"#1"},"west":{"uv":[2.3125,3.9375,2.84375,4.5625],"tintindex":0,"rotation":0,"texture":"#1"},"up":{"uv":[3.0625,5.96875,2.6875,5.4375],"tintindex":0,"rotation":0,"texture":"#1"},"down":{"uv":[5.0625,5.4375,4.6875,5.96875],"tintindex":0,"rotation":0,"texture":"#1"}},"rotation":{"origin":[18.910229,-5.384474,10.4358225],"angle":-45.0,"axis":"x"}}],"display":{"gui":{"rotation":[30,225,0]}}}