{"textures":{"1":"modelengine:entity/amethyst_crystal_dragon"},"elements":[{"from":[7.428191,-6.7908306,12.097193],"to":[16.276417,8.492466,24.967337],"faces":{"east":{"uv":[4.5,4.0,4.0,4.59375],"tintindex":0,"rotation":0,"texture":"#1"},"south":{"uv":[5.71875,5.0,5.375,5.59375],"tintindex":0,"rotation":0,"texture":"#1"},"north":{"uv":[5.71875,4.375,5.375,4.96875],"tintindex":0,"rotation":0,"texture":"#1"},"west":{"uv":[4.5,3.375,4.0,3.96875],"tintindex":0,"rotation":0,"texture":"#1"},"up":{"uv":[5.75,5.0625,6.09375,4.5625],"tintindex":0,"rotation":0,"texture":"#1"},"down":{"uv":[5.75,5.0625,6.09375,5.5625],"tintindex":0,"rotation":0,"texture":"#1"}},"rotation":{"origin":[-3.0897713,-5.384474,10.4358225],"angle":-45.0,"axis":"x"}},{"from":[7.026,-7.193022,11.695001],"to":[16.678608,8.894657,25.36953],"faces":{"east":{"uv":[2.84375,3.9375,2.3125,4.5625],"tintindex":0,"rotation":0,"texture":"#1"},"south":{"uv":[1.1875,4.875,0.8125,5.5],"tintindex":0,"rotation":0,"texture":"#1"},"north":{"uv":[0.8125,4.875,0.4375,5.5],"tintindex":0,"rotation":0,"texture":"#1"},"west":{"uv":[2.28125,3.9375,1.75,4.5625],"tintindex":0,"rotation":0,"texture":"#1"},"up":{"uv":[2.6875,5.96875,3.0625,5.4375],"tintindex":0,"rotation":0,"texture":"#1"},"down":{"uv":[4.6875,5.4375,5.0625,5.96875],"tintindex":0,"rotation":0,"texture":"#1"}},"rotation":{"origin":[-3.0897713,-5.384474,10.4358225],"angle":-45.0,"axis":"x"}}],"display":{"gui":{"rotation":[30,225,0]}}}