{"textures":{"0":"modelengine:entity/amethyst_crystal_dragon_light","1":"modelengine:entity/amethyst_crystal_dragon"},"elements":[{"from":[2.7291408,2.6300812,7.00812],"to":[7.153253,4.641041,9.01908],"faces":{"east":{"uv":[11.75,11.75,12.375,12.375],"tintindex":0,"rotation":0,"texture":"#0"},"south":{"uv":[9.0,7.0,10.375,7.625],"tintindex":0,"rotation":0,"texture":"#0"},"north":{"uv":[9.0,6.25,10.375,6.875],"tintindex":0,"rotation":0,"texture":"#0"},"west":{"uv":[0.0,12.0,0.625,12.625],"tintindex":0,"rotation":0,"texture":"#0"},"up":{"uv":[10.625,0.625,9.25,0.0],"tintindex":0,"rotation":0,"texture":"#0"},"down":{"uv":[9.625,9.25,8.25,9.875],"tintindex":0,"rotation":0,"texture":"#0"}},"rotation":{"origin":[15.567615,5.887762,5.172911],"angle":-22.5,"axis":"z"}},{"from":[5.900804,-1.8037548,2.9914932],"to":[10.324916,5.4357023,7.8177977],"faces":{"east":{"uv":[5.1875,0.875,5.5625,1.4375],"tintindex":0,"rotation":0,"texture":"#1"},"south":{"uv":[1.125,5.625,1.46875,6.1875],"tintindex":0,"rotation":0,"texture":"#1"},"north":{"uv":[0.75,5.5,1.09375,6.0625],"tintindex":0,"rotation":0,"texture":"#1"},"west":{"uv":[5.25,2.0625,5.625,2.625],"tintindex":0,"rotation":0,"texture":"#1"},"up":{"uv":[4.90625,6.8125,4.5625,6.4375],"tintindex":0,"rotation":0,"texture":"#1"},"down":{"uv":[1.28125,6.5,0.9375,6.875],"tintindex":0,"rotation":0,"texture":"#1"}},"rotation":{"origin":[15.567615,5.887762,5.172911],"angle":45.0,"axis":"x"}},{"from":[5.5433,-2.6844883,-1.8852606],"to":[10.369604,2.9462004,0.12569904],"faces":{"east":{"uv":[4.875,7.5,5.3125,7.65625],"tintindex":0,"rotation":270,"texture":"#1"},"south":{"uv":[4.625,6.375,4.25,5.9375],"tintindex":0,"rotation":0,"texture":"#1"},"north":{"uv":[6.375,2.0625,6.0,2.5],"tintindex":0,"rotation":180,"texture":"#1"},"west":{"uv":[5.3125,7.5,5.75,7.65625],"tintindex":0,"rotation":90,"texture":"#1"},"up":{"uv":[7.625,0.625,8.0,0.78125],"tintindex":0,"rotation":180,"texture":"#1"},"down":{"uv":[7.625,7.125,8.0,7.28125],"tintindex":0,"rotation":0,"texture":"#1"}}},{"from":[7.309489,2.4042091,10.88727],"to":[9.722641,4.817362,16.115767],"faces":{"east":{"uv":[6.5,4.75,8.125,5.5],"tintindex":0,"rotation":0,"texture":"#0"},"south":{"uv":[5.75,11.75,6.5,12.5],"tintindex":0,"rotation":0,"texture":"#0"},"north":{"uv":[5.0,11.75,5.75,12.5],"tintindex":0,"rotation":0,"texture":"#0"},"west":{"uv":[6.5,4.0,8.125,4.75],"tintindex":0,"rotation":0,"texture":"#0"},"up":{"uv":[5.375,7.75,3.75,7.0],"tintindex":0,"rotation":270,"texture":"#0"},"down":{"uv":[7.125,7.0,5.5,7.75],"tintindex":0,"rotation":90,"texture":"#0"}},"rotation":{"origin":[15.567615,5.887762,5.172911],"angle":-45.0,"axis":"y"}},{"from":[6.3476844,5.4357023,3.3936853],"to":[9.967412,10.262006,7.4156055],"faces":{"east":{"uv":[3.8125,5.0625,4.125,5.4375],"tintindex":0,"rotation":0,"texture":"#1"},"south":{"uv":[3.5625,6.9375,3.84375,7.3125],"tintindex":0,"rotation":0,"texture":"#1"},"north":{"uv":[3.25,6.9375,3.53125,7.3125],"tintindex":0,"rotation":0,"texture":"#1"},"west":{"uv":[5.8125,6.625,6.125,7.0],"tintindex":0,"rotation":0,"texture":"#1"},"up":{"uv":[1.09375,7.5,0.8125,7.1875],"tintindex":0,"rotation":0,"texture":"#1"},"down":{"uv":[4.65625,7.1875,4.375,7.5],"tintindex":0,"rotation":0,"texture":"#1"}},"rotation":{"origin":[15.567615,5.887762,5.172911],"angle":45.0,"axis":"x"}},{"from":[-0.30172157,8.136602,-0.17095089],"to":[5.7311587,10.147563,1.8400092],"faces":{"east":{"uv":[2.25,12.0,2.875,12.625],"tintindex":0,"rotation":0,"texture":"#0"},"south":{"uv":[0.75,8.25,2.625,8.875],"tintindex":0,"rotation":0,"texture":"#0"},"north":{"uv":[6.25,7.75,8.125,8.375],"tintindex":0,"rotation":0,"texture":"#0"},"west":{"uv":[3.0,12.0,3.625,12.625],"tintindex":0,"rotation":0,"texture":"#0"},"up":{"uv":[10.125,1.375,8.25,0.75],"tintindex":0,"rotation":0,"texture":"#0"},"down":{"uv":[10.125,1.5,8.25,2.125],"tintindex":0,"rotation":0,"texture":"#0"}},"rotation":{"origin":[15.567615,5.887762,5.172911],"angle":45.0,"axis":"z"}},{"from":[0.12230539,2.1854773,-2.2874527],"to":[4.5464168,3.7942457,-0.6786852],"faces":{"east":{"uv":[11.75,8.75,12.25,9.25],"tintindex":0,"rotation":270,"texture":"#0"},"south":{"uv":[12.375,6.0,11.0,5.5],"tintindex":0,"rotation":0,"texture":"#0"},"north":{"uv":[12.375,10.75,11.0,11.25],"tintindex":0,"rotation":180,"texture":"#0"},"west":{"uv":[4.5,12.0,5.0,12.5],"tintindex":0,"rotation":90,"texture":"#0"},"up":{"uv":[3.0,11.0,4.375,11.5],"tintindex":0,"rotation":180,"texture":"#0"},"down":{"uv":[11.0,5.0,12.375,5.5],"tintindex":0,"rotation":0,"texture":"#0"}},"rotation":{"origin":[15.567615,5.887762,5.172911],"angle":22.5,"axis":"z"}},{"from":[7.956452,2.9462004,-2.6896448],"to":[9.56522,4.152776,0.12569904],"faces":{"east":{"uv":[8.25,5.6875,8.34375,5.90625],"tintindex":0,"rotation":270,"texture":"#1"},"south":{"uv":[1.625,8.46875,1.5,8.375],"tintindex":0,"rotation":0,"texture":"#1"},"north":{"uv":[8.5,1.5625,8.375,1.65625],"tintindex":0,"rotation":180,"texture":"#1"},"west":{"uv":[8.25,5.9375,8.34375,6.15625],"tintindex":0,"rotation":90,"texture":"#1"},"up":{"uv":[4.625,8.1875,4.75,8.40625],"tintindex":0,"rotation":180,"texture":"#1"},"down":{"uv":[4.75,8.1875,4.875,8.40625],"tintindex":0,"rotation":0,"texture":"#1"}}},{"from":[1.6402793,6.3457594,9.126],"to":[7.673159,7.954528,10.734768],"faces":{"east":{"uv":[3.25,1.0,3.75,1.5],"tintindex":0,"rotation":0,"texture":"#0"},"south":{"uv":[8.25,8.25,10.125,8.75],"tintindex":0,"rotation":0,"texture":"#0"},"north":{"uv":[8.25,7.75,10.125,8.25],"tintindex":0,"rotation":0,"texture":"#0"},"west":{"uv":[1.0,4.75,1.5,5.25],"tintindex":0,"rotation":0,"texture":"#0"},"up":{"uv":[4.625,9.0,2.75,8.5],"tintindex":0,"rotation":0,"texture":"#0"},"down":{"uv":[8.125,8.5,6.25,9.0],"tintindex":0,"rotation":0,"texture":"#0"}},"rotation":{"origin":[15.567615,5.887762,5.172911],"angle":-22.5,"axis":"y"}},{"from":[5.364548,-2.8849936,-2.086357],"to":[10.593044,3.1478863,0.3267951],"faces":{"east":{"uv":[1.25,4.375,1.71875,4.5625],"tintindex":0,"rotation":270,"texture":"#1"},"south":{"uv":[5.46875,6.09375,5.0625,5.625],"tintindex":0,"rotation":0,"texture":"#1"},"north":{"uv":[5.90625,5.625,5.5,6.09375],"tintindex":0,"rotation":180,"texture":"#1"},"west":{"uv":[2.375,7.25,2.84375,7.4375],"tintindex":0,"rotation":90,"texture":"#1"},"up":{"uv":[1.8125,7.375,2.21875,7.5625],"tintindex":0,"rotation":180,"texture":"#1"},"down":{"uv":[7.375,5.75,7.78125,5.9375],"tintindex":0,"rotation":0,"texture":"#1"}}},{"from":[7.7553563,2.7451038,-2.8907413],"to":[9.766315,4.3538723,0.3267951],"faces":{"east":{"uv":[6.4375,8.125,6.5625,8.375],"tintindex":0,"rotation":270,"texture":"#1"},"south":{"uv":[1.09375,6.1875,0.9375,6.0625],"tintindex":0,"rotation":0,"texture":"#1"},"north":{"uv":[0.71875,7.0625,0.5625,7.1875],"tintindex":0,"rotation":180,"texture":"#1"},"west":{"uv":[8.125,7.6875,8.25,7.9375],"tintindex":0,"rotation":90,"texture":"#1"},"up":{"uv":[5.5,7.9375,5.65625,8.1875],"tintindex":0,"rotation":180,"texture":"#1"},"down":{"uv":[7.9375,7.6875,8.09375,7.9375],"tintindex":0,"rotation":0,"texture":"#1"}}},{"from":[4.6797156,-2.223816,-1.8950005],"to":[9.103827,-0.61504745,-0.286232],"faces":{"east":{"uv":[6.5,5.5,7.0,6.0],"tintindex":0,"rotation":270,"texture":"#0"},"south":{"uv":[11.875,7.75,10.5,7.25],"tintindex":0,"rotation":0,"texture":"#0"},"north":{"uv":[12.125,0.0,10.75,0.5],"tintindex":0,"rotation":180,"texture":"#0"},"west":{"uv":[11.75,4.5,12.25,5.0],"tintindex":0,"rotation":90,"texture":"#0"},"up":{"uv":[10.25,4.5,11.625,5.0],"tintindex":0,"rotation":180,"texture":"#0"},"down":{"uv":[10.25,8.75,11.625,9.25],"tintindex":0,"rotation":0,"texture":"#0"}},"rotation":{"origin":[15.567615,5.887762,5.172911],"angle":-22.5,"axis":"z"}},{"from":[5.065944,-2.6844883,-0.5315466],"to":[7.8812885,2.9462004,0.67502975],"faces":{"east":{"uv":[5.90625,7.875,5.8125,8.3125],"tintindex":0,"rotation":180,"texture":"#1"},"south":{"uv":[7.0625,4.125,7.5,4.34375],"tintindex":0,"rotation":270,"texture":"#1"},"north":{"uv":[7.0625,4.375,7.5,4.59375],