{"textures":{"1":"modelengine:entity/amethyst_crystal_dragon"},"elements":[{"from":[1.9005122,-0.26428604,-11.107357],"to":[4.313664,9.388321,-8.694202],"faces":{"east":{"uv":[8.0,5.1875,8.375,5.28125],"tintindex":0,"rotation":90,"texture":"#1"},"south":{"uv":[8.09375,5.8125,8.0,6.1875],"tintindex":0,"rotation":0,"texture":"#1"},"north":{"uv":[8.09375,5.8125,8.0,5.4375],"tintindex":0,"rotation":180,"texture":"#1"},"west":{"uv":[8.0,5.3125,8.375,5.40625],"tintindex":0,"rotation":270,"texture":"#1"},"up":{"uv":[3.375,8.375,3.46875,8.46875],"tintindex":0,"rotation":0,"texture":"#1"},"down":{"uv":[8.375,3.3125,8.46875,3.40625],"tintindex":0,"rotation":180,"texture":"#1"}},"rotation":{"origin":[7.470229,-10.014475,15.750822],"angle":45.0,"axis":"x"}},{"from":[6.324624,3.441105,-9.202183],"to":[8.737776,8.267406,-5.984645],"faces":{"east":{"uv":[6.375,2.3125,6.5,2.5],"tintindex":0,"rotation":0,"texture":"#1"},"south":{"uv":[5.0,8.3125,5.09375,8.5],"tintindex":0,"rotation":0,"texture":"#1"},"north":{"uv":[1.1875,6.875,1.28125,7.0625],"tintindex":0,"rotation":0,"texture":"#1"},"west":{"uv":[6.4375,5.375,6.5625,5.5625],"tintindex":0,"rotation":0,"texture":"#1"},"up":{"uv":[8.46875,0.5,8.375,0.375],"tintindex":0,"rotation":0,"texture":"#1"},"down":{"uv":[8.46875,1.4375,8.375,1.5625],"tintindex":0,"rotation":0,"texture":"#1"}}},{"from":[3.9114718,-0.22699356,-8.11639],"to":[6.324624,9.425617,-5.7032404],"faces":{"east":{"uv":[8.0,4.6875,8.375,4.78125],"tintindex":0,"rotation":90,"texture":"#1"},"south":{"uv":[4.59375,8.0,4.5,8.375],"tintindex":0,"rotation":0,"texture":"#1"},"north":{"uv":[3.09375,8.375,3.0,8.0],"tintindex":0,"rotation":180,"texture":"#1"},"west":{"uv":[8.0,4.8125,8.375,4.90625],"tintindex":0,"rotation":270,"texture":"#1"},"up":{"uv":[3.25,8.375,3.34375,8.46875],"tintindex":0,"rotation":0,"texture":"#1"},"down":{"uv":[8.375,3.1875,8.46875,3.28125],"tintindex":0,"rotation":180,"texture":"#1"}},"rotation":{"origin":[7.470229,-10.014475,15.750822],"angle":22.5,"axis":"x"}},{"from":[10.346544,2.9905434,-5.7032404],"to":[13.56408,9.425617,-2.4857035],"faces":{"east":{"uv":[0.75,8.125,1.0,8.25],"tintindex":0,"rotation":90,"texture":"#1"},"south":{"uv":[1.75,8.125,1.625,8.375],"tintindex":0,"rotation":0,"texture":"#1"},"north":{"uv":[5.125,8.3125,5.0,8.0625],"tintindex":0,"rotation":180,"texture":"#1"},"west":{"uv":[4.0625,8.125,4.3125,8.25],"tintindex":0,"rotation":270,"texture":"#1"},"up":{"uv":[5.75,8.3125,5.875,8.4375],"tintindex":0,"rotation":0,"texture":"#1"},"down":{"uv":[5.625,8.3125,5.75,8.4375],"tintindex":0,"rotation":180,"texture":"#1"}},"rotation":{"origin":[7.470229,-10.014475,15.750822],"angle":22.5,"axis":"x"}},{"from":[1.4983201,2.9905434,-5.7032404],"to":[4.715856,9.425617,-2.4857035],"faces":{"east":{"uv":[6.8125,8.0625,7.0625,8.1875],"tintindex":0,"rotation":90,"texture":"#1"},"south":{"uv":[1.5,7.375,1.375,7.625],"tintindex":0,"rotation":0,"texture":"#1"},"north":{"uv":[5.25,2.3125,5.125,2.0625],"tintindex":0,"rotation":180,"texture":"#1"},"west":{"uv":[7.3125,8.0625,7.5625,8.1875],"tintindex":0,"rotation":270,"texture":"#1"},"up":{"uv":[8.3125,4.9375,8.4375,5.0625],"tintindex":0,"rotation":0,"texture":"#1"},"down":{"uv":[6.875,7.4375,7.0,7.5625],"tintindex":0,"rotation":180,"texture":"#1"}},"rotation":{"origin":[7.470229,-10.014475,15.750822],"angle":22.5,"axis":"x"}},{"from":[2.3027039,5.718773,3.7501688],"to":[12.759696,12.958229,16.620314],"faces":{"east":{"uv":[0.9375,6.1875,1.4375,6.46875],"tintindex":0,"rotation":0,"texture":"#1"},"south":{"uv":[6.875,2.0,7.28125,2.28125],"tintindex":0,"rotation":0,"texture":"#1"},"north":{"uv":[0.75,6.875,1.15625,7.15625],"tintindex":0,"rotation":0,"texture":"#1"},"west":{"uv":[6.1875,1.375,6.6875,1.65625],"tintindex":0,"rotation":0,"texture":"#1"},"up":{"uv":[4.21875,5.9375,3.8125,5.4375],"tintindex":0,"rotation":0,"texture":"#1"},"down":{"uv":[4.65625,5.4375,4.25,5.9375],"tintindex":0,"rotation":0,"texture":"#1"}},"rotation":{"origin":[7.470229,-10.014475,15.750822],"angle":-22.5,"axis":"x"}},{"from":[5.1180477,-0.22699356,-11.333927],"to":[5.1180477,20.686993,-6.5076246],"faces":{"east":{"uv":[6.0,0.6875,6.8125,0.5],"tintindex":0,"rotation":270,"texture":"#1"},"west":{"uv":[6.0,0.5,6.8125,0.6875],"tintindex":0,"rotation":270,"texture":"#1"}},"rotation":{"origin":[7.470229,-10.014475,15.750822],"angle":22.5,"axis":"x"}},{"from":[10.748735,-0.26428604,-11.107357],"to":[13.161888,9.388321,-8.694202],"faces":{"east":{"uv":[8.0,6.4375,8.375,6.53125],"tintindex":0,"rotation":90,"texture":"#1"},"south":{"uv":[1.46875,8.0625,1.375,8.4375],"tintindex":0,"rotation":0,"texture":"#1"},"north":{"uv":[1.34375,8.4375,1.25,8.0625],"tintindex":0,"rotation":180,"texture":"#1"},"west":{"uv":[8.0,6.5625,8.375,6.65625],"tintindex":0,"rotation":270,"texture":"#1"},"up":{"uv":[4.3125,8.375,4.40625,8.46875],"tintindex":0,"rotation":0,"texture":"#1"},"down":{"uv":[3.9375,8.375,4.03125,8.46875],"tintindex":0,"rotation":180,"texture":"#1"}},"rotation":{"origin":[7.470229,-10.014475,15.750822],"angle":45.0,"axis":"x"}},{"from":[1.9005122,-13.145357,-10.716114],"to":[5.1180477,-5.1015167,-7.498576],"faces":{"east":{"uv":[7.0,1.875,7.3125,2.0],"tintindex":0,"rotation":90,"texture":"#1"},"south":{"uv":[5.75,4.0625,5.625,4.375],"tintindex":0,"rotation":0,"texture":"#1"},"north":{"uv":[5.375,2.9375,5.25,2.625],"tintindex":0,"rotation":180,"texture":"#1"},"west":{"uv":[7.1875,1.5,7.5,1.625],"tintindex":0,"rotation":270,"texture":"#1"},"up":{"uv":[6.0,2.5,6.125,2.625],"tintindex":0,"rotation":0,"texture":"#1"},"down":{"uv":[3.875,2.5,4.0,2.625],"tintindex":0,"rotation":180,"texture":"#1"}},"rotation":{"origin":[7.470229,-10.014475,15.750822],"angle":45.0,"axis":"x"}},{"from":[4.313664,7.3275414,-2.28271],"to":[10.748735,12.153847,4.152362],"faces":{"east":{"uv":[5.375,3.1875,5.625,3.375],"tintindex":0,"rotation":0,"texture":"#1"},"south":{"uv":[7.8125,1.875,8.0625,2.0625],"tintindex":0,"rotation":0,"texture":"#1"},"north":{"uv":[4.5625,2.3125,4.8125,2.5],"tintindex":0,"rotation":0,"texture":"#1"},"west":{"uv":[7.8125,6.75,8.0625,6.9375],"tintindex":0,"rotation":0,"texture":"#1"},"up":{"uv":[7.8125,3.3125,7.5625,3.0625],"tintindex":0,"rotation":0,"texture":"#1"},"down":{"uv":[4.125,7.5625,3.875,7.8125],"tintindex":0,"rotation":0,"texture":"#1"}},"rotation":{"origin":[7.470229,-10.014475,15.750822],"angle":-22.5,"axis":"x"}},{"from":[8.737776,-0.22699356,-8.11639],"to":[11.1509285,9.425617,-5.7032404],"faces":{"east":{"uv":[8.0,6.1875,8.375,6.28125],"tintindex":0,"rotation":90,"texture":"#1"},"south":{"uv":[1.21875,8.0625,1.125,8.4375],"tintindex":0,"rotation":0,"texture":"#1"},"north":{"uv":[7.84375,8.375,7.75,8.0],"tintindex":0,"rotation":180,"texture":"#1"},"west":{"uv":[8.0,6.3125,8.375,6.40625],"tintindex":0,"rotation":270,"texture":"#1"},"up":{"uv":[3.8125,8.375,3.90625,8.46875],"tintindex":0,"rotation":0,"texture":"#1"},"down":{"uv":[3.5,8.375,3.59375,8.46875],"tintindex":0,"rotation":180,"texture":"#1"}},"rotation":{"origin":[7.470229,-10.014475,15.750822],"angle":22.5,"axis":"x"}},{"from":[4.715856,5.718773,-1.8805189],"to":[10.346544,7.3275414,4.152362],"faces":{"east":{"uv":[3.5,4.5625,3.75,4.625],"tintindex":0,"rotation":0,"texture":"#1"},"south":{"uv":[6.875,5.75,7.09375,5.8125],"tintindex":0,"rotation":0,"texture":"#1"},"north":{"uv":[6.8125,0.8125,7.03125,0.875],"tintindex":0,"rotation":0,"texture":"#1"},"west":{"uv":[3.75,4.5625,4.0,4.625],"tintindex":0,"rotation":0,"texture":"#1"},"up":{"uv":[1.34375,7.9375,1.125,7.6875],"tintindex":0,"rotation":0,"texture":"#1"},"down":{"uv":[3.34375,7.6875,3.125,7.9375],"tintindex":0,"rotation":0,"texture":"#1"}},"rotation":{"origin":[7.470229,-10.014475,15.750822],"angle":-22.5,"axis":"x"}},{"from":[3.107088,-1.8730545,-12.7161255],"to":[3.107088,15.823395,-5.4766665],"faces":{"east":{"uv":[5.5,1.71875,6.1875,1.4375],"tintindex":0,"rotation":270,"texture":"#1"},"west":{"uv":[5.5,1.4375,6.1875,1.71875],"tintindex":0,"rotation":270,"texture":"#1"}},