{"textures":{"1":"modelengine:entity/amethyst_crystal_dragon"},"elements":[{"from":[0.57337666,2.1843052,2.0818949],"to":[9.196373,15.054449,12.860641],"faces":{"east":{"uv":[0.0,6.0625,0.3125,6.5625],"tintindex":0,"rotation":0,"texture":"#1"},"south":{"uv":[0.25,6.5625,0.5,7.0625],"tintindex":0,"rotation":0,"texture":"#1"},"north":{"uv":[0.0,6.5625,0.25,7.0625],"tintindex":0,"rotation":0,"texture":"#1"},"west":{"uv":[0.3125,6.0625,0.625,6.5625],"tintindex":0,"rotation":0,"texture":"#1"},"up":{"uv":[3.875,7.625,3.625,7.3125],"tintindex":0,"rotation":0,"texture":"#1"},"down":{"uv":[6.6875,7.3125,6.4375,7.625],"tintindex":0,"rotation":0,"texture":"#1"}},"rotation":{"origin":[13.965107,11.415525,0.7040024],"angle":45.0,"axis":"x"}},{"from":[1.1123133,2.5864973,2.620832],"to":[8.657435,14.652258,12.321703],"faces":{"east":{"uv":[4.25,6.375,4.53125,6.84375],"tintindex":0,"rotation":0,"texture":"#1"},"south":{"uv":[2.875,7.0,3.09375,7.46875],"tintindex":0,"rotation":0,"texture":"#1"},"north":{"uv":[6.75,6.9375,6.96875,7.40625],"tintindex":0,"rotation":0,"texture":"#1"},"west":{"uv":[2.5625,6.4375,2.84375,6.90625],"tintindex":0,"rotation":0,"texture":"#1"},"up":{"uv":[7.34375,7.84375,7.125,7.5625],"tintindex":0,"rotation":0,"texture":"#1"},"down":{"uv":[0.71875,7.625,0.5,7.90625],"tintindex":0,"rotation":0,"texture":"#1"}},"rotation":{"origin":[13.965107,11.415525,0.7040024],"angle":45.0,"axis":"x"}}],"display":{"gui":{"rotation":[30,225,0]}}}