{"textures":{"1":"modelengine:entity/amethyst_crystal_dragon"},"elements":[{"from":[7.0861807,2.5864973,1.6208315],"to":[14.631303,14.652258,11.321703],"faces":{"east":{"uv":[3.4375,6.4375,3.71875,6.90625],"tintindex":0,"rotation":0,"texture":"#1"},"south":{"uv":[5.625,7.0,5.84375,7.46875],"tintindex":0,"rotation":0,"texture":"#1"},"north":{"uv":[4.875,7.0,5.09375,7.46875],"tintindex":0,"rotation":0,"texture":"#1"},"west":{"uv":[3.75,6.4375,4.03125,6.90625],"tintindex":0,"rotation":0,"texture":"#1"},"up":{"uv":[1.59375,7.90625,1.375,7.625],"tintindex":0,"rotation":0,"texture":"#1"},"down":{"uv":[3.84375,7.625,3.625,7.90625],"tintindex":0,"rotation":0,"texture":"#1"}},"rotation":{"origin":[1.6151066,11.415525,-0.29599762],"angle":45.0,"axis":"x"}},{"from":[6.5472436,2.1843052,1.0818949],"to":[15.170239,15.054449,11.860641],"faces":{"east":{"uv":[0.625,6.0625,0.9375,6.5625],"tintindex":0,"rotation":0,"texture":"#1"},"south":{"uv":[1.8125,6.5625,2.0625,7.0625],"tintindex":0,"rotation":0,"texture":"#1"},"north":{"uv":[0.5,6.5625,0.75,7.0625],"tintindex":0,"rotation":0,"texture":"#1"},"west":{"uv":[1.875,6.0625,2.1875,6.5625],"tintindex":0,"rotation":0,"texture":"#1"},"up":{"uv":[0.5,7.6875,0.25,7.375],"tintindex":0,"rotation":0,"texture":"#1"},"down":{"uv":[1.375,7.375,1.125,7.6875],"tintindex":0,"rotation":0,"texture":"#1"}},"rotation":{"origin":[1.6151066,11.415525,-0.29599762],"angle":45.0,"axis":"x"}}],"display":{"gui":{"rotation":[30,225,0]}}}