{"textures":{"1":"modelengine:entity/amethyst_crystal_dragon"},"elements":[{"from":[5.1180477,12.628773,8.631058],"to":[9.944352,14.237541,13.457363],"faces":{"east":{"uv":[6.1875,2.0,6.375,2.0625],"tintindex":0,"rotation":0,"texture":"#1"},"south":{"uv":[0.75,6.8125,0.9375,6.875],"tintindex":0,"rotation":0,"texture":"#1"},"north":{"uv":[5.75,5.5625,5.9375,5.625],"tintindex":0,"rotation":0,"texture":"#1"},"west":{"uv":[3.25,6.875,3.4375,6.9375],"tintindex":0,"rotation":0,"texture":"#1"},"up":{"uv":[3.0625,6.625,2.875,6.4375],"tintindex":0,"rotation":0,"texture":"#1"},"down":{"uv":[8.1875,7.0625,8.0,7.25],"tintindex":0,"rotation":0,"texture":"#1"}},"rotation":{"origin":[7.470229,-3.104475,25.055824],"angle":-22.5,"axis":"x"}}],"display":{"gui":{"rotation":[30,225,0]}}}