{"textures":{"1":"modelengine:entity/amethyst_crystal_dragon"},"elements":[{"from":[4.313664,16.02907,16.87139],"to":[10.748735,22.46414,28.93715],"faces":{"east":{"uv":[6.8125,2.6875,7.28125,2.9375],"tintindex":0,"rotation":0,"texture":"#1"},"south":{"uv":[6.875,7.5625,7.125,7.8125],"tintindex":0,"rotation":0,"texture":"#1"},"north":{"uv":[7.5625,6.625,7.8125,6.875],"tintindex":0,"rotation":0,"texture":"#1"},"west":{"uv":[6.8125,3.625,7.28125,3.875],"tintindex":0,"rotation":0,"texture":"#1"},"up":{"uv":[7.0625,4.34375,6.8125,3.875],"tintindex":0,"rotation":0,"texture":"#1"},"down":{"uv":[7.0625,4.375,6.8125,4.84375],"tintindex":0,"rotation":0,"texture":"#1"}},"rotation":{"origin":[7.470229,11.4605255,-1.0366774],"angle":45.0,"axis":"x"}},{"from":[4.715856,16.431261,17.273582],"to":[10.346544,22.061949,28.534958],"faces":{"east":{"uv":[7.125,6.4375,7.5625,6.65625],"tintindex":0,"rotation":0,"texture":"#1"},"south":{"uv":[6.8125,7.8125,7.03125,8.03125],"tintindex":0,"rotation":0,"texture":"#1"},"north":{"uv":[7.8125,3.0625,8.03125,3.28125],"tintindex":0,"rotation":0,"texture":"#1"},"west":{"uv":[7.125,6.6875,7.5625,6.90625],"tintindex":0,"rotation":0,"texture":"#1"},"up":{"uv":[5.34375,4.8125,5.125,4.375],"tintindex":0,"rotation":0,"texture":"#1"},"down":{"uv":[0.78125,7.1875,0.5625,7.625],"tintindex":0,"rotation":0,"texture":"#1"}},"rotation":{"origin":[7.470229,11.4605255,-1.0366774],"angle":45.0,"axis":"x"}},{"from":[4.0,8.155825,8.542164],"to":[11.239456,14.590897,19.80354],"faces":{"east":{"uv":[6.875,2.3125,7.3125,2.5625],"tintindex":0,"rotation":0,"texture":"#1"},"south":{"uv":[7.5,4.5625,7.78125,4.8125],"tintindex":0,"rotation":0,"texture":"#1"},"north":{"uv":[3.5,5.6875,3.78125,5.9375],"tintindex":0,"rotation":0,"texture":"#1"},"west":{"uv":[6.875,2.9375,7.3125,3.1875],"tintindex":0,"rotation":0,"texture":"#1"},"up":{"uv":[6.84375,5.8125,6.5625,5.375],"tintindex":0,"rotation":0,"texture":"#1"},"down":{"uv":[1.59375,6.625,1.3125,7.0625],"tintindex":0,"rotation":0,"texture":"#1"}},"rotation":{"origin":[7.470229,11.4605255,-1.0366774],"angle":22.5,"axis":"x"}},{"from":[3.6,7.7536335,8.139972],"to":[11.64384,14.99309,20.205732],"faces":{"east":{"uv":[6.4375,3.3125,6.90625,3.59375],"tintindex":0,"rotation":0,"texture":"#1"},"south":{"uv":[1.5,7.3125,1.8125,7.59375],"tintindex":0,"rotation":0,"texture":"#1"},"north":{"uv":[6.125,7.25,6.4375,7.53125],"tintindex":0,"rotation":0,"texture":"#1"},"west":{"uv":[6.4375,5.0625,6.90625,5.34375],"tintindex":0,"rotation":0,"texture":"#1"},"up":{"uv":[5.3125,6.59375,5.0,6.125],"tintindex":0,"rotation":0,"texture":"#1"},"down":{"uv":[6.4375,5.0625,6.125,5.53125],"tintindex":0,"rotation":0,"texture":"#1"}},"rotation":{"origin":[7.470229,11.4605255,-1.0366774],"angle":22.5,"axis":"x"}}],"display":{"gui":{"rotation":[30,225,0]}}}