{"textures":{"0":"modelengine:entity/amethyst_crystal_dragon_light","1":"modelengine:entity/amethyst_crystal_dragon"},"elements":[{"from":[6.961216,0.66346455,9.124319],"to":[8.569984,2.272233,14.755006],"faces":{"east":{"uv":[4.75,0.875,5.1875,1.0],"tintindex":0,"rotation":0,"texture":"#1"},"south":{"uv":[8.375,0.25,8.5,0.375],"tintindex":0,"rotation":0,"texture":"#1"},"north":{"uv":[8.375,0.0,8.5,0.125],"tintindex":0,"rotation":0,"texture":"#1"},"west":{"uv":[6.5,4.9375,6.9375,5.0625],"tintindex":0,"rotation":0,"texture":"#1"},"up":{"uv":[2.75,8.1875,2.625,7.75],"tintindex":0,"rotation":0,"texture":"#1"},"down":{"uv":[2.875,7.75,2.75,8.1875],"tintindex":0,"rotation":0,"texture":"#1"}},"rotation":{"origin":[7.7351146,15.730263,-5.159588],"angle":-22.5,"axis":"x"}},{"from":[6.559024,6.5224934,7.9062977],"to":[8.972176,8.935646,13.536986],"faces":{"east":{"uv":[7.3125,3.625,7.75,3.8125],"tintindex":0,"rotation":0,"texture":"#1"},"south":{"uv":[8.0625,3.0625,8.25,3.25],"tintindex":0,"rotation":0,"texture":"#1"},"north":{"uv":[8.0625,1.875,8.25,2.0625],"tintindex":0,"rotation":0,"texture":"#1"},"west":{"uv":[5.125,7.3125,5.5625,7.5],"tintindex":0,"rotation":0,"texture":"#1"},"up":{"uv":[4.25,6.875,4.0625,6.4375],"tintindex":0,"rotation":0,"texture":"#1"},"down":{"uv":[1.8125,6.625,1.625,7.0625],"tintindex":0,"rotation":0,"texture":"#1"}}},{"from":[6.76012,0.46236897,8.923223],"to":[8.77108,2.4733286,14.956103],"faces":{"east":{"uv":[7.5,3.8125,7.96875,3.96875],"tintindex":0,"rotation":0,"texture":"#1"},"south":{"uv":[0.625,8.25,0.78125,8.40625],"tintindex":0,"rotation":0,"texture":"#1"},"north":{"uv":[8.0625,8.1875,8.21875,8.34375],"tintindex":0,"rotation":0,"texture":"#1"},"west":{"uv":[7.5,4.0,7.96875,4.15625],"tintindex":0,"rotation":0,"texture":"#1"},"up":{"uv":[4.84375,7.65625,4.6875,7.1875],"tintindex":0,"rotation":0,"texture":"#1"},"down":{"uv":[4.34375,7.25,4.1875,7.71875],"tintindex":0,"rotation":0,"texture":"#1"}},"rotation":{"origin":[7.7351146,15.730263,-5.159588],"angle":-22.5,"axis":"x"}},{"from":[6.559024,0.2612729,15.961583],"to":[8.972176,2.6744251,21.190079],"faces":{"east":{"uv":[2.0,7.5,3.625,8.25],"tintindex":0,"rotation":0,"texture":"#0"},"south":{"uv":[9.5,11.75,10.25,12.5],"tintindex":0,"rotation":0,"texture":"#0"},"north":{"uv":[8.75,11.75,9.5,12.5],"tintindex":0,"rotation":0,"texture":"#0"},"west":{"uv":[3.75,7.75,5.375,8.5],"tintindex":0,"rotation":0,"texture":"#0"},"up":{"uv":[0.75,8.875,0.0,7.25],"tintindex":0,"rotation":0,"texture":"#0"},"down":{"uv":[6.25,7.75,5.5,9.375],"tintindex":0,"rotation":0,"texture":"#0"}},"rotation":{"origin":[7.7351146,15.730263,-5.159588],"angle":-22.5,"axis":"x"}},{"from":[6.3579283,0.06017685,14.755006],"to":[9.173272,2.8755207,15.961583],"faces":{"east":{"uv":[8.3125,1.0625,8.40625,1.28125],"tintindex":0,"rotation":0,"texture":"#1"},"south":{"uv":[7.875,0.8125,8.09375,1.03125],"tintindex":0,"rotation":0,"texture":"#1"},"north":{"uv":[0.75,7.875,0.96875,8.09375],"tintindex":0,"rotation":0,"texture":"#1"},"west":{"uv":[1.75,8.3125,1.84375,8.53125],"tintindex":0,"rotation":0,"texture":"#1"},"up":{"uv":[8.46875,1.96875,8.25,1.875],"tintindex":0,"rotation":0,"texture":"#1"},"down":{"uv":[8.46875,6.9375,8.25,7.03125],"tintindex":0,"rotation":0,"texture":"#1"}},"rotation":{"origin":[7.7351146,15.730263,-5.159588],"angle":-22.5,"axis":"x"}},{"from":[6.3579283,6.321398,7.705202],"to":[9.173272,9.136742,13.738082],"faces":{"east":{"uv":[7.0,1.625,7.46875,1.84375],"tintindex":0,"rotation":0,"texture":"#1"},"south":{"uv":[7.375,7.8125,7.59375,8.03125],"tintindex":0,"rotation":0,"texture":"#1"},"north":{"uv":[7.8125,7.3125,8.03125,7.53125],"tintindex":0,"rotation":0,"texture":"#1"},"west":{"uv":[7.0,6.9375,7.46875,7.15625],"tintindex":0,"rotation":0,"texture":"#1"},"up":{"uv":[6.09375,7.46875,5.875,7.0],"tintindex":0,"rotation":0,"texture":"#1"},"down":{"uv":[0.21875,7.0625,0.0,7.53125],"tintindex":0,"rotation":0,"texture":"#1"}}}],"display":{"gui":{"rotation":[30,225,0]}}}