{"textures":{"0":"modelengine:entity/wickedwish"},"elements":[{"from":[5.79289,8.707109,5.2071114],"to":[9.792891,8.707109,13.207111],"faces":{"up":{"uv":[0.0,13.125,0.5,14.125],"tintindex":0,"rotation":180,"texture":"#0"},"down":{"uv":[0.625,13.125,1.125,14.125],"tintindex":0,"rotation":0,"texture":"#0"}}},{"from":[9.292891,3.7573605,8.707111],"to":[13.292891,3.7573605,16.707111],"faces":{"up":{"uv":[0.0,13.125,0.5,14.125],"tintindex":0,"rotation":180,"texture":"#0"},"down":{"uv":[0.625,13.125,1.125,14.125],"tintindex":0,"rotation":0,"texture":"#0"}}},{"from":[10.22843,3.4038086,9.303299],"to":[14.22843,3.4038086,17.303299],"faces":{"up":{"uv":[0.0,13.125,0.5,14.125],"tintindex":0,"rotation":180,"texture":"#0"},"down":{"uv":[0.625,13.125,1.125,14.125],"tintindex":0,"rotation":0,"texture":"#0"}},"rotation":{"origin":[10.82843,8.0,5.1715813],"angle":45.0,"axis":"y"}},{"from":[10.22843,8.3535595,4.3535614],"to":[14.22843,8.3535595,12.353561],"faces":{"up":{"uv":[0.0,13.125,0.5,14.125],"tintindex":0,"rotation":180,"texture":"#0"},"down":{"uv":[0.625,13.125,1.125,14.125],"tintindex":0,"rotation":0,"texture":"#0"}},"rotation":{"origin":[10.82843,8.0,5.1715813],"angle":45.0,"axis":"y"}}],"display":{"gui":{"rotation":[30,225,0]}}}