{"textures":{"0":"modelengine:entity/wickedwish"},"elements":[{"from":[10.22843,2.6966991,8.596199],"to":[14.22843,2.6966991,16.596199],"faces":{"up":{"uv":[0.0,13.125,0.5,14.125],"tintindex":0,"rotation":180,"texture":"#0"},"down":{"uv":[0.625,13.125,1.125,14.125],"tintindex":0,"rotation":0,"texture":"#0"}},"rotation":{"origin":[10.82843,8.0,5.1715813],"angle":45.0,"axis":"y"}},{"from":[10.22843,7.64645,3.64645],"to":[14.22843,7.64645,11.64645],"faces":{"up":{"uv":[0.0,13.125,0.5,14.125],"tintindex":0,"rotation":180,"texture":"#0"},"down":{"uv":[0.625,13.125,1.125,14.125],"tintindex":0,"rotation":0,"texture":"#0"}},"rotation":{"origin":[10.82843,8.0,5.1715813],"angle":45.0,"axis":"y"}},{"from":[9.5,3.0502586,7.5],"to":[13.5,3.0502586,15.5],"faces":{"up":{"uv":[0.0,13.125,0.5,14.125],"tintindex":0,"rotation":180,"texture":"#0"},"down":{"uv":[0.625,13.125,1.125,14.125],"tintindex":0,"rotation":0,"texture":"#0"}}},{"from":[6.0,8.0,4.0],"to":[10.0,8.0,12.0],"faces":{"up":{"uv":[0.0,13.125,0.5,14.125],"tintindex":0,"rotation":180,"texture":"#0"},"down":{"uv":[0.625,13.125,1.125,14.125],"tintindex":0,"rotation":0,"texture":"#0"}}}],"display":{"gui":{"rotation":[30,225,0]}}}