{"textures":{"0":"modelengine:entity/wickedwish"},"elements":[{"from":[6.31667,7.16809,3.8740406],"to":[10.51667,10.16809,5.8740406],"faces":{"east":{"uv":[7.75,8.5,8.0,8.875],"tintindex":0,"rotation":0,"texture":"#0"},"south":{"uv":[11.75,12.125,12.25,12.5],"tintindex":0,"rotation":0,"texture":"#0"},"north":{"uv":[12.125,10.5,12.625,10.875],"tintindex":0,"rotation":0,"texture":"#0"},"west":{"uv":[5.25,8.625,5.5,9.0],"tintindex":0,"rotation":0,"texture":"#0"},"up":{"uv":[10.25,6.125,9.75,5.875],"tintindex":0,"rotation":0,"texture":"#0"},"down":{"uv":[6.75,12.25,6.25,12.5],"tintindex":0,"rotation":0,"texture":"#0"}},"rotation":{"origin":[8.41667,7.53045,2.9793606],"angle":22.5,"axis":"x"}},{"from":[7.16667,6.11313,-1.6445198],"to":[7.16667,11.11313,5.35548],"faces":{"east":{"uv":[11.0,7.625,11.875,8.25],"tintindex":0,"rotation":0,"texture":"#0"},"west":{"uv":[3.875,11.125,4.75,11.75],"tintindex":0,"rotation":0,"texture":"#0"}}},{"from":[6.21667,6.03045,5.4793606],"to":[10.61667,9.03045,10.479361],"faces":{"east":{"uv":[11.875,7.625,12.5,8.0],"tintindex":0,"rotation":0,"texture":"#0"},"south":{"uv":[9.25,12.125,9.75,12.5],"tintindex":0,"rotation":0,"texture":"#0"},"north":{"uv":[12.125,4.5,12.625,4.875],"tintindex":0,"rotation":0,"texture":"#0"},"west":{"uv":[11.875,8.0,12.5,8.375],"tintindex":0,"rotation":0,"texture":"#0"},"up":{"uv":[0.5,12.25,0.0,11.625],"tintindex":0,"rotation":0,"texture":"#0"},"down":{"uv":[12.125,1.625,11.625,2.25],"tintindex":0,"rotation":0,"texture":"#0"}}},{"from":[9.16667,6.11313,-1.6445198],"to":[9.16667,11.11313,5.35548],"faces":{"east":{"uv":[11.0,7.625,11.875,8.25],"tintindex":0,"rotation":0,"texture":"#0"},"west":{"uv":[3.875,11.125,4.75,11.75],"tintindex":0,"rotation":0,"texture":"#0"}}}],"display":{"gui":{"rotation":[30,225,0]}}}