{"textures":{"0":"modelengine:entity/wickedwish"},"elements":[{"from":[7.1666703,6.11313,-1.6445198],"to":[7.1666703,11.113131,5.35548],"faces":{"east":{"uv":[6.75,10.875,7.625,11.5],"tintindex":0,"rotation":0,"texture":"#0"},"west":{"uv":[11.0,2.75,11.875,3.375],"tintindex":0,"rotation":0,"texture":"#0"}}},{"from":[6.31667,7.16809,3.8740501],"to":[10.51667,10.16809,5.87405],"faces":{"east":{"uv":[6.75,7.0,7.0,7.375],"tintindex":0,"rotation":0,"texture":"#0"},"south":{"uv":[12.0,3.625,12.5,4.0],"tintindex":0,"rotation":0,"texture":"#0"},"north":{"uv":[12.0,3.25,12.5,3.625],"tintindex":0,"rotation":0,"texture":"#0"},"west":{"uv":[4.25,7.125,4.5,7.5],"tintindex":0,"rotation":0,"texture":"#0"},"up":{"uv":[3.5,7.125,3.0,6.875],"tintindex":0,"rotation":0,"texture":"#0"},"down":{"uv":[8.75,0.75,8.25,1.0],"tintindex":0,"rotation":0,"texture":"#0"}},"rotation":{"origin":[8.41667,7.53045,2.97936],"angle":22.5,"axis":"x"}},{"from":[10.16667,6.11313,-1.6445198],"to":[10.16667,11.113131,5.35548],"faces":{"east":{"uv":[6.75,10.875,7.625,11.5],"tintindex":0,"rotation":0,"texture":"#0"},"west":{"uv":[11.0,2.75,11.875,3.375],"tintindex":0,"rotation":0,"texture":"#0"}}},{"from":[6.2166696,6.03045,5.47936],"to":[10.616671,9.03045,10.479361],"faces":{"east":{"uv":[11.75,11.75,12.375,12.125],"tintindex":0,"rotation":0,"texture":"#0"},"south":{"uv":[11.875,11.375,12.375,11.75],"tintindex":0,"rotation":0,"texture":"#0"},"north":{"uv":[11.875,11.0,12.375,11.375],"tintindex":0,"rotation":0,"texture":"#0"},"west":{"uv":[11.875,0.0,12.5,0.375],"tintindex":0,"rotation":0,"texture":"#0"},"up":{"uv":[3.0,12.125,2.5,11.5],"tintindex":0,"rotation":0,"texture":"#0"},"down":{"uv":[7.625,11.5,7.125,12.125],"tintindex":0,"rotation":0,"texture":"#0"}}}],"display":{"gui":{"rotation":[30,225,0]}}}