{"textures":{"0":"modelengine:entity/wickedwish"},"elements":[{"from":[5.4833302,7.16809,3.8740501],"to":[9.683331,10.16809,5.87405],"faces":{"east":{"uv":[4.5,7.125,4.25,7.5],"tintindex":0,"rotation":0,"texture":"#0"},"south":{"uv":[12.5,3.625,12.0,4.0],"tintindex":0,"rotation":0,"texture":"#0"},"north":{"uv":[12.5,3.25,12.0,3.625],"tintindex":0,"rotation":0,"texture":"#0"},"west":{"uv":[7.0,7.0,6.75,7.375],"tintindex":0,"rotation":0,"texture":"#0"},"up":{"uv":[3.0,7.125,3.5,6.875],"tintindex":0,"rotation":0,"texture":"#0"},"down":{"uv":[8.25,0.75,8.75,1.0],"tintindex":0,"rotation":0,"texture":"#0"}},"rotation":{"origin":[7.58333,7.53045,2.97936],"angle":22.5,"axis":"x"}},{"from":[6.83333,6.11313,-1.6445198],"to":[6.83333,11.113131,5.35548],"faces":{"east":{"uv":[11.875,2.75,11.0,3.375],"tintindex":0,"rotation":0,"texture":"#0"},"west":{"uv":[7.625,10.875,6.75,11.5],"tintindex":0,"rotation":0,"texture":"#0"}}},{"from":[8.83333,6.11313,-1.6445198],"to":[8.83333,11.113131,5.35548],"faces":{"east":{"uv":[11.875,2.75,11.0,3.375],"tintindex":0,"rotation":0,"texture":"#0"},"west":{"uv":[7.625,10.875,6.75,11.5],"tintindex":0,"rotation":0,"texture":"#0"}}},{"from":[5.38333,6.03045,5.47936],"to":[9.783331,9.03045,10.479361],"faces":{"east":{"uv":[12.5,0.0,11.875,0.375],"tintindex":0,"rotation":0,"texture":"#0"},"south":{"uv":[12.375,11.375,11.875,11.75],"tintindex":0,"rotation":0,"texture":"#0"},"north":{"uv":[12.375,11.0,11.875,11.375],"tintindex":0,"rotation":0,"texture":"#0"},"west":{"uv":[12.375,11.75,11.75,12.125],"tintindex":0,"rotation":0,"texture":"#0"},"up":{"uv":[2.5,12.125,3.0,11.5],"tintindex":0,"rotation":0,"texture":"#0"},"down":{"uv":[7.125,11.5,7.625,12.125],"tintindex":0,"rotation":0,"texture":"#0"}}}],"display":{"gui":{"rotation":[30,225,0]}}}