{"textures":{"0":"modelengine:entity/wickedwish"},"elements":[{"from":[5.48333,7.16809,3.8740406],"to":[9.683331,10.16809,5.8740406],"faces":{"east":{"uv":[5.5,8.625,5.25,9.0],"tintindex":0,"rotation":0,"texture":"#0"},"south":{"uv":[12.25,12.125,11.75,12.5],"tintindex":0,"rotation":0,"texture":"#0"},"north":{"uv":[12.625,10.5,12.125,10.875],"tintindex":0,"rotation":0,"texture":"#0"},"west":{"uv":[8.0,8.5,7.75,8.875],"tintindex":0,"rotation":0,"texture":"#0"},"up":{"uv":[9.75,6.125,10.25,5.875],"tintindex":0,"rotation":0,"texture":"#0"},"down":{"uv":[6.25,12.25,6.75,12.5],"tintindex":0,"rotation":0,"texture":"#0"}},"rotation":{"origin":[7.58333,7.53045,2.9793606],"angle":22.5,"axis":"x"}},{"from":[5.3833303,6.03045,5.4793606],"to":[9.78333,9.03045,10.479361],"faces":{"east":{"uv":[12.5,8.0,11.875,8.375],"tintindex":0,"rotation":0,"texture":"#0"},"south":{"uv":[9.75,12.125,9.25,12.5],"tintindex":0,"rotation":0,"texture":"#0"},"north":{"uv":[12.625,4.5,12.125,4.875],"tintindex":0,"rotation":0,"texture":"#0"},"west":{"uv":[12.5,7.625,11.875,8.0],"tintindex":0,"rotation":0,"texture":"#0"},"up":{"uv":[0.0,12.25,0.5,11.625],"tintindex":0,"rotation":0,"texture":"#0"},"down":{"uv":[11.625,1.625,12.125,2.25],"tintindex":0,"rotation":0,"texture":"#0"}}},{"from":[6.83333,6.11313,-1.6445198],"to":[6.83333,11.11313,5.35548],"faces":{"east":{"uv":[4.75,11.125,3.875,11.75],"tintindex":0,"rotation":0,"texture":"#0"},"west":{"uv":[11.875,7.625,11.0,8.25],"tintindex":0,"rotation":0,"texture":"#0"}}},{"from":[8.83333,6.11313,-1.6445198],"to":[8.83333,11.11313,5.35548],"faces":{"east":{"uv":[4.75,11.125,3.875,11.75],"tintindex":0,"rotation":0,"texture":"#0"},"west":{"uv":[11.875,7.625,11.0,8.25],"tintindex":0,"rotation":0,"texture":"#0"}}}],"display":{"gui":{"rotation":[30,225,0]}}}