{"textures":{"0":"modelengine:entity/goblin_shaman"},"elements":[{"from":[3.0,5.083334,3.1666665],"to":[13.0,8.083334,8.166667],"faces":{"east":{"uv":[9.5,4.25,10.125,4.625],"tintindex":0,"rotation":0,"texture":"#0"},"south":{"uv":[8.0,3.125,9.25,3.5],"tintindex":0,"rotation":0,"texture":"#0"},"north":{"uv":[8.0,2.625,9.25,3.0],"tintindex":0,"rotation":0,"texture":"#0"},"west":{"uv":[9.625,6.25,10.25,6.625],"tintindex":0,"rotation":0,"texture":"#0"},"up":{"uv":[6.625,3.625,5.375,3.0],"tintindex":0,"rotation":0,"texture":"#0"},"down":{"uv":[6.625,3.75,5.375,4.375],"tintindex":0,"rotation":0,"texture":"#0"}}},{"from":[3.0,8.083334,3.1666665],"to":[6.0,10.083334,3.1666665],"faces":{"south":{"uv":[10.5,0.875,10.875,1.125],"tintindex":0,"rotation":0,"texture":"#0"},"north":{"uv":[10.875,0.875,10.5,1.125],"tintindex":0,"rotation":0,"texture":"#0"}}},{"from":[10.0,8.083334,3.1666665],"to":[13.0,10.083334,3.1666665],"faces":{"south":{"uv":[10.875,0.875,10.5,1.125],"tintindex":0,"rotation":0,"texture":"#0"},"north":{"uv":[10.5,0.875,10.875,1.125],"tintindex":0,"rotation":0,"texture":"#0"}}}],"display":{"gui":{"rotation":[30,225,0]}}}