{"textures":{"0":"modelengine:entity/brookbug"},"elements":[{"from":[7.5539103,7.9551697,8.653191],"to":[9.55391,15.95517,8.653191],"faces":{"south":{"uv":[2.5,12.75,3.0,14.75],"tintindex":0,"rotation":0,"texture":"#0"},"north":{"uv":[2.0,12.75,2.5,14.75],"tintindex":0,"rotation":0,"texture":"#0"}},"rotation":{"origin":[7.5539103,7.9551697,9.15319],"angle":45.0,"axis":"y"}}],"display":{"gui":{"rotation":[30,225,0]}}}