{"textures":{"0":"modelengine:entity/hollowhowl"},"elements":[{"from":[2.3894053,14.651545,7.267645],"to":[4.3894053,18.651543,9.267645],"faces":{"east":{"uv":[9.5,10.625,9.0,11.625],"tintindex":0,"rotation":0,"texture":"#0"},"south":{"uv":[9.0,10.625,8.5,11.625],"tintindex":0,"rotation":0,"texture":"#0"},"north":{"uv":[5.75,10.625,5.25,11.625],"tintindex":0,"rotation":0,"texture":"#0"},"west":{"uv":[6.25,10.625,5.75,11.625],"tintindex":0,"rotation":0,"texture":"#0"},"up":{"uv":[11.25,9.375,11.75,8.875],"tintindex":0,"rotation":0,"texture":"#0"},"down":{"uv":[11.375,6.5,11.875,7.0],"tintindex":0,"rotation":0,"texture":"#0"}},"rotation":{"origin":[3.0557752,17.829136,8.267645],"angle":-22.5,"axis":"z"}},{"from":[-3.7239447,22.898533,7.817645],"to":[-1.0864449,23.848534,8.717646],"faces":{"east":{"uv":[8.5,10.875,8.25,11.125],"tintindex":0,"rotation":0,"texture":"#0"},"south":{"uv":[11.0,7.5,10.375,7.75],"tintindex":0,"rotation":0,"texture":"#0"},"north":{"uv":[9.125,9.75,8.5,10.0],"tintindex":0,"rotation":0,"texture":"#0"},"west":{"uv":[10.0,2.875,9.75,3.125],"tintindex":0,"rotation":0,"texture":"#0"},"up":{"uv":[7.25,11.75,7.875,11.5],"tintindex":0,"rotation":0,"texture":"#0"},"down":{"uv":[7.875,11.5,8.5,11.75],"tintindex":0,"rotation":0,"texture":"#0"}},"rotation":{"origin":[-3.0864449,22.623535,8.267645],"angle":-45.0,"axis":"z"}},{"from":[12.166531,17.494759,7.517645],"to":[14.166531,21.494759,9.017645],"faces":{"east":{"uv":[3.875,6.875,4.25,7.875],"tintindex":0,"rotation":0,"texture":"#0"},"south":{"uv":[10.0,10.625,10.5,11.625],"tintindex":0,"rotation":0,"texture":"#0"},"north":{"uv":[9.5,10.625,10.0,11.625],"tintindex":0,"rotation":0,"texture":"#0"},"west":{"uv":[0.0,11.0,0.375,12.0],"tintindex":0,"rotation":0,"texture":"#0"},"up":{"uv":[6.75,11.875,6.25,11.5],"tintindex":0,"rotation":0,"texture":"#0"},"down":{"uv":[7.25,11.5,6.75,11.875],"tintindex":0,"rotation":0,"texture":"#0"}},"rotation":{"origin":[13.166531,19.494759,8.267645],"angle":-22.5,"axis":"z"}},{"from":[-0.55858994,20.40224,7.767645],"to":[3.44141,22.40224,8.767645],"faces":{"east":{"uv":[6.75,10.0,6.5,10.5],"tintindex":0,"rotation":0,"texture":"#0"},"south":{"uv":[11.25,9.0,10.25,9.5],"tintindex":0,"rotation":0,"texture":"#0"},"north":{"uv":[11.0,6.0,10.0,6.5],"tintindex":0,"rotation":0,"texture":"#0"},"west":{"uv":[8.75,3.125,8.5,3.625],"tintindex":0,"rotation":0,"texture":"#0"},"up":{"uv":[11.25,4.125,12.25,3.875],"tintindex":0,"rotation":0,"texture":"#0"},"down":{"uv":[11.25,5.375,12.25,5.625],"tintindex":0,"rotation":0,"texture":"#0"}},"rotation":{"origin":[1.4414101,23.102238,8.267645],"angle":-22.5,"axis":"z"}},{"from":[12.10641,11.279839,7.017645],"to":[14.10641,15.279839,9.517645],"faces":{"east":{"uv":[1.25,10.125,1.875,11.125],"tintindex":0,"rotation":0,"texture":"#0"},"south":{"uv":[7.0,10.5,7.5,11.5],"tintindex":0,"rotation":0,"texture":"#0"},"north":{"uv":[6.5,10.5,7.0,11.5],"tintindex":0,"rotation":0,"texture":"#0"},"west":{"uv":[1.875,10.125,2.5,11.125],"tintindex":0,"rotation":0,"texture":"#0"},"up":{"uv":[2.25,11.75,1.75,11.125],"tintindex":0,"rotation":0,"texture":"#0"},"down":{"uv":[11.625,8.25,11.125,8.875],"tintindex":0,"rotation":0,"texture":"#0"}},"rotation":{"origin":[14.15641,13.67984,8.267645],"angle":-22.5,"axis":"z"}},{"from":[17.051155,22.898533,7.817645],"to":[19.688656,23.848534,8.717646],"faces":{"east":{"uv":[9.75,2.875,10.0,3.125],"tintindex":0,"rotation":0,"texture":"#0"},"south":{"uv":[10.375,7.5,11.0,7.75],"tintindex":0,"rotation":0,"texture":"#0"},"north":{"uv":[8.5,9.75,9.125,10.0],"tintindex":0,"rotation":0,"texture":"#0"},"west":{"uv":[8.25,10.875,8.5,11.125],"tintindex":0,"rotation":0,"texture":"#0"},"up":{"uv":[7.875,11.75,7.25,11.5],"tintindex":0,"rotation":0,"texture":"#0"},"down":{"uv":[8.5,11.5,7.875,11.75],"tintindex":0,"rotation":0,"texture":"#0"}},"rotation":{"origin":[19.051155,22.623535,8.267645],"angle":45.0,"axis":"z"}},{"from":[16.5233,21.40224,7.767645],"to":[20.5233,22.40224,8.767645],"faces":{"east":{"uv":[2.25,11.125,2.5,11.375],"tintindex":0,"rotation":0,"texture":"#0"},"south":{"uv":[11.25,9.375,12.25,9.625],"tintindex":0,"rotation":0,"texture":"#0"},"north":{"uv":[11.25,5.625,12.25,5.875],"tintindex":0,"rotation":0,"texture":"#0"},"west":{"uv":[8.25,11.125,8.5,11.375],"tintindex":0,"rotation":0,"texture":"#0"},"up":{"uv":[12.375,7.25,11.375,7.0],"tintindex":0,"rotation":0,"texture":"#0"},"down":{"uv":[12.375,7.25,11.375,7.5],"tintindex":0,"rotation":0,"texture":"#0"}},"rotation":{"origin":[14.5233,23.102238,8.267645],"angle":22.5,"axis":"z"}},{"from":[1.7981801,17.494759,7.517645],"to":[3.79818,21.494759,9.017645],"faces":{"east":{"uv":[0.375,11.0,0.0,12.0],"tintindex":0,"rotation":0,"texture":"#0"},"south":{"uv":[10.5,10.625,10.0,11.625],"tintindex":0,"rotation":0,"texture":"#0"},"north":{"uv":[10.0,10.625,9.5,11.625],"tintindex":0,"rotation":0,"texture":"#0"},"west":{"uv":[4.25,6.875,3.875,7.875],"tintindex":0,"rotation":0,"texture":"#0"},"up":{"uv":[6.25,11.875,6.75,11.5],"tintindex":0,"rotation":0,"texture":"#0"},"down":{"uv":[6.75,11.5,7.25,11.875],"tintindex":0,"rotation":0,"texture":"#0"}},"rotation":{"origin":[2.79818,19.494759,8.267645],"angle":22.5,"axis":"z"}},{"from":[11.575305,14.651545,7.267645],"to":[13.575305,18.651543,9.267645],"faces":{"east":{"uv":[5.75,10.625,6.25,11.625],"tintindex":0,"rotation":0,"texture":"#0"},"south":{"uv":[8.5,10.625,9.0,11.625],"tintindex":0,"rotation":0,"texture":"#0"},"north":{"uv":[5.25,10.625,5.75,11.625],"tintindex":0,"rotation":0,"texture":"#0"},"west":{"uv":[9.0,10.625,9.5,11.625],"tintindex":0,"rotation":0,"texture":"#0"},"up":{"uv":[11.75,9.375,11.25,8.875],"tintindex":0,"rotation":0,"texture":"#0"},"down":{"uv":[11.875,6.5,11.375,7.0],"tintindex":0,"rotation":0,"texture":"#0"}},"rotation":{"origin":[12.908936,17.829136,8.267645],"angle":22.5,"axis":"z"}},{"from":[12.5233,20.40224,7.767645],"to":[16.5233,22.40224,8.767645],"faces":{"east":{"uv":[8.5,3.125,8.75,3.625],"tintindex":0,"rotation":0,"texture":"#0"},"south":{"uv":[10.25,9.0,11.25,9.5],"tintindex":0,"rotation":0,"texture":"#0"},"north":{"uv":[10.0,6.0,11.0,6.5],"tintindex":0,"rotation":0,"texture":"#0"},"west":{"uv":[6.5,10.0,6.75,10.5],"tintindex":0,"rotation":0,"texture":"#0"},"up":{"uv":[12.25,4.125,11.25,3.875],"tintindex":0,"rotation":0,"texture":"#0"},"down":{"uv":[12.25,5.375,11.25,5.625],"tintindex":0,"rotation":0,"texture":"#0"}},"rotation":{"origin":[14.5233,23.102238,8.267645],"angle":22.5,"axis":"z"}},{"from":[2.682355,10.955164,6.517645],"to":[6.682355,12.955164,10.017645],"faces":{"east":{"uv":[11.875,6.0,11.0,6.5],"tintindex":0,"rotation":0,"texture":"#0"},"south":{"uv":[11.5,4.125,10.5,4.625],"tintindex":0,"rotation":0,"texture":"#0"},"north":{"uv":[11.375,7.0,10.375,7.5],"tintindex":0,"rotation":0,"texture":"#0"},"west":{"uv":[5.125,11.0,4.25,11.5],"tintindex":0,"rotation":0,"texture":"#0"},"up":{"uv":[6.75,10.5,7.75,9.625],"tintindex":0,"rotation":0,"texture":"#0"},"down":{"uv":[9.75,2.0,10.75,2.875],"tintindex":0,"rotation":0,"texture":"#0"}},"rotation":{"origin":[3.982355,11.055164,8.267645],"angle":-22.5,"axis":"z"}},{"from":[9.282354,10.955164,6.517645],"to":[13.282355,12.955164,10.017645],"faces":{"east":{"uv":[4.25,11.0,5.125,11.5],"tintindex":0,"rotation":0,"texture":"#0"},"south":{"uv":[10.5,4.125,11.5,4.625],"tintindex":0,"rotation":0,"texture":"#0"},"north":{"uv":[10.375,7.0,11.375,7.5],"tintindex":0,"rotation":0,"texture":"#0"},"west":{"uv":[11.0,6.0,11.875,6.5],"tintindex":0,"rotation":0,"texture":"#0"},"up":{"uv":[7.75,10.5,6.75,9.625],"tintindex":0,"rotation":0,"texture":"#0"},"down":{"uv":[10.75,2.0,9.75,2.875],"tintindex":0,"rotation":0,"texture":"#0"}},"rotation":{"origin":[11.982355,11.055164,8.267645],"angle":22.5,"axis":"z"}},{"from":[5.482355,8.055164,6.017645],"to":[10.482355,12.055164,10.517645],"faces":{"east":{"uv":[5.25,14.5,6.375,15.5],"tintindex":0,"rotation":0,"texture":"#0"},"south":{"uv":[5.375,13.25,6.625,14.25],"tintindex":0,"rotation":0,