{"textures":{"0":"modelengine:entity/hollowhowl"},"elements":[{"from":[6.5,5.8706017,0.34943962],"to":[9.5,7.8706017,8.34944],"faces":{"east":{"uv":[12.5,4.375,11.5,4.625],"tintindex":0,"rotation":0,"texture":"#0"},"south":{"uv":[5.375,11.625,5.0,11.875],"tintindex":0,"rotation":0,"texture":"#0"},"north":{"uv":[12.0,3.5,11.625,3.75],"tintindex":0,"rotation":0,"texture":"#0"},"west":{"uv":[12.5,4.125,11.5,4.375],"tintindex":0,"rotation":0,"texture":"#0"},"up":{"uv":[0.375,12.125,0.75,11.125],"tintindex":0,"rotation":0,"texture":"#0"},"down":{"uv":[0.75,11.125,1.125,12.125],"tintindex":0,"rotation":0,"texture":"#0"}},"rotation":{"origin":[8.0,8.570599,4.3494396],"angle":-22.5,"axis":"x"}},{"from":[8.200001,1.9000015,-4.800001],"to":[8.200001,7.9000015,2.1999998],"faces":{"east":{"uv":[3.75,13.125,2.875,13.875],"tintindex":0,"rotation":0,"texture":"#0"},"west":{"uv":[3.75,12.125,2.875,12.875],"tintindex":0,"rotation":0,"texture":"#0"}},"rotation":{"origin":[4.200001,5.0,0.79999924],"angle":-22.5,"axis":"x"}}],"display":{"gui":{"rotation":[30,225,0]}}}