{"textures":{"0":"modelengine:entity/phantom_ghost"},"elements":[{"from":[7.9624996,7.4333334,7.591666],"to":[20.7625,8.433334,8.591666],"faces":{"east":{"uv":[3.25,8.25,3.125,8.375],"tintindex":0,"rotation":0,"texture":"#0"},"south":{"uv":[9.1875,4.9375,7.5625,5.0625],"tintindex":0,"rotation":0,"texture":"#0"},"north":{"uv":[3.375,7.4375,1.75,7.5625],"tintindex":0,"rotation":0,"texture":"#0"},"west":{"uv":[3.0625,8.25,2.9375,8.375],"tintindex":0,"rotation":0,"texture":"#0"},"up":{"uv":[7.5625,5.25,9.1875,5.125],"tintindex":0,"rotation":0,"texture":"#0"},"down":{"uv":[7.5625,5.3125,9.1875,5.4375],"tintindex":0,"rotation":0,"texture":"#0"}}},{"from":[7.987499,8.195833,14.329166],"to":[22.4875,8.195833,22.329166],"faces":{"up":{"uv":[1.625,1.0,3.4375,0.0],"tintindex":0,"rotation":0,"texture":"#0"},"down":{"uv":[1.625,0.0,3.4375,1.0],"tintindex":0,"rotation":0,"texture":"#0"}}},{"from":[7.987499,7.6958337,7.8291664],"to":[20.4875,8.195833,14.329166],"faces":{"east":{"uv":[7.25,7.625,6.4375,7.6875],"tintindex":0,"rotation":0,"texture":"#0"},"south":{"uv":[9.75,1.0,8.1875,1.0625],"tintindex":0,"rotation":0,"texture":"#0"},"north":{"uv":[9.75,0.875,8.1875,0.9375],"tintindex":0,"rotation":0,"texture":"#0"},"west":{"uv":[7.9375,0.75,7.125,0.8125],"tintindex":0,"rotation":0,"texture":"#0"},"up":{"uv":[4.8125,1.9375,6.375,1.125],"tintindex":0,"rotation":0,"texture":"#0"},"down":{"uv":[4.8125,1.125,6.375,1.9375],"tintindex":0,"rotation":0,"texture":"#0"}}}],"display":{"gui":{"rotation":[30,225,0]}}}