{"textures":{"0":"modelengine:entity/kitsune_inferno"},"elements":[{"from":[6.57,6.1387644,8.85385],"to":[10.57,13.138763,14.85385],"faces":{"east":{"uv":[10.5,8.75,9.75,9.625],"tintindex":0,"rotation":0,"texture":"#0"},"south":{"uv":[10.625,2.375,11.125,3.25],"tintindex":0,"rotation":0,"texture":"#0"},"north":{"uv":[3.25,10.5,3.75,11.375],"tintindex":0,"rotation":0,"texture":"#0"},"west":{"uv":[9.75,8.75,10.5,9.625],"tintindex":0,"rotation":0,"texture":"#0"},"up":{"uv":[4.375,11.5,3.875,10.75],"tintindex":0,"rotation":0,"texture":"#0"},"down":{"uv":[11.25,6.625,10.75,7.375],"tintindex":0,"rotation":0,"texture":"#0"}},"rotation":{"origin":[12.5825,14.534637,4.866845],"angle":45.0,"axis":"x"}},{"from":[6.5950003,4.316947,5.1029882],"to":[6.5950003,10.316947,12.102988],"faces":{"east":{"uv":[0.875,10.0,0.0,10.75],"tintindex":0,"rotation":0,"texture":"#0"},"west":{"uv":[0.0,10.0,0.875,10.75],"tintindex":0,"rotation":0,"texture":"#0"}},"rotation":{"origin":[12.5825,14.534637,4.866845],"angle":-22.5,"axis":"x"}}],"display":{"gui":{"rotation":[30,225,0]}}}