{"textures":{"0":"modelengine:entity/kitsune_inferno"},"elements":[{"from":[5.43,6.1387644,8.85385],"to":[9.43,13.138763,14.85385],"faces":{"east":{"uv":[10.5,8.75,9.75,9.625],"tintindex":0,"rotation":0,"texture":"#0"},"south":{"uv":[11.125,2.375,10.625,3.25],"tintindex":0,"rotation":0,"texture":"#0"},"north":{"uv":[3.75,10.5,3.25,11.375],"tintindex":0,"rotation":0,"texture":"#0"},"west":{"uv":[9.75,8.75,10.5,9.625],"tintindex":0,"rotation":0,"texture":"#0"},"up":{"uv":[3.875,11.5,4.375,10.75],"tintindex":0,"rotation":0,"texture":"#0"},"down":{"uv":[10.75,6.625,11.25,7.375],"tintindex":0,"rotation":0,"texture":"#0"}},"rotation":{"origin":[3.4175,14.534637,4.866845],"angle":45.0,"axis":"x"}},{"from":[9.405,4.316947,5.1029882],"to":[9.405,10.316947,12.102988],"faces":{"east":{"uv":[0.875,10.0,0.0,10.75],"tintindex":0,"rotation":0,"texture":"#0"},"west":{"uv":[0.0,10.0,0.875,10.75],"tintindex":0,"rotation":0,"texture":"#0"}},"rotation":{"origin":[3.4175,14.534637,4.866845],"angle":-22.5,"axis":"x"}}],"display":{"gui":{"rotation":[30,225,0]}}}