{"textures":{"0":"modelengine:entity/kitsune_inferno"},"elements":[{"from":[9.24375,2.4553437,10.162876],"to":[9.24375,9.455343,15.162876],"faces":{"east":{"uv":[8.5,10.125,7.875,11.0],"tintindex":0,"rotation":0,"texture":"#0"},"west":{"uv":[7.875,10.125,8.5,11.0],"tintindex":0,"rotation":0,"texture":"#0"}}},{"from":[5.26875,6.1659527,3.4230804],"to":[9.26875,13.165953,8.42308],"faces":{"east":{"uv":[7.75,10.125,7.125,11.0],"tintindex":0,"rotation":0,"texture":"#0"},"south":{"uv":[10.875,1.375,10.375,2.25],"tintindex":0,"rotation":0,"texture":"#0"},"north":{"uv":[9.125,10.125,8.625,11.0],"tintindex":0,"rotation":0,"texture":"#0"},"west":{"uv":[7.125,10.125,7.75,11.0],"tintindex":0,"rotation":0,"texture":"#0"},"up":{"uv":[6.25,11.5,6.75,10.875],"tintindex":0,"rotation":0,"texture":"#0"},"down":{"uv":[10.875,7.5,11.375,8.125],"tintindex":0,"rotation":0,"texture":"#0"}},"rotation":{"origin":[2.2562504,15.683921,18.620224],"angle":-22.5,"axis":"x"}}],"display":{"gui":{"rotation":[30,225,0]}}}