{"textures":{"0":"modelengine:entity/slime_winged"},"elements":[{"from":[-2.495738,8.874639,7.7374997],"to":[9.504262,10.874639,8.237499],"faces":{"east":{"uv":[1.625,3.75,1.75,4.0],"tintindex":0,"rotation":0,"texture":"#0"},"south":{"uv":[5.875,5.25,7.375,5.5],"tintindex":0,"rotation":0,"texture":"#0"},"north":{"uv":[7.375,5.25,5.875,5.5],"tintindex":0,"rotation":0,"texture":"#0"},"west":{"uv":[1.0,5.375,1.125,5.625],"tintindex":0,"rotation":0,"texture":"#0"},"up":{"uv":[8.0,0.75,6.5,0.625],"tintindex":0,"rotation":0,"texture":"#0"},"down":{"uv":[8.0,0.875,6.5,1.0],"tintindex":0,"rotation":0,"texture":"#0"}},"rotation":{"origin":[3.504262,10.874639,7.9874997],"angle":-22.5,"axis":"z"}},{"from":[-3.245738,-2.6253614,7.9874997],"to":[7.754262,13.374639,7.9874997],"faces":{"south":{"uv":[1.875,2.125,3.25,4.125],"tintindex":0,"rotation":0,"texture":"#0"},"north":{"uv":[3.25,2.125,1.875,4.125],"tintindex":0,"rotation":0,"texture":"#0"}},"rotation":{"origin":[4.004262,5.874638,7.9874997],"angle":-22.5,"axis":"z"}}],"display":{"gui":{"rotation":[30,225,0]}}}