{"textures":{"0":"modelengine:entity/slime_winged"},"elements":[{"from":[6.495738,8.874639,7.7374997],"to":[18.495739,10.874639,8.237499],"faces":{"east":{"uv":[1.125,5.375,1.0,5.625],"tintindex":0,"rotation":0,"texture":"#0"},"south":{"uv":[7.375,5.25,5.875,5.5],"tintindex":0,"rotation":0,"texture":"#0"},"north":{"uv":[5.875,5.25,7.375,5.5],"tintindex":0,"rotation":0,"texture":"#0"},"west":{"uv":[1.75,3.75,1.625,4.0],"tintindex":0,"rotation":0,"texture":"#0"},"up":{"uv":[6.5,0.75,8.0,0.625],"tintindex":0,"rotation":0,"texture":"#0"},"down":{"uv":[6.5,0.875,8.0,1.0],"tintindex":0,"rotation":0,"texture":"#0"}},"rotation":{"origin":[12.495738,10.874639,7.9874997],"angle":22.5,"axis":"z"}},{"from":[8.245738,-2.6253614,7.9874997],"to":[19.245739,13.374639,7.9874997],"faces":{"south":{"uv":[3.25,2.125,1.875,4.125],"tintindex":0,"rotation":0,"texture":"#0"},"north":{"uv":[1.875,2.125,3.25,4.125],"tintindex":0,"rotation":0,"texture":"#0"}},"rotation":{"origin":[11.995738,5.874638,7.9874997],"angle":22.5,"axis":"z"}}],"display":{"gui":{"rotation":[30,225,0]}}}