{"textures":{"0":"modelengine:entity/voiddragon"},"elements":[{"from":[1.2680001,0.24054909,6.4820657],"to":[7.3664002,8.371748,12.580465],"faces":{"east":{"uv":[1.875,8.71875,2.015625,8.90625],"tintindex":0,"rotation":0,"texture":"#0"},"south":{"uv":[8.71875,1.875,8.859375,2.0625],"tintindex":0,"rotation":0,"texture":"#0"},"north":{"uv":[1.5,8.71875,1.640625,8.90625],"tintindex":0,"rotation":0,"texture":"#0"},"west":{"uv":[2.6875,8.71875,2.828125,8.90625],"tintindex":0,"rotation":0,"texture":"#0"},"up":{"uv":[8.953125,5.234375,8.8125,5.09375],"tintindex":0,"rotation":0,"texture":"#0"},"down":{"uv":[8.953125,5.25,8.8125,5.390625],"tintindex":0,"rotation":0,"texture":"#0"}},"rotation":{"origin":[4.3172,4.3061485,9.531265],"angle":-22.5,"axis":"x"}},{"from":[1.9456,-7.271701,10.271341],"to":[6.6888003,0.859499,15.014542],"faces":{"east":{"uv":[8.8125,0.15625,8.921875,0.34375],"tintindex":0,"rotation":0,"texture":"#0"},"south":{"uv":[8.8125,0.34375,8.921875,0.53125],"tintindex":0,"rotation":0,"texture":"#0"},"north":{"uv":[8.78125,8.40625,8.890625,8.59375],"tintindex":0,"rotation":0,"texture":"#0"},"west":{"uv":[8.8125,1.6875,8.921875,1.875],"tintindex":0,"rotation":0,"texture":"#0"},"up":{"uv":[9.015625,0.109375,8.90625,0.0],"tintindex":0,"rotation":0,"texture":"#0"},"down":{"uv":[0.234375,8.90625,0.125,9.015625],"tintindex":0,"rotation":0,"texture":"#0"}},"rotation":{"origin":[4.3172,-3.2061014,12.642941],"angle":-22.5,"axis":"x"}}],"display":{"gui":{"rotation":[30,225,0]}}}