{"textures":{"0":"modelengine:entity/voiddragon"},"elements":[{"from":[9.311199,-7.271701,10.151341],"to":[14.0543995,0.859499,14.894541],"faces":{"east":{"uv":[8.921875,1.6875,8.8125,1.875],"tintindex":0,"rotation":0,"texture":"#0"},"south":{"uv":[8.921875,0.34375,8.8125,0.53125],"tintindex":0,"rotation":0,"texture":"#0"},"north":{"uv":[8.890625,8.40625,8.78125,8.59375],"tintindex":0,"rotation":0,"texture":"#0"},"west":{"uv":[8.921875,0.15625,8.8125,0.34375],"tintindex":0,"rotation":0,"texture":"#0"},"up":{"uv":[8.90625,0.109375,9.015625,0.0],"tintindex":0,"rotation":0,"texture":"#0"},"down":{"uv":[0.125,8.90625,0.234375,9.015625],"tintindex":0,"rotation":0,"texture":"#0"}},"rotation":{"origin":[11.6828,-3.2061014,12.522942],"angle":-22.5,"axis":"x"}},{"from":[8.6336,0.24054909,6.362066],"to":[14.732,8.371748,12.460466],"faces":{"east":{"uv":[2.828125,8.71875,2.6875,8.90625],"tintindex":0,"rotation":0,"texture":"#0"},"south":{"uv":[8.859375,1.875,8.71875,2.0625],"tintindex":0,"rotation":0,"texture":"#0"},"north":{"uv":[1.640625,8.71875,1.5,8.90625],"tintindex":0,"rotation":0,"texture":"#0"},"west":{"uv":[2.015625,8.71875,1.875,8.90625],"tintindex":0,"rotation":0,"texture":"#0"},"up":{"uv":[8.8125,5.234375,8.953125,5.09375],"tintindex":0,"rotation":0,"texture":"#0"},"down":{"uv":[8.8125,5.25,8.953125,5.390625],"tintindex":0,"rotation":0,"texture":"#0"}},"rotation":{"origin":[11.6828,4.3061485,9.411265],"angle":-22.5,"axis":"x"}}],"display":{"gui":{"rotation":[30,225,0]}}}