{"textures":{"0":"modelengine:entity/voiddragon"},"elements":[{"from":[6.24317,5.01157,20.168106],"to":[9.75683,8.52523,25.385628],"faces":{"east":{"uv":[7.34375,6.25,7.703125,6.5],"tintindex":0,"rotation":0,"texture":"#0"},"south":{"uv":[8.125,4.28125,8.375,4.53125],"tintindex":0,"rotation":0,"texture":"#0"},"north":{"uv":[8.125,4.03125,8.375,4.28125],"tintindex":0,"rotation":0,"texture":"#0"},"west":{"uv":[7.625,7.21875,7.984375,7.46875],"tintindex":0,"rotation":0,"texture":"#0"},"up":{"uv":[7.90625,4.703125,7.65625,4.34375],"tintindex":0,"rotation":0,"texture":"#0"},"down":{"uv":[7.90625,4.71875,7.65625,5.078125],"tintindex":0,"rotation":0,"texture":"#0"}},"rotation":{"origin":[8.0,6.7684,22.776867],"angle":45.0,"axis":"z"}},{"from":[5.7640343,3.854834,14.5214405],"to":[10.235966,8.326766,21.09416],"faces":{"east":{"uv":[7.1875,4.96875,7.640625,5.28125],"tintindex":0,"rotation":0,"texture":"#0"},"south":{"uv":[7.625,5.84375,7.9375,6.15625],"tintindex":0,"rotation":0,"texture":"#0"},"north":{"uv":[7.46875,7.53125,7.78125,7.84375],"tintindex":0,"rotation":0,"texture":"#0"},"west":{"uv":[7.1875,5.28125,7.640625,5.59375],"tintindex":0,"rotation":0,"texture":"#0"},"up":{"uv":[7.53125,3.203125,7.21875,2.75],"tintindex":0,"rotation":0,"texture":"#0"},"down":{"uv":[7.53125,3.21875,7.21875,3.671875],"tintindex":0,"rotation":0,"texture":"#0"}},"rotation":{"origin":[8.0,6.0908,17.8078],"angle":45.0,"axis":"z"}},{"from":[4.837867,6.0908,14.532734],"to":[11.162134,10.608134,21.082867],"faces":{"east":{"uv":[7.1875,4.34375,7.640625,4.65625],"tintindex":0,"rotation":0,"texture":"#0"},"south":{"uv":[7.1875,7.21875,7.625,7.53125],"tintindex":0,"rotation":0,"texture":"#0"},"north":{"uv":[6.75,7.21875,7.1875,7.53125],"tintindex":0,"rotation":0,"texture":"#0"},"west":{"uv":[7.1875,4.65625,7.640625,4.96875],"tintindex":0,"rotation":0,"texture":"#0"},"up":{"uv":[7.1875,5.390625,6.75,4.9375],"tintindex":0,"rotation":0,"texture":"#0"},"down":{"uv":[7.1875,5.40625,6.75,5.859375],"tintindex":0,"rotation":0,"texture":"#0"}}},{"from":[5.063733,6.9942665,24.019135],"to":[10.936267,10.156401,28.3106],"faces":{"east":{"uv":[5.96875,8.0625,6.265625,8.28125],"tintindex":0,"rotation":0,"texture":"#0"},"south":{"uv":[7.65625,5.3125,8.0625,5.53125],"tintindex":0,"rotation":0,"texture":"#0"},"north":{"uv":[7.65625,5.09375,8.0625,5.3125],"tintindex":0,"rotation":0,"texture":"#0"},"west":{"uv":[6.28125,8.0625,6.578125,8.28125],"tintindex":0,"rotation":0,"texture":"#0"},"up":{"uv":[7.75,1.046875,7.34375,0.75],"tintindex":0,"rotation":0,"texture":"#0"},"down":{"uv":[7.75,1.0625,7.34375,1.359375],"tintindex":0,"rotation":0,"texture":"#0"}}},{"from":[5.923746,4.9180126,24.007841],"to":[10.076254,9.070521,28.321896],"faces":{"east":{"uv":[7.71875,1.875,8.015625,2.15625],"tintindex":0,"rotation":0,"texture":"#0"},"south":{"uv":[7.90625,4.75,8.1875,5.03125],"tintindex":0,"rotation":0,"texture":"#0"},"north":{"uv":[7.8125,3.15625,8.09375,3.4375],"tintindex":0,"rotation":0,"texture":"#0"},"west":{"uv":[7.75,0.75,8.046875,1.03125],"tintindex":0,"rotation":0,"texture":"#0"},"up":{"uv":[8.03125,1.328125,7.75,1.03125],"tintindex":0,"rotation":0,"texture":"#0"},"down":{"uv":[8.03125,5.53125,7.75,5.828125],"tintindex":0,"rotation":0,"texture":"#0"}},"rotation":{"origin":[8.0,6.9942665,26.164867],"angle":45.0,"axis":"z"}},{"from":[5.5154667,6.7684,20.179401],"to":[10.484533,9.478801,25.374334],"faces":{"east":{"uv":[8.0625,3.5,8.421875,3.6875],"tintindex":0,"rotation":0,"texture":"#0"},"south":{"uv":[8.125,3.84375,8.46875,4.03125],"tintindex":0,"rotation":0,"texture":"#0"},"north":{"uv":[8.09375,3.15625,8.4375,3.34375],"tintindex":0,"rotation":0,"texture":"#0"},"west":{"uv":[3.90625,8.0625,4.265625,8.25],"tintindex":0,"rotation":0,"texture":"#0"},"up":{"uv":[7.6875,0.359375,7.34375,0.0],"tintindex":0,"rotation":0,"texture":"#0"},"down":{"uv":[7.6875,0.375,7.34375,0.734375],"tintindex":0,"rotation":0,"texture":"#0"}}},{"from":[8.0,10.608134,14.532734],"to":[8.0,15.125467,22.889801],"faces":{"east":{"uv":[7.328125,6.1875,6.75,6.5],"tintindex":0,"rotation":0,"texture":"#0"},"west":{"uv":[6.75,6.1875,7.328125,6.5],"tintindex":0,"rotation":0,"texture":"#0"}}},{"from":[8.0,9.478801,20.179401],"to":[8.0,12.1892,25.374334],"faces":{"east":{"uv":[5.015625,8.0625,4.65625,8.25],"tintindex":0,"rotation":0,"texture":"#0"},"west":{"uv":[4.65625,8.0625,5.015625,8.25],"tintindex":0,"rotation":0,"texture":"#0"}}},{"from":[8.0,10.156401,24.019135],"to":[8.0,13.318534,29.214066],"faces":{"east":{"uv":[8.359375,7.21875,8.0,7.4375],"tintindex":0,"rotation":0,"texture":"#0"},"west":{"uv":[8.0,7.21875,8.359375,7.4375],"tintindex":0,"rotation":0,"texture":"#0"}}}],"display":{"gui":{"rotation":[30,225,0]}}}