{"textures":{"0":"modelengine:entity/voiddragon"},"elements":[{"from":[10.676519,13.664516,11.662792],"to":[11.35412,18.407719,14.373192],"faces":{"east":{"uv":[6.5625,8.9375,6.625,9.046875],"tintindex":0,"rotation":0,"texture":"#0"},"south":{"uv":[3.09375,9.0625,3.109375,9.171875],"tintindex":0,"rotation":0,"texture":"#0"},"north":{"uv":[3.0625,9.0625,3.078125,9.171875],"tintindex":0,"rotation":0,"texture":"#0"},"west":{"uv":[6.625,8.9375,6.6875,9.046875],"tintindex":0,"rotation":0,"texture":"#0"},"up":{"uv":[4.578125,9.125,4.5625,9.0625],"tintindex":0,"rotation":0,"texture":"#0"},"down":{"uv":[4.671875,9.0625,4.65625,9.125],"tintindex":0,"rotation":0,"texture":"#0"}},"rotation":{"origin":[11.01532,16.036118,13.01799],"angle":22.5,"axis":"x"}},{"from":[4.30708,10.536982,-0.056030273],"to":[11.69292,13.648659,7.4562187],"faces":{"east":{"uv":[8.875,2.5625,9.046875,2.640625],"tintindex":0,"rotation":0,"texture":"#0"},"south":{"uv":[5.875,8.875,6.046875,8.953125],"tintindex":0,"rotation":0,"texture":"#0"},"north":{"uv":[8.03125,2.0625,8.203125,2.140625],"tintindex":0,"rotation":0,"texture":"#0"},"west":{"uv":[8.46875,8.875,8.640625,8.953125],"tintindex":0,"rotation":0,"texture":"#0"},"up":{"uv":[8.796875,0.546875,8.625,0.375],"tintindex":0,"rotation":0,"texture":"#0"},"down":{"uv":[8.796875,1.6875,8.625,1.859375],"tintindex":0,"rotation":0,"texture":"#0"}},"rotation":{"origin":[8.0,12.092819,3.7000923],"angle":-22.5,"axis":"x"}},{"from":[4.612,8.704819,-7.141506],"to":[6.6448,11.415218,-4.4311066],"faces":{"east":{"uv":[8.71875,8.40625,8.78125,8.46875],"tintindex":0,"rotation":0,"texture":"#0"},"south":{"uv":[9.03125,4.875,9.078125,4.9375],"tintindex":0,"rotation":0,"texture":"#0"},"north":{"uv":[9.03125,4.75,9.078125,4.8125],"tintindex":0,"rotation":0,"texture":"#0"},"west":{"uv":[1.5,9.03125,1.5625,9.09375],"tintindex":0,"rotation":0,"texture":"#0"},"up":{"uv":[5.890625,9.09375,5.84375,9.03125],"tintindex":0,"rotation":0,"texture":"#0"},"down":{"uv":[5.953125,9.03125,5.90625,9.09375],"tintindex":0,"rotation":0,"texture":"#0"}},"rotation":{"origin":[5.6284,10.06002,-5.7863045],"angle":22.5,"axis":"x"}},{"from":[4.3070803,12.445354,8.932987],"to":[5.66228,15.155754,12.998585],"faces":{"east":{"uv":[5.875,8.21875,5.96875,8.28125],"tintindex":0,"rotation":0,"texture":"#0"},"south":{"uv":[8.6875,8.28125,8.71875,8.34375],"tintindex":0,"rotation":0,"texture":"#0"},"north":{"uv":[8.59375,0.28125,8.625,0.34375],"tintindex":0,"rotation":0,"texture":"#0"},"west":{"uv":[8.53125,4.40625,8.625,4.46875],"tintindex":0,"rotation":0,"texture":"#0"},"up":{"uv":[6.75,8.15625,6.71875,8.0625],"tintindex":0,"rotation":0,"texture":"#0"},"down":{"uv":[6.75,8.15625,6.71875,8.25],"tintindex":0,"rotation":0,"texture":"#0"}},"rotation":{"origin":[4.98468,13.800556,10.965786],"angle":-22.5,"axis":"x"}},{"from":[9.66012,13.779015,-1.3748245],"to":[9.66012,17.167015,8.111572],"faces":{"east":{"uv":[8.84375,0.875,9.0625,0.953125],"tintindex":0,"rotation":0,"texture":"#0"},"west":{"uv":[8.84375,8.71875,9.0625,8.796875],"tintindex":0,"rotation":0,"texture":"#0"}},"rotation":{"origin":[9.66012,15.473015,3.3683739],"angle":-22.5,"axis":"x"}},{"from":[10.0328,12.445354,6.2140884],"to":[11.99784,15.155754,10.279686],"faces":{"east":{"uv":[8.96875,5.46875,9.0625,5.53125],"tintindex":0,"rotation":0,"texture":"#0"},"south":{"uv":[9.03125,7.0,9.078125,7.0625],"tintindex":0,"rotation":0,"texture":"#0"},"north":{"uv":[6.8125,9.03125,6.859375,9.09375],"tintindex":0,"rotation":0,"texture":"#0"},"west":{"uv":[8.96875,5.53125,9.0625,5.59375],"tintindex":0,"rotation":0,"texture":"#0"},"up":{"uv":[0.671875,9.125,0.625,9.03125],"tintindex":0,"rotation":0,"texture":"#0"},"down":{"uv":[0.734375,9.03125,0.6875,9.125],"tintindex":0,"rotation":0,"texture":"#0"}},"rotation":{"origin":[11.01532,13.800556,8.246887],"angle":22.5,"axis":"x"}},{"from":[3.2568002,4.738451,4.33659],"to":[5.2896,8.804052,8.402191],"faces":{"east":{"uv":[6.9375,7.90625,7.03125,8.0],"tintindex":0,"rotation":0,"texture":"#0"},"south":{"uv":[9.03125,0.09375,9.078125,0.1875],"tintindex":0,"rotation":0,"texture":"#0"},"north":{"uv":[0.09375,9.03125,0.140625,9.125],"tintindex":0,"rotation":0,"texture":"#0"},"west":{"uv":[7.46875,8.90625,7.5625,9.0],"tintindex":0,"rotation":0,"texture":"#0"},"up":{"uv":[0.203125,9.125,0.15625,9.03125],"tintindex":0,"rotation":0,"texture":"#0"},"down":{"uv":[9.078125,0.1875,9.03125,0.28125],"tintindex":0,"rotation":0,"texture":"#0"}},"rotation":{"origin":[4.2732,6.7712517,6.3693924],"angle":-45.0,"axis":"x"}},{"from":[4.2732,7.349619,-0.36550522],"to":[11.7268,12.092819,7.7656937],"faces":{"east":{"uv":[8.78125,6.59375,8.96875,6.703125],"tintindex":0,"rotation":0,"texture":"#0"},"south":{"uv":[8.84375,7.0,9.015625,7.109375],"tintindex":0,"rotation":0,"texture":"#0"},"north":{"uv":[8.84375,3.6875,9.015625,3.796875],"tintindex":0,"rotation":0,"texture":"#0"},"west":{"uv":[8.78125,7.1875,8.96875,7.296875],"tintindex":0,"rotation":0,"texture":"#0"},"up":{"uv":[8.734375,0.1875,8.5625,0.0],"tintindex":0,"rotation":0,"texture":"#0"},"down":{"uv":[0.828125,8.5625,0.65625,8.75],"tintindex":0,"rotation":0,"texture":"#0"}}},{"from":[10.33772,12.445354,8.932987],"to":[11.69292,15.155754,12.998585],"faces":{"east":{"uv":[8.96875,2.0,9.0625,2.0625],"tintindex":0,"rotation":0,"texture":"#0"},"south":{"uv":[2.5625,8.75,2.59375,8.8125],"tintindex":0,"rotation":0,"texture":"#0"},"north":{"uv":[1.0,8.75,1.03125,8.8125],"tintindex":0,"rotation":0,"texture":"#0"},"west":{"uv":[8.96875,4.8125,9.0625,4.875],"tintindex":0,"rotation":0,"texture":"#0"},"up":{"uv":[8.21875,2.65625,8.1875,2.5625],"tintindex":0,"rotation":0,"texture":"#0"},"down":{"uv":[7.3125,8.21875,7.28125,8.3125],"tintindex":0,"rotation":0,"texture":"#0"}},"rotation":{"origin":[11.01532,13.800556,10.965786],"angle":-22.5,"axis":"x"}},{"from":[3.9682803,11.408131,-1.7192955],"to":[6.00108,14.11853,7.767105],"faces":{"east":{"uv":[8.625,7.625,8.84375,7.6875],"tintindex":0,"rotation":0,"texture":"#0"},"south":{"uv":[9.03125,4.5625,9.078125,4.625],"tintindex":0,"rotation":0,"texture":"#0"},"north":{"uv":[9.03125,4.34375,9.078125,4.40625],"tintindex":0,"rotation":0,"texture":"#0"},"west":{"uv":[8.75,2.96875,8.96875,3.03125],"tintindex":0,"rotation":0,"texture":"#0"},"up":{"uv":[5.609375,9.09375,5.5625,8.875],"tintindex":0,"rotation":0,"texture":"#0"},"down":{"uv":[7.296875,8.875,7.25,9.09375],"tintindex":0,"rotation":0,"texture":"#0"}},"rotation":{"origin":[4.98468,12.763329,3.023903],"angle":-22.5,"axis":"x"}},{"from":[4.9508,7.349619,-6.4639053],"to":[11.0492,10.737619,-0.36550522],"faces":{"east":{"uv":[3.0,8.90625,3.140625,8.984375],"tintindex":0,"rotation":0,"texture":"#0"},"south":{"uv":[8.90625,3.40625,9.046875,3.484375],"tintindex":0,"rotation":0,"texture":"#0"},"north":{"uv":[8.6875,5.65625,8.828125,5.734375],"tintindex":0,"rotation":0,"texture":"#0"},"west":{"uv":[4.5,8.90625,4.640625,8.984375],"tintindex":0,"rotation":0,"texture":"#0"},"up":{"uv":[8.953125,4.703125,8.8125,4.5625],"tintindex":0,"rotation":0,"texture":"#0"},"down":{"uv":[8.953125,4.71875,8.8125,4.859375],"tintindex":0,"rotation":0,"texture":"#0"}}},{"from":[5.968,12.092819,5.055294],"to":[10.0336,24.96722,24.705694],"faces":{"east":{"uv":[7.25,1.6875,7.703125,1.984375],"tintindex":0,"rotation":0,"texture":"#0"},"south":{"uv":[7.46875,8.59375,7.5625,8.890625],"tintindex":0,"rotation":0,"texture":"#0"},"north":{"uv":[8.1875,8.5625,8.28125,8.859375],"tintindex":0,"rotation":0,"texture":"#0"},"west":{"uv":[7.25,2.0,7.703125,2.296875],"tintindex":0,"rotation":0,"texture":"#0"},"up":{"uv":[1.875,8.859375,1.78125,8.40625],"tintindex":0,"rotation":0,"texture":"#0"},"down":{"uv":[7.03125,8.40625,6.9375,8.859375],"tintindex":0,"rotation":0,"texture":"#0"}}},{"from":[13.282638,1.9288197,4.745819],"to":[13.282638,12.092819,15.587418],"faces":{"east":{"uv":[8.1875,7.4375,8.4375,7.671875],"tintindex":0,"rotation":0,"texture":"#0"},"west":{"uv":[8.4375,7.4375,8.1875,7.671875],"tintindex":0,"rotation":0,