{"textures":{"0":"modelengine:entity/voiddragon"},"elements":[{"from":[4.9507995,-10.660976,-3.8352757],"to":[11.0492,-4.562578,9.716724],"faces":{"east":{"uv":[1.46875,8.40625,1.609375,8.71875],"tintindex":0,"rotation":90,"texture":"#0"},"south":{"uv":[8.953125,7.3125,8.8125,7.453125],"tintindex":0,"rotation":0,"texture":"#0"},"north":{"uv":[7.171875,8.953125,7.03125,8.8125],"tintindex":0,"rotation":180,"texture":"#0"},"west":{"uv":[4.5,8.40625,4.640625,8.71875],"tintindex":0,"rotation":270,"texture":"#0"},"up":{"uv":[1.625,8.40625,1.765625,8.71875],"tintindex":0,"rotation":0,"texture":"#0"},"down":{"uv":[8.375,4.15625,8.515625,4.46875],"tintindex":0,"rotation":180,"texture":"#0"}}},{"from":[3.5955997,-2.6279945,-1.2693424],"to":[12.4044,9.568806,7.5394573],"faces":{"east":{"uv":[2.4375,8.21875,2.640625,8.5],"tintindex":0,"rotation":0,"texture":"#0"},"south":{"uv":[8.21875,2.5625,8.421875,2.84375],"tintindex":0,"rotation":0,"texture":"#0"},"north":{"uv":[2.21875,8.21875,2.421875,8.5],"tintindex":0,"rotation":0,"texture":"#0"},"west":{"uv":[2.65625,8.21875,2.859375,8.5],"tintindex":0,"rotation":0,"texture":"#0"},"up":{"uv":[8.609375,4.671875,8.40625,4.46875],"tintindex":0,"rotation":0,"texture":"#0"},"down":{"uv":[8.609375,6.25,8.40625,6.453125],"tintindex":0,"rotation":0,"texture":"#0"}},"rotation":{"origin":[8.0,3.4704056,3.1350574],"angle":45.0,"axis":"x"}},{"from":[4.2731996,-7.7822285,-7.778776],"to":[11.7268,0.34897232,-0.32517624],"faces":{"east":{"uv":[6.71875,8.5625,6.890625,8.75],"tintindex":0,"rotation":0,"texture":"#0"},"south":{"uv":[7.625,8.5625,7.796875,8.75],"tintindex":0,"rotation":0,"texture":"#0"},"north":{"uv":[0.84375,8.5625,1.015625,8.75],"tintindex":0,"rotation":0,"texture":"#0"},"west":{"uv":[7.8125,8.5625,7.984375,8.75],"tintindex":0,"rotation":0,"texture":"#0"},"up":{"uv":[8.796875,7.578125,8.625,7.40625],"tintindex":0,"rotation":0,"texture":"#0"},"down":{"uv":[8.828125,0.71875,8.65625,0.890625],"tintindex":0,"rotation":0,"texture":"#0"}},"rotation":{"origin":[8.0,-3.716629,-4.051977],"angle":45.0,"axis":"x"}}],"display":{"gui":{"rotation":[30,225,0]}}}