{"textures":{"0":"modelengine:entity/voiddragon"},"elements":[{"from":[3.5956001,-2.6279945,-0.26934433],"to":[12.4044,9.568806,8.539455],"faces":{"east":{"uv":[2.859375,8.21875,2.65625,8.5],"tintindex":0,"rotation":0,"texture":"#0"},"south":{"uv":[8.421875,2.5625,8.21875,2.84375],"tintindex":0,"rotation":0,"texture":"#0"},"north":{"uv":[2.421875,8.21875,2.21875,8.5],"tintindex":0,"rotation":0,"texture":"#0"},"west":{"uv":[2.640625,8.21875,2.4375,8.5],"tintindex":0,"rotation":0,"texture":"#0"},"up":{"uv":[8.40625,4.671875,8.609375,4.46875],"tintindex":0,"rotation":0,"texture":"#0"},"down":{"uv":[8.40625,6.25,8.609375,6.453125],"tintindex":0,"rotation":0,"texture":"#0"}},"rotation":{"origin":[8.0,3.4704056,4.1350555],"angle":45.0,"axis":"x"}},{"from":[4.2732,-7.7822285,-6.778778],"to":[11.726801,0.34897232,0.67482185],"faces":{"east":{"uv":[7.984375,8.5625,7.8125,8.75],"tintindex":0,"rotation":0,"texture":"#0"},"south":{"uv":[7.796875,8.5625,7.625,8.75],"tintindex":0,"rotation":0,"texture":"#0"},"north":{"uv":[1.015625,8.5625,0.84375,8.75],"tintindex":0,"rotation":0,"texture":"#0"},"west":{"uv":[6.890625,8.5625,6.71875,8.75],"tintindex":0,"rotation":0,"texture":"#0"},"up":{"uv":[8.625,7.578125,8.796875,7.40625],"tintindex":0,"rotation":0,"texture":"#0"},"down":{"uv":[8.65625,0.71875,8.828125,0.890625],"tintindex":0,"rotation":0,"texture":"#0"}},"rotation":{"origin":[8.0,-3.716629,-3.051979],"angle":45.0,"axis":"x"}},{"from":[4.9508,-10.660976,-2.8352776],"to":[11.0492,-4.562578,10.7167225],"faces":{"east":{"uv":[4.5,8.71875,4.640625,8.40625],"tintindex":0,"rotation":270,"texture":"#0"},"south":{"uv":[8.8125,7.3125,8.953125,7.453125],"tintindex":0,"rotation":0,"texture":"#0"},"north":{"uv":[7.03125,8.953125,7.171875,8.8125],"tintindex":0,"rotation":180,"texture":"#0"},"west":{"uv":[1.46875,8.71875,1.609375,8.40625],"tintindex":0,"rotation":90,"texture":"#0"},"up":{"uv":[1.765625,8.40625,1.625,8.71875],"tintindex":0,"rotation":0,"texture":"#0"},"down":{"uv":[8.515625,4.15625,8.375,4.46875],"tintindex":0,"rotation":180,"texture":"#0"}}}],"display":{"gui":{"rotation":[30,225,0]}}}