{"textures":{"0":"modelengine:entity/voiddragon"},"elements":[{"from":[3.5715222,4.2807217,-9.5768795],"to":[8.362878,9.072079,0.6548786],"faces":{"east":{"uv":[8.28125,8.71875,8.515625,8.828125],"tintindex":0,"rotation":0,"texture":"#0"},"south":{"uv":[0.0,8.90625,0.109375,9.015625],"tintindex":0,"rotation":0,"texture":"#0"},"north":{"uv":[8.65625,8.875,8.765625,8.984375],"tintindex":0,"rotation":0,"texture":"#0"},"west":{"uv":[8.71875,8.28125,8.953125,8.390625],"tintindex":0,"rotation":0,"texture":"#0"},"up":{"uv":[1.765625,8.953125,1.65625,8.71875],"tintindex":0,"rotation":0,"texture":"#0"},"down":{"uv":[3.265625,8.71875,3.15625,8.953125],"tintindex":0,"rotation":0,"texture":"#0"}},"rotation":{"origin":[5.9672003,6.676399,-4.4610004],"angle":45.0,"axis":"z"}},{"from":[1.9015999,6.676399,-0.73420143],"to":[10.0328,12.0972,10.785],"faces":{"east":{"uv":[8.53125,5.09375,8.796875,5.21875],"tintindex":0,"rotation":0,"texture":"#0"},"south":{"uv":[2.21875,8.75,2.40625,8.875],"tintindex":0,"rotation":0,"texture":"#0"},"north":{"uv":[0.8125,8.75,1.0,8.875],"tintindex":0,"rotation":0,"texture":"#0"},"west":{"uv":[8.53125,5.21875,8.796875,5.34375],"tintindex":0,"rotation":0,"texture":"#0"},"up":{"uv":[0.84375,8.546875,0.65625,8.28125],"tintindex":0,"rotation":0,"texture":"#0"},"down":{"uv":[1.03125,8.28125,0.84375,8.546875],"tintindex":0,"rotation":0,"texture":"#0"}}},{"from":[2.5791998,6.676399,-9.543001],"to":[9.3552,11.4196,0.6210003],"faces":{"east":{"uv":[8.59375,3.6875,8.828125,3.796875],"tintindex":0,"rotation":0,"texture":"#0"},"south":{"uv":[0.28125,8.875,0.4375,8.984375],"tintindex":0,"rotation":0,"texture":"#0"},"north":{"uv":[8.84375,8.8125,9.0,8.921875],"tintindex":0,"rotation":0,"texture":"#0"},"west":{"uv":[6.0625,8.71875,6.296875,8.828125],"tintindex":0,"rotation":0,"texture":"#0"},"up":{"uv":[3.4375,8.765625,3.28125,8.53125],"tintindex":0,"rotation":0,"texture":"#0"},"down":{"uv":[8.6875,4.15625,8.53125,4.390625],"tintindex":0,"rotation":0,"texture":"#0"}}},{"from":[3.0923872,3.8015862,-0.76807976],"to":[8.842013,9.551212,10.818878],"faces":{"east":{"uv":[8.53125,5.34375,8.796875,5.46875],"tintindex":0,"rotation":0,"texture":"#0"},"south":{"uv":[0.8125,8.875,0.9375,9.0],"tintindex":0,"rotation":0,"texture":"#0"},"north":{"uv":[0.4375,8.875,0.5625,9.0],"tintindex":0,"rotation":0,"texture":"#0"},"west":{"uv":[8.53125,6.125,8.796875,6.25],"tintindex":0,"rotation":0,"texture":"#0"},"up":{"uv":[6.71875,8.765625,6.59375,8.5],"tintindex":0,"rotation":0,"texture":"#0"},"down":{"uv":[2.21875,8.53125,2.09375,8.796875],"tintindex":0,"rotation":0,"texture":"#0"}},"rotation":{"origin":[5.9672003,6.676399,5.0253983],"angle":45.0,"axis":"z"}}],"display":{"gui":{"rotation":[30,225,0]}}}