{"textures":{"0":"modelengine:entity/voiddragon"},"elements":[{"from":[12.8048,7.6441994,6.3927],"to":[22.9688,11.709799,9.4419],"faces":{"east":{"uv":[8.6875,7.0,8.828125,7.1875],"tintindex":0,"rotation":0,"texture":"#0"},"south":{"uv":[7.6875,7.03125,8.15625,7.21875],"tintindex":0,"rotation":0,"texture":"#0"},"north":{"uv":[7.6875,0.5625,8.15625,0.75],"tintindex":0,"rotation":0,"texture":"#0"},"west":{"uv":[8.71875,1.03125,8.859375,1.21875],"tintindex":0,"rotation":0,"texture":"#0"},"up":{"uv":[8.53125,5.390625,8.0625,5.25],"tintindex":0,"rotation":0,"texture":"#0"},"down":{"uv":[5.96875,8.0625,5.5,8.203125],"tintindex":0,"rotation":0,"texture":"#0"}}},{"from":[8.0616,7.305399,6.0539],"to":[12.8048,12.048599,9.7807],"faces":{"east":{"uv":[8.5,5.53125,8.671875,5.75],"tintindex":0,"rotation":0,"texture":"#0"},"south":{"uv":[8.0625,8.34375,8.28125,8.5625],"tintindex":0,"rotation":0,"texture":"#0"},"north":{"uv":[7.84375,8.34375,8.0625,8.5625],"tintindex":0,"rotation":0,"texture":"#0"},"west":{"uv":[8.5,7.0,8.671875,7.21875],"tintindex":0,"rotation":0,"texture":"#0"},"up":{"uv":[2.09375,8.703125,1.875,8.53125],"tintindex":0,"rotation":0,"texture":"#0"},"down":{"uv":[8.75,2.65625,8.53125,2.828125],"tintindex":0,"rotation":0,"texture":"#0"}}}],"display":{"gui":{"rotation":[30,225,0]}}}