{"textures":{"0":"modelengine:entity/voiddragon"},"elements":[{"from":[-6.528799,7.6441994,6.3927],"to":[3.6352,11.709799,9.4419],"faces":{"east":{"uv":[5.46875,8.6875,5.609375,8.875],"tintindex":0,"rotation":0,"texture":"#0"},"south":{"uv":[7.6875,0.375,8.15625,0.5625],"tintindex":0,"rotation":0,"texture":"#0"},"north":{"uv":[7.6875,0.1875,8.15625,0.375],"tintindex":0,"rotation":0,"texture":"#0"},"west":{"uv":[8.6875,5.46875,8.828125,5.65625],"tintindex":0,"rotation":0,"texture":"#0"},"up":{"uv":[5.5,8.203125,5.03125,8.0625],"tintindex":0,"rotation":0,"texture":"#0"},"down":{"uv":[8.53125,5.09375,8.0625,5.234375],"tintindex":0,"rotation":0,"texture":"#0"}}},{"from":[3.6352,7.305399,6.0539],"to":[8.3784,12.048599,9.7807],"faces":{"east":{"uv":[2.6875,8.5,2.859375,8.71875],"tintindex":0,"rotation":0,"texture":"#0"},"south":{"uv":[7.625,8.34375,7.84375,8.5625],"tintindex":0,"rotation":0,"texture":"#0"},"north":{"uv":[6.71875,8.34375,6.9375,8.5625],"tintindex":0,"rotation":0,"texture":"#0"},"west":{"uv":[2.875,8.5,3.046875,8.71875],"tintindex":0,"rotation":0,"texture":"#0"},"up":{"uv":[5.21875,8.671875,5.0,8.5],"tintindex":0,"rotation":0,"texture":"#0"},"down":{"uv":[5.4375,8.5,5.21875,8.671875],"tintindex":0,"rotation":0,"texture":"#0"}}}],"display":{"gui":{"rotation":[30,225,0]}}}