{"textures":{"0":"modelengine:entity/nocsy_fpv2_boss"},"elements":[{"from":[14.3,9.5,-2.5],"to":[14.3,15.500004,6.5],"faces":{"east":{"uv":[7.625,1.0625,7.90625,1.25],"tintindex":0,"rotation":0,"texture":"#0"},"west":{"uv":[7.4375,7.625,7.71875,7.8125],"tintindex":0,"rotation":0,"texture":"#0"}},"rotation":{"origin":[13.5,12.500004,2.0],"angle":-22.5,"axis":"z"}},{"from":[2.5,9.5,-2.9000006],"to":[13.5,15.500004,-2.9000006],"faces":{"south":{"uv":[7.25,1.0625,7.59375,1.25],"tintindex":0,"rotation":0,"texture":"#0"},"north":{"uv":[7.21875,4.5625,7.5625,4.75],"tintindex":0,"rotation":0,"texture":"#0"}},"rotation":{"origin":[8.0,12.500004,-2.5],"angle":-22.5,"axis":"x"}},{"from":[1.6999998,9.5,-2.5],"to":[1.6999998,15.500004,6.5],"faces":{"east":{"uv":[7.5625,1.71875,7.84375,1.90625],"tintindex":0,"rotation":0,"texture":"#0"},"west":{"uv":[7.59375,4.5625,7.875,4.75],"tintindex":0,"rotation":0,"texture":"#0"}},"rotation":{"origin":[2.5,12.500004,2.0],"angle":22.5,"axis":"z"}},{"from":[2.4,2.4,-2.6],"to":[13.6,9.6,6.6],"faces":{"east":{"uv":[5.6875,7.3125,5.96875,7.53125],"tintindex":0,"rotation":0,"texture":"#0"},"south":{"uv":[7.125,6.3125,7.46875,6.53125],"tintindex":0,"rotation":0,"texture":"#0"},"north":{"uv":[7.125,6.0625,7.46875,6.28125],"tintindex":0,"rotation":0,"texture":"#0"},"west":{"uv":[6.0,7.3125,6.28125,7.53125],"tintindex":0,"rotation":0,"texture":"#0"},"up":{"uv":[7.15625,1.0625,6.8125,0.78125],"tintindex":0,"rotation":0,"texture":"#0"},"down":{"uv":[3.09375,6.8125,2.75,7.09375],"tintindex":0,"rotation":0,"texture":"#0"}}}],"display":{"gui":{"rotation":[30,225,0]}}}