{"textures":{"0":"modelengine:entity/nocsy_fpv2_boss"},"elements":[{"from":[5.566668,-0.76666796,-1.1],"to":[10.766667,15.433332,17.1],"faces":{"east":{"uv":[2.625,3.125,3.1875,3.625],"tintindex":0,"rotation":0,"texture":"#0"},"south":{"uv":[5.5,7.03125,5.65625,7.53125],"tintindex":0,"rotation":0,"texture":"#0"},"north":{"uv":[3.8125,3.125,3.96875,3.625],"tintindex":0,"rotation":0,"texture":"#0"},"west":{"uv":[0.0,3.21875,0.5625,3.71875],"tintindex":0,"rotation":0,"texture":"#0"},"up":{"uv":[0.5,7.375,0.34375,6.8125],"tintindex":0,"rotation":0,"texture":"#0"},"down":{"uv":[2.0625,6.8125,1.90625,7.375],"tintindex":0,"rotation":0,"texture":"#0"}}},{"from":[-3.333332,-0.66666794,1.0],"to":[10.666667,13.333332,15.0],"faces":{"east":{"uv":[4.40625,2.0625,4.84375,2.5],"tintindex":0,"rotation":0,"texture":"#0"},"south":{"uv":[4.40625,2.53125,4.84375,2.96875],"tintindex":0,"rotation":0,"texture":"#0"},"north":{"uv":[4.15625,0.53125,4.59375,0.96875],"tintindex":0,"rotation":0,"texture":"#0"},"west":{"uv":[4.40625,3.0,4.84375,3.4375],"tintindex":0,"rotation":0,"texture":"#0"},"up":{"uv":[0.90625,5.03125,0.46875,4.59375],"tintindex":0,"rotation":0,"texture":"#0"},"down":{"uv":[1.375,4.59375,0.9375,5.03125],"tintindex":0,"rotation":0,"texture":"#0"}}},{"from":[-1.3333321,-14.666666,3.0],"to":[7.666668,-0.66666794,13.0],"faces":{"east":{"uv":[0.59375,5.9375,0.90625,6.375],"tintindex":0,"rotation":0,"texture":"#0"},"south":{"uv":[1.9375,6.34375,2.21875,6.78125],"tintindex":0,"rotation":0,"texture":"#0"},"north":{"uv":[0.21875,6.34375,0.5,6.78125],"tintindex":0,"rotation":0,"texture":"#0"},"west":{"uv":[0.9375,5.9375,1.25,6.375],"tintindex":0,"rotation":0,"texture":"#0"},"up":{"uv":[7.125,1.6875,6.84375,1.375],"tintindex":0,"rotation":0,"texture":"#0"},"down":{"uv":[7.125,5.71875,6.84375,6.03125],"tintindex":0,"rotation":0,"texture":"#0"}}}],"display":{"gui":{"rotation":[30,225,0]}}}