{"textures":{"0":"modelengine:entity/nocsy_fpv2_boss"},"elements":[{"from":[3.1945174,-4.413574,4.5760145],"to":[13.174518,8.566425,15.556015],"faces":{"east":{"uv":[5.6875,4.90625,6.03125,5.3125],"tintindex":0,"rotation":0,"texture":"#0"},"south":{"uv":[6.0,2.53125,6.3125,2.9375],"tintindex":0,"rotation":0,"texture":"#0"},"north":{"uv":[6.0,2.09375,6.3125,2.5],"tintindex":0,"rotation":0,"texture":"#0"},"west":{"uv":[5.71875,1.21875,6.0625,1.625],"tintindex":0,"rotation":0,"texture":"#0"},"up":{"uv":[6.96875,2.0625,6.65625,1.71875],"tintindex":0,"rotation":0,"texture":"#0"},"down":{"uv":[6.96875,2.09375,6.65625,2.4375],"tintindex":0,"rotation":0,"texture":"#0"}}},{"from":[5.960361,-2.4235744,2.4589348],"to":[11.260361,8.576426,13.458935],"faces":{"east":{"uv":[0.53125,6.40625,0.875,6.75],"tintindex":0,"rotation":0,"texture":"#0"},"south":{"uv":[6.8125,7.53125,6.96875,7.875],"tintindex":0,"rotation":0,"texture":"#0"},"north":{"uv":[7.53125,5.0,7.6875,5.34375],"tintindex":0,"rotation":0,"texture":"#0"},"west":{"uv":[0.90625,6.40625,1.25,6.75],"tintindex":0,"rotation":0,"texture":"#0"},"up":{"uv":[7.71875,2.59375,7.5625,2.25],"tintindex":0,"rotation":0,"texture":"#0"},"down":{"uv":[5.59375,7.5625,5.4375,7.90625],"tintindex":0,"rotation":0,"texture":"#0"}},"rotation":{"origin":[6.960361,2.0764246,7.958935],"angle":-22.5,"axis":"y"}},{"from":[4.403156,-2.4335744,-0.61253333],"to":[9.723156,8.586426,10.407467],"faces":{"east":{"uv":[6.40625,4.90625,6.75,5.25],"tintindex":0,"rotation":0,"texture":"#0"},"south":{"uv":[5.8125,7.5625,5.96875,7.90625],"tintindex":0,"rotation":0,"texture":"#0"},"north":{"uv":[5.625,7.5625,5.78125,7.90625],"tintindex":0,"rotation":0,"texture":"#0"},"west":{"uv":[6.40625,5.28125,6.75,5.625],"tintindex":0,"rotation":0,"texture":"#0"},"up":{"uv":[6.15625,7.90625,6.0,7.5625],"tintindex":0,"rotation":0,"texture":"#0"},"down":{"uv":[2.5,7.59375,2.34375,7.9375],"tintindex":0,"rotation":0,"texture":"#0"}},"rotation":{"origin":[16.713156,2.0764246,4.897467],"angle":22.5,"axis":"y"}},{"from":[1.9845176,-4.949092,3.680348],"to":[13.984518,-0.9490919,18.680347],"faces":{"east":{"uv":[6.3125,7.3125,6.78125,7.4375],"tintindex":0,"rotation":0,"texture":"#0"},"south":{"uv":[7.9375,1.0625,8.3125,1.1875],"tintindex":0,"rotation":0,"texture":"#0"},"north":{"uv":[7.9375,0.0,8.3125,0.125],"tintindex":0,"rotation":0,"texture":"#0"},"west":{"uv":[7.09375,7.3125,7.5625,7.4375],"tintindex":0,"rotation":0,"texture":"#0"},"up":{"uv":[5.09375,1.9375,4.71875,1.46875],"tintindex":0,"rotation":0,"texture":"#0"},"down":{"uv":[3.21875,4.8125,2.84375,5.28125],"tintindex":0,"rotation":0,"texture":"#0"}},"rotation":{"origin":[9.584518,1.5509081,8.680347],"angle":22.5,"axis":"x"}}],"display":{"gui":{"rotation":[30,225,0]}}}