{"textures":{"0":"modelengine:entity/nocsy_fpv2_boss"},"elements":[{"from":[6.0441475,-4.2106447,4.586441],"to":[11.0441475,-1.2106438,7.086441],"faces":{"east":{"uv":[6.59375,8.3125,6.75,8.5],"tintindex":0,"rotation":0,"texture":"#0"},"south":{"uv":[2.65625,7.40625,2.96875,7.59375],"tintindex":0,"rotation":0,"texture":"#0"},"north":{"uv":[7.40625,2.625,7.71875,2.8125],"tintindex":0,"rotation":0,"texture":"#0"},"west":{"uv":[8.3125,7.96875,8.46875,8.15625],"tintindex":0,"rotation":0,"texture":"#0"},"up":{"uv":[8.0625,4.9375,7.75,4.78125],"tintindex":0,"rotation":0,"texture":"#0"},"down":{"uv":[8.0625,6.75,7.75,6.90625],"tintindex":0,"rotation":0,"texture":"#0"}}},{"from":[4.5549994,3.6549997,4.505],"to":[10.545,8.1449995,11.495],"faces":{"east":{"uv":[5.28125,0.625,5.71875,0.90625],"tintindex":0,"rotation":0,"texture":"#0"},"south":{"uv":[4.46875,6.71875,4.84375,7.0],"tintindex":0,"rotation":0,"texture":"#0"},"north":{"uv":[3.6875,4.28125,4.0625,4.5625],"tintindex":0,"rotation":0,"texture":"#0"},"west":{"uv":[5.5,4.09375,5.9375,4.375],"tintindex":0,"rotation":0,"texture":"#0"},"up":{"uv":[5.46875,0.4375,5.09375,0.0],"tintindex":0,"rotation":0,"texture":"#0"},"down":{"uv":[2.375,5.28125,2.0,5.71875],"tintindex":0,"rotation":0,"texture":"#0"}}},{"from":[5.0500813,-2.962206,4.591441],"to":[7.540081,0.027793884,7.081441],"faces":{"east":{"uv":[5.8125,8.3125,5.96875,8.5],"tintindex":0,"rotation":0,"texture":"#0"},"south":{"uv":[6.0,8.3125,6.15625,8.5],"tintindex":0,"rotation":0,"texture":"#0"},"north":{"uv":[2.65625,8.3125,2.8125,8.5],"tintindex":0,"rotation":0,"texture":"#0"},"west":{"uv":[6.40625,8.3125,6.5625,8.5],"tintindex":0,"rotation":0,"texture":"#0"},"up":{"uv":[8.59375,2.75,8.4375,2.59375],"tintindex":0,"rotation":0,"texture":"#0"},"down":{"uv":[8.59375,2.78125,8.4375,2.9375],"tintindex":0,"rotation":0,"texture":"#0"}},"rotation":{"origin":[8.670208,-1.0776033,7.359664],"angle":22.5,"axis":"z"}},{"from":[8.964295,-4.1149817,8.541441],"to":[11.454296,0.8750181,11.031441],"faces":{"east":{"uv":[7.1875,7.6875,7.34375,8.0],"tintindex":0,"rotation":0,"texture":"#0"},"south":{"uv":[7.71875,5.0,7.875,5.3125],"tintindex":0,"rotation":0,"texture":"#0"},"north":{"uv":[7.0,7.6875,7.15625,8.0],"tintindex":0,"rotation":0,"texture":"#0"},"west":{"uv":[7.75,2.25,7.90625,2.5625],"tintindex":0,"rotation":0,"texture":"#0"},"up":{"uv":[8.5625,7.09375,8.40625,6.9375],"tintindex":0,"rotation":0,"texture":"#0"},"down":{"uv":[7.125,8.40625,6.96875,8.5625],"tintindex":0,"rotation":0,"texture":"#0"}},"rotation":{"origin":[8.670208,-1.0776033,7.359664],"angle":22.5,"axis":"z"}},{"from":[4.8396053,-3.4703398,6.591441],"to":[7.329605,-0.48034,9.081441],"faces":{"east":{"uv":[8.25,0.34375,8.40625,0.53125],"tintindex":0,"rotation":0,"texture":"#0"},"south":{"uv":[4.09375,8.25,4.25,8.4375],"tintindex":0,"rotation":0,"texture":"#0"},"north":{"uv":[4.90625,6.25,5.0625,6.4375],"tintindex":0,"rotation":0,"texture":"#0"},"west":{"uv":[4.28125,8.25,4.4375,8.4375],"tintindex":0,"rotation":0,"texture":"#0"},"up":{"uv":[7.3125,8.5625,7.15625,8.40625],"tintindex":0,"rotation":0,"texture":"#0"},"down":{"uv":[7.5,8.40625,7.34375,8.5625],"tintindex":0,"rotation":0,"texture":"#0"}},"rotation":{"origin":[8.670208,-1.0776033,7.3096642],"angle":22.5,"axis":"z"}},{"from":[6.0441475,-4.2106447,8.586441],"to":[11.0441475,-1.2106438,11.086441],"faces":{"east":{"uv":[2.84375,0.875,3.0,1.0625],"tintindex":0,"rotation":0,"texture":"#0"},"south":{"uv":[3.0625,7.375,3.375,7.5625],"tintindex":0,"rotation":0,"texture":"#0"},"north":{"uv":[7.34375,3.625,7.65625,3.8125],"tintindex":0,"rotation":0,"texture":"#0"},"west":{"uv":[5.8125,2.09375,5.96875,2.28125],"tintindex":0,"rotation":0,"texture":"#0"},"up":{"uv":[0.78125,4.5625,0.46875,4.40625],"tintindex":0,"rotation":0,"texture":"#0"},"down":{"uv":[8.0,3.625,7.6875,3.78125],"tintindex":0,"rotation":0,"texture":"#0"}}},{"from":[5.0500813,-2.962206,8.591441],"to":[7.540081,0.027793884,11.081441],"faces":{"east":{"uv":[7.75,8.28125,7.90625,8.46875],"tintindex":0,"rotation":0,"texture":"#0"},"south":{"uv":[7.9375,8.28125,8.09375,8.46875],"tintindex":0,"rotation":0,"texture":"#0"},"north":{"uv":[6.21875,8.25,6.375,8.4375],"tintindex":0,"rotation":0,"texture":"#0"},"west":{"uv":[8.125,8.28125,8.28125,8.46875],"tintindex":0,"rotation":0,"texture":"#0"},"up":{"uv":[7.6875,8.5625,7.53125,8.40625],"tintindex":0,"rotation":0,"texture":"#0"},"down":{"uv":[8.46875,8.40625,8.3125,8.5625],"tintindex":0,"rotation":0,"texture":"#0"}},"rotation":{"origin":[8.670208,-1.0776033,7.359664],"angle":22.5,"axis":"z"}},{"from":[5.9775324,0.10543823,3.2996492],"to":[9.977532,2.1054382,5.7996492],"faces":{"east":{"uv":[2.84375,8.59375,3.0,8.71875],"tintindex":0,"rotation":0,"texture":"#0"},"south":{"uv":[6.15625,0.90625,6.40625,1.03125],"tintindex":0,"rotation":0,"texture":"#0"},"north":{"uv":[1.125,5.78125,1.375,5.90625],"tintindex":0,"rotation":0,"texture":"#0"},"west":{"uv":[3.53125,8.59375,3.6875,8.71875],"tintindex":0,"rotation":0,"texture":"#0"},"up":{"uv":[8.34375,4.59375,8.09375,4.4375],"tintindex":0,"rotation":0,"texture":"#0"},"down":{"uv":[8.34375,4.78125,8.09375,4.9375],"tintindex":0,"rotation":0,"texture":"#0"}}},{"from":[5.684575,-1.280385,5.561441],"to":[10.184575,2.719615,10.56144],"faces":{"east":{"uv":[3.53125,7.0625,3.84375,7.3125],"tintindex":0,"rotation":0,"texture":"#0"},"south":{"uv":[7.1875,0.65625,7.46875,0.90625],"tintindex":0,"rotation":0,"texture":"#0"},"north":{"uv":[7.15625,5.65625,7.4375,5.90625],"tintindex":0,"rotation":0,"texture":"#0"},"west":{"uv":[7.0625,4.84375,7.375,5.09375],"tintindex":0,"rotation":0,"texture":"#0"},"up":{"uv":[7.15625,4.1875,6.875,3.875],"tintindex":0,"rotation":0,"texture":"#0"},"down":{"uv":[7.15625,4.21875,6.875,4.53125],"tintindex":0,"rotation":0,"texture":"#0"}},"rotation":{"origin":[8.670208,-1.0776033,7.359664],"angle":22.5,"axis":"z"}},{"from":[4.45,1.6499996,4.0],"to":[11.45,3.1499996,12.0],"faces":{"east":{"uv":[7.9375,6.40625,8.4375,6.5],"tintindex":0,"rotation":0,"texture":"#0"},"south":{"uv":[8.0,5.34375,8.4375,5.4375],"tintindex":0,"rotation":0,"texture":"#0"},"north":{"uv":[7.75,7.96875,8.1875,8.0625],"tintindex":0,"rotation":0,"texture":"#0"},"west":{"uv":[7.9375,6.53125,8.4375,6.625],"tintindex":0,"rotation":0,"texture":"#0"},"up":{"uv":[2.25,4.65625,1.8125,4.15625],"tintindex":0,"rotation":0,"texture":"#0"},"down":{"uv":[2.71875,4.15625,2.28125,4.65625],"tintindex":0,"rotation":0,"texture":"#0"}},"rotation":{"origin":[7.549999,1.8999996,8.0],"angle":22.5,"axis":"z"}},{"from":[4.049999,6.6499996,4.0],"to":[11.049999,8.15,12.0],"faces":{"east":{"uv":[7.9375,5.6875,8.4375,5.78125],"tintindex":0,"rotation":0,"texture":"#0"},"south":{"uv":[7.96875,0.6875,8.40625,0.78125],"tintindex":0,"rotation":0,"texture":"#0"},"north":{"uv":[5.5,0.34375,5.9375,0.4375],"tintindex":0,"rotation":0,"texture":"#0"},"west":{"uv":[7.9375,5.8125,8.4375,5.90625],"tintindex":0,"rotation":0,"texture":"#0"},"up":{"uv":[4.5625,1.5,4.125,1.0],"tintindex":0,"rotation":0,"texture":"#0"},"down":{"uv":[4.59375,0.0,4.15625,0.5],"tintindex":0,"rotation":0,"texture":"#0"}}},{"from":[8.964295,-4.1149817,4.591441],"to":[11.454296,0.8750181,7.081441],"faces":{"east":{"uv":[7.75,7.625,7.90625,7.9375],"tintindex":0,"rotation":0,"texture":"#0"},"south":{"uv":[0.6875,7.8125,0.84375,8.125],"tintindex":0,"rotation":0,"texture":"#0"},"north":{"uv":[7.75,6.40625,7.90625,6.71875],"tintindex":0,"rotation":0,"texture":"#0"},"west":{"uv":[0.875,7.8125,1.03125,8.125],"tintindex":0,"rotation":0,"texture":"#0"},"up":{"uv":[8.59375,0.4375,8.4375,0.28125],"tintindex":0,"rotation":0,"texture":"#0"},"down":{"uv":[8.59375,0.6875,8.4375,0.84375],"tintindex":0,"rotation":0,"texture":"#0"}},"rotation":{"origin":[8.670208,-1.0776033,7.359664],"angle":22.5,"axis":"z"}},{"from":[9.20382,-4.6231155,6.591441],"to":[11.693819,0.36688423,9.081441],"faces":{"east":{"uv":[7.65625,4.0,7.8125,4.3125],"tintindex":0,"rotation":0,"texture":"#0"},