{"textures":{"0":"modelengine:entity/nocsy_fpv2_boss"},"elements":[{"from":[3.5032907,3.3548217,0.08104849],"to":[12.50329,7.3548217,14.081049],"faces":{"east":{"uv":[7.40625,3.0625,7.84375,3.1875],"tintindex":0,"rotation":0,"texture":"#0"},"south":{"uv":[1.96875,8.1875,2.25,8.3125],"tintindex":0,"rotation":0,"texture":"#0"},"north":{"uv":[5.78125,1.0625,6.0625,1.1875],"tintindex":0,"rotation":0,"texture":"#0"},"west":{"uv":[7.40625,7.0,7.84375,7.125],"tintindex":0,"rotation":0,"texture":"#0"},"up":{"uv":[4.0625,6.65625,3.78125,6.21875],"tintindex":0,"rotation":0,"texture":"#0"},"down":{"uv":[4.875,6.25,4.59375,6.6875],"tintindex":0,"rotation":0,"texture":"#0"}}},{"from":[0.9526303,3.3648217,-6.07697],"to":[7.28263,7.344822,0.2530291],"faces":{"east":{"uv":[0.4375,8.0,0.625,8.125],"tintindex":0,"rotation":0,"texture":"#0"},"south":{"uv":[8.4375,7.4375,8.625,7.5625],"tintindex":0,"rotation":0,"texture":"#0"},"north":{"uv":[6.375,6.09375,6.5625,6.21875],"tintindex":0,"rotation":0,"texture":"#0"},"west":{"uv":[8.46875,7.59375,8.65625,7.71875],"tintindex":0,"rotation":0,"texture":"#0"},"up":{"uv":[3.5625,8.1875,3.375,8.0],"tintindex":0,"rotation":0,"texture":"#0"},"down":{"uv":[3.09375,8.1875,2.90625,8.375],"tintindex":0,"rotation":0,"texture":"#0"}},"rotation":{"origin":[2.4426303,4.8548217,3.263029],"angle":-45.0,"axis":"y"}},{"from":[3.5132906,8.423401,1.889324],"to":[12.49329,11.4034,14.869324],"faces":{"east":{"uv":[8.1875,2.25,8.59375,2.34375],"tintindex":0,"rotation":0,"texture":"#0"},"south":{"uv":[5.6875,5.34375,5.96875,5.4375],"tintindex":0,"rotation":0,"texture":"#0"},"north":{"uv":[2.84375,4.6875,3.125,4.78125],"tintindex":0,"rotation":0,"texture":"#0"},"west":{"uv":[8.1875,2.375,8.59375,2.46875],"tintindex":0,"rotation":0,"texture":"#0"},"up":{"uv":[1.5625,6.96875,1.28125,6.5625],"tintindex":0,"rotation":0,"texture":"#0"},"down":{"uv":[6.84375,3.96875,6.5625,4.375],"tintindex":0,"rotation":0,"texture":"#0"}},"rotation":{"origin":[7.5032907,7.213401,5.879324],"angle":-45.0,"axis":"x"}}],"display":{"gui":{"rotation":[30,225,0]}}}