{"textures":{"1":"modelengine:entity/nocsy_fpv2_ghoul"},"elements":[{"from":[9.198084,5.8178024,-1.4772654],"to":[9.198084,8.817802,5.5227346],"faces":{"east":{"uv":[10.625,3.125,9.75,3.5],"tintindex":0,"rotation":0,"texture":"#1"},"west":{"uv":[5.875,9.625,5.0,10.0],"tintindex":0,"rotation":0,"texture":"#1"}},"rotation":{"origin":[8.935823,7.0519457,1.8794203],"angle":45.0,"axis":"z"}},{"from":[6.548645,5.814207,-1.4772654],"to":[6.548645,8.814207,5.5227346],"faces":{"east":{"uv":[10.625,3.625,9.75,4.0],"tintindex":0,"rotation":0,"texture":"#1"},"west":{"uv":[4.25,9.75,3.375,10.125],"tintindex":0,"rotation":0,"texture":"#1"}},"rotation":{"origin":[6.8145027,7.0519457,1.8794203],"angle":-45.0,"axis":"z"}},{"from":[6.3340364,5.3659806,4.468918],"to":[9.534037,8.565981,8.668919],"faces":{"east":{"uv":[10.5,4.875,10.0,5.25],"tintindex":0,"rotation":0,"texture":"#1"},"south":{"uv":[10.625,10.0,10.25,10.375],"tintindex":0,"rotation":0,"texture":"#1"},"north":{"uv":[10.625,9.5,10.25,9.875],"tintindex":0,"rotation":0,"texture":"#1"},"west":{"uv":[10.375,9.0,9.875,9.375],"tintindex":0,"rotation":0,"texture":"#1"},"up":{"uv":[10.125,4.625,10.5,4.125],"tintindex":0,"rotation":0,"texture":"#1"},"down":{"uv":[4.875,10.125,5.25,10.625],"tintindex":0,"rotation":0,"texture":"#1"}},"rotation":{"origin":[7.9365788,6.566127,6.57942],"angle":22.5,"axis":"x"}}],"display":{"gui":{"rotation":[30,225,0]}}}