{"textures":{"0":"modelengine:entity/nocsy_fpv2_boss"},"elements":[{"from":[4.739639,-2.4235744,2.4589348],"to":[10.0396385,8.576426,13.458935],"faces":{"east":{"uv":[6.4375,0.90625,6.78125,1.25],"tintindex":0,"rotation":0,"texture":"#0"},"south":{"uv":[3.1875,7.59375,3.34375,7.9375],"tintindex":0,"rotation":0,"texture":"#0"},"north":{"uv":[3.0,7.59375,3.15625,7.9375],"tintindex":0,"rotation":0,"texture":"#0"},"west":{"uv":[2.8125,6.4375,3.15625,6.78125],"tintindex":0,"rotation":0,"texture":"#0"},"up":{"uv":[3.90625,7.9375,3.75,7.59375],"tintindex":0,"rotation":0,"texture":"#0"},"down":{"uv":[4.09375,7.59375,3.9375,7.9375],"tintindex":0,"rotation":0,"texture":"#0"}},"rotation":{"origin":[9.0396385,2.0764246,7.958935],"angle":22.5,"axis":"y"}},{"from":[2.8254821,-4.413574,4.5760145],"to":[12.805483,8.566425,15.556015],"faces":{"east":{"uv":[2.28125,5.75,2.625,6.15625],"tintindex":0,"rotation":0,"texture":"#0"},"south":{"uv":[6.0,3.71875,6.3125,4.125],"tintindex":0,"rotation":0,"texture":"#0"},"north":{"uv":[3.4375,6.0,3.75,6.40625],"tintindex":0,"rotation":0,"texture":"#0"},"west":{"uv":[5.78125,0.625,6.125,1.03125],"tintindex":0,"rotation":0,"texture":"#0"},"up":{"uv":[6.96875,2.8125,6.65625,2.46875],"tintindex":0,"rotation":0,"texture":"#0"},"down":{"uv":[3.875,6.6875,3.5625,7.03125],"tintindex":0,"rotation":0,"texture":"#0"}}},{"from":[6.2768435,-2.4335744,-0.61253333],"to":[11.596844,8.586426,10.407467],"faces":{"east":{"uv":[3.1875,6.4375,3.53125,6.78125],"tintindex":0,"rotation":0,"texture":"#0"},"south":{"uv":[0.5,7.625,0.65625,7.96875],"tintindex":0,"rotation":0,"texture":"#0"},"north":{"uv":[4.9375,7.59375,5.09375,7.9375],"tintindex":0,"rotation":0,"texture":"#0"},"west":{"uv":[4.09375,6.4375,4.4375,6.78125],"tintindex":0,"rotation":0,"texture":"#0"},"up":{"uv":[2.0,7.96875,1.84375,7.625],"tintindex":0,"rotation":0,"texture":"#0"},"down":{"uv":[2.6875,7.625,2.53125,7.96875],"tintindex":0,"rotation":0,"texture":"#0"}},"rotation":{"origin":[-0.71315575,2.0764246,4.897467],"angle":-22.5,"axis":"y"}},{"from":[2.015482,-4.949092,3.680348],"to":[14.015482,-0.9490919,18.680347],"faces":{"east":{"uv":[1.21875,7.34375,1.6875,7.46875],"tintindex":0,"rotation":0,"texture":"#0"},"south":{"uv":[7.9375,3.40625,8.3125,3.53125],"tintindex":0,"rotation":0,"texture":"#0"},"north":{"uv":[7.9375,1.375,8.3125,1.5],"tintindex":0,"rotation":0,"texture":"#0"},"west":{"uv":[7.34375,2.0,7.8125,2.125],"tintindex":0,"rotation":0,"texture":"#0"},"up":{"uv":[5.25,3.03125,4.875,2.5625],"tintindex":0,"rotation":0,"texture":"#0"},"down":{"uv":[0.375,4.9375,0.0,5.40625],"tintindex":0,"rotation":0,"texture":"#0"}},"rotation":{"origin":[6.415482,1.5509081,8.680347],"angle":22.5,"axis":"x"}}],"display":{"gui":{"rotation":[30,225,0]}}}