{"textures":{"0":"modelengine:entity/nocsy_fpv2_boss"},"elements":[{"from":[5.333333,-0.66666794,1.0],"to":[19.333332,13.333332,15.0],"faces":{"east":{"uv":[4.59375,3.46875,5.03125,3.90625],"tintindex":0,"rotation":0,"texture":"#0"},"south":{"uv":[3.6875,4.59375,4.125,5.03125],"tintindex":0,"rotation":0,"texture":"#0"},"north":{"uv":[4.59375,1.0,5.03125,1.4375],"tintindex":0,"rotation":0,"texture":"#0"},"west":{"uv":[4.59375,3.9375,5.03125,4.375],"tintindex":0,"rotation":0,"texture":"#0"},"up":{"uv":[4.59375,5.03125,4.15625,4.59375],"tintindex":0,"rotation":0,"texture":"#0"},"down":{"uv":[5.0625,0.0,4.625,0.4375],"tintindex":0,"rotation":0,"texture":"#0"}}},{"from":[8.333332,-14.666666,3.0],"to":[17.333332,-0.66666794,13.0],"faces":{"east":{"uv":[3.09375,5.96875,3.40625,6.40625],"tintindex":0,"rotation":0,"texture":"#0"},"south":{"uv":[6.34375,2.40625,6.625,2.84375],"tintindex":0,"rotation":0,"texture":"#0"},"north":{"uv":[6.34375,1.9375,6.625,2.375],"tintindex":0,"rotation":0,"texture":"#0"},"west":{"uv":[6.0,0.0,6.3125,0.4375],"tintindex":0,"rotation":0,"texture":"#0"},"up":{"uv":[7.1875,3.59375,6.90625,3.28125],"tintindex":0,"rotation":0,"texture":"#0"},"down":{"uv":[7.25,0.0,6.96875,0.3125],"tintindex":0,"rotation":0,"texture":"#0"}}},{"from":[5.233333,-0.76666796,-1.1],"to":[10.433332,15.433332,17.1],"faces":{"east":{"uv":[0.59375,3.21875,1.15625,3.71875],"tintindex":0,"rotation":0,"texture":"#0"},"south":{"uv":[0.53125,7.09375,0.6875,7.59375],"tintindex":0,"rotation":0,"texture":"#0"},"north":{"uv":[7.0625,5.125,7.21875,5.625],"tintindex":0,"rotation":0,"texture":"#0"},"west":{"uv":[3.21875,3.125,3.78125,3.625],"tintindex":0,"rotation":0,"texture":"#0"},"up":{"uv":[7.09375,6.625,6.9375,6.0625],"tintindex":0,"rotation":0,"texture":"#0"},"down":{"uv":[7.09375,6.65625,6.9375,7.21875],"tintindex":0,"rotation":0,"texture":"#0"}}}],"display":{"gui":{"rotation":[30,225,0]}}}