{"textures":{"0":"modelengine:entity/nocsy_fpv2_boss"},"elements":[{"from":[9.450001,1.6499996,4.5],"to":[11.450001,3.6499996,11.5],"faces":{"east":{"uv":[0.71875,7.5,1.15625,7.625],"tintindex":0,"rotation":0,"texture":"#0"},"south":{"uv":[8.625,2.71875,8.75,2.84375],"tintindex":0,"rotation":0,"texture":"#0"},"north":{"uv":[3.59375,7.8125,3.71875,7.9375],"tintindex":0,"rotation":0,"texture":"#0"},"west":{"uv":[1.1875,7.5,1.625,7.625],"tintindex":0,"rotation":0,"texture":"#0"},"up":{"uv":[4.625,7.90625,4.5,7.46875],"tintindex":0,"rotation":0,"texture":"#0"},"down":{"uv":[6.78125,7.46875,6.65625,7.90625],"tintindex":0,"rotation":0,"texture":"#0"}}},{"from":[4.955852,-4.2106447,8.586441],"to":[9.9558525,-1.2106438,11.086441],"faces":{"east":{"uv":[8.3125,8.1875,8.46875,8.375],"tintindex":0,"rotation":0,"texture":"#0"},"south":{"uv":[7.40625,4.78125,7.71875,4.96875],"tintindex":0,"rotation":0,"texture":"#0"},"north":{"uv":[7.40625,2.84375,7.71875,3.03125],"tintindex":0,"rotation":0,"texture":"#0"},"west":{"uv":[0.40625,8.34375,0.5625,8.53125],"tintindex":0,"rotation":0,"texture":"#0"},"up":{"uv":[8.09375,0.34375,7.78125,0.1875],"tintindex":0,"rotation":0,"texture":"#0"},"down":{"uv":[8.15625,1.9375,7.84375,2.09375],"tintindex":0,"rotation":0,"texture":"#0"}}},{"from":[4.3061805,-4.6231155,6.591441],"to":[6.79618,0.36688423,9.081441],"faces":{"east":{"uv":[1.25,7.8125,1.40625,8.125],"tintindex":0,"rotation":0,"texture":"#0"},"south":{"uv":[7.8125,5.34375,7.96875,5.65625],"tintindex":0,"rotation":0,"texture":"#0"},"north":{"uv":[1.0625,7.8125,1.21875,8.125],"tintindex":0,"rotation":0,"texture":"#0"},"west":{"uv":[2.15625,7.84375,2.3125,8.15625],"tintindex":0,"rotation":0,"texture":"#0"},"up":{"uv":[8.59375,3.125,8.4375,2.96875],"tintindex":0,"rotation":0,"texture":"#0"},"down":{"uv":[8.59375,3.8125,8.4375,3.96875],"tintindex":0,"rotation":0,"texture":"#0"}},"rotation":{"origin":[7.329792,-1.0776033,7.359664],"angle":-22.5,"axis":"z"}},{"from":[7.450001,2.6499996,4.5],"to":[9.450001,3.6499996,11.5],"faces":{"east":{"uv":[8.28125,2.09375,8.71875,2.15625],"tintindex":0,"rotation":0,"texture":"#0"},"south":{"uv":[6.96875,0.34375,7.09375,0.40625],"tintindex":0,"rotation":0,"texture":"#0"},"north":{"uv":[5.5,4.90625,5.625,4.96875],"tintindex":0,"rotation":0,"texture":"#0"},"west":{"uv":[8.34375,0.0,8.78125,0.0625],"tintindex":0,"rotation":0,"texture":"#0"},"up":{"uv":[7.625,4.28125,7.5,3.84375],"tintindex":0,"rotation":0,"texture":"#0"},"down":{"uv":[7.625,6.0625,7.5,6.5],"tintindex":0,"rotation":0,"texture":"#0"}}},{"from":[4.55,1.6499996,4.0],"to":[11.55,3.1499996,12.0],"faces":{"east":{"uv":[7.9375,7.84375,8.4375,7.9375],"tintindex":0,"rotation":0,"texture":"#0"},"south":{"uv":[8.03125,4.0,8.46875,4.09375],"tintindex":0,"rotation":0,"texture":"#0"},"north":{"uv":[8.03125,3.6875,8.46875,3.78125],"tintindex":0,"rotation":0,"texture":"#0"},"west":{"uv":[7.96875,0.5625,8.46875,0.65625],"tintindex":0,"rotation":0,"texture":"#0"},"up":{"uv":[3.65625,4.78125,3.21875,4.28125],"tintindex":0,"rotation":0,"texture":"#0"},"down":{"uv":[0.4375,4.40625,0.0,4.90625],"tintindex":0,"rotation":0,"texture":"#0"}},"rotation":{"origin":[8.450001,1.8999996,8.0],"angle":-22.5,"axis":"z"}},{"from":[6.0224676,0.10543823,3.2996492],"to":[10.022468,2.1054382,5.7996492],"faces":{"east":{"uv":[3.8125,8.59375,3.96875,8.71875],"tintindex":0,"rotation":0,"texture":"#0"},"south":{"uv":[5.375,8.21875,5.625,8.34375],"tintindex":0,"rotation":0,"texture":"#0"},"north":{"uv":[3.8125,8.21875,4.0625,8.34375],"tintindex":0,"rotation":0,"texture":"#0"},"west":{"uv":[5.3125,8.59375,5.46875,8.71875],"tintindex":0,"rotation":0,"texture":"#0"},"up":{"uv":[0.6875,8.3125,0.4375,8.15625],"tintindex":0,"rotation":0,"texture":"#0"},"down":{"uv":[0.96875,8.15625,0.71875,8.3125],"tintindex":0,"rotation":0,"texture":"#0"}}},{"from":[8.670395,-3.4703398,6.591441],"to":[11.160395,-0.48034,9.081441],"faces":{"east":{"uv":[0.78125,8.34375,0.9375,8.53125],"tintindex":0,"rotation":0,"texture":"#0"},"south":{"uv":[0.96875,8.34375,1.125,8.53125],"tintindex":0,"rotation":0,"texture":"#0"},"north":{"uv":[0.59375,8.34375,0.75,8.53125],"tintindex":0,"rotation":0,"texture":"#0"},"west":{"uv":[8.34375,1.0,8.5,1.1875],"tintindex":0,"rotation":0,"texture":"#0"},"up":{"uv":[8.59375,5.3125,8.4375,5.15625],"tintindex":0,"rotation":0,"texture":"#0"},"down":{"uv":[2.34375,8.46875,2.1875,8.625],"tintindex":0,"rotation":0,"texture":"#0"}},"rotation":{"origin":[7.329792,-1.0776033,7.3096642],"angle":-22.5,"axis":"z"}},{"from":[8.459919,-2.962206,4.591441],"to":[10.949919,0.027793884,7.081441],"faces":{"east":{"uv":[6.78125,8.34375,6.9375,8.53125],"tintindex":0,"rotation":0,"texture":"#0"},"south":{"uv":[3.8125,8.375,3.96875,8.5625],"tintindex":0,"rotation":0,"texture":"#0"},"north":{"uv":[5.1875,8.34375,5.34375,8.53125],"tintindex":0,"rotation":0,"texture":"#0"},"west":{"uv":[8.375,4.4375,8.53125,4.625],"tintindex":0,"rotation":0,"texture":"#0"},"up":{"uv":[6.34375,8.625,6.1875,8.46875],"tintindex":0,"rotation":0,"texture":"#0"},"down":{"uv":[8.625,6.375,8.46875,6.53125],"tintindex":0,"rotation":0,"texture":"#0"}},"rotation":{"origin":[7.329792,-1.0776033,7.359664],"angle":-22.5,"axis":"z"}},{"from":[5.4550004,3.6549997,4.505],"to":[11.445001,8.1449995,11.495],"faces":{"east":{"uv":[6.34375,3.65625,6.78125,3.9375],"tintindex":0,"rotation":0,"texture":"#0"},"south":{"uv":[0.53125,6.78125,0.90625,7.0625],"tintindex":0,"rotation":0,"texture":"#0"},"north":{"uv":[6.09375,6.71875,6.46875,7.0],"tintindex":0,"rotation":0,"texture":"#0"},"west":{"uv":[6.375,5.78125,6.8125,6.0625],"tintindex":0,"rotation":0,"texture":"#0"},"up":{"uv":[2.78125,5.71875,2.40625,5.28125],"tintindex":0,"rotation":0,"texture":"#0"},"down":{"uv":[5.65625,5.0,5.28125,5.4375],"tintindex":0,"rotation":0,"texture":"#0"}}},{"from":[5.815425,-1.280385,5.561441],"to":[10.315425,2.719615,10.56144],"faces":{"east":{"uv":[3.125,7.09375,3.4375,7.34375],"tintindex":0,"rotation":0,"texture":"#0"},"south":{"uv":[7.1875,4.15625,7.46875,4.40625],"tintindex":0,"rotation":0,"texture":"#0"},"north":{"uv":[7.1875,3.875,7.46875,4.125],"tintindex":0,"rotation":0,"texture":"#0"},"west":{"uv":[2.71875,7.125,3.03125,7.375],"tintindex":0,"rotation":0,"texture":"#0"},"up":{"uv":[6.0,7.28125,5.71875,6.96875],"tintindex":0,"rotation":0,"texture":"#0"},"down":{"uv":[6.78125,6.96875,6.5,7.28125],"tintindex":0,"rotation":0,"texture":"#0"}},"rotation":{"origin":[7.329792,-1.0776033,7.359664],"angle":-22.5,"axis":"z"}},{"from":[4.9500003,6.6499996,4.0],"to":[11.950001,8.15,12.0],"faces":{"east":{"uv":[7.9375,7.59375,8.4375,7.6875],"tintindex":0,"rotation":0,"texture":"#0"},"south":{"uv":[8.03125,3.5625,8.46875,3.65625],"tintindex":0,"rotation":0,"texture":"#0"},"north":{"uv":[8.0,5.46875,8.4375,5.5625],"tintindex":0,"rotation":0,"texture":"#0"},"west":{"uv":[7.9375,7.71875,8.4375,7.8125],"tintindex":0,"rotation":0,"texture":"#0"},"up":{"uv":[3.1875,4.65625,2.75,4.15625],"tintindex":0,"rotation":0,"texture":"#0"},"down":{"uv":[4.6875,1.53125,4.25,2.03125],"tintindex":0,"rotation":0,"texture":"#0"}}},{"from":[4.5457044,-4.1149817,4.591441],"to":[7.0357046,0.8750181,7.081441],"faces":{"east":{"uv":[0.25,7.875,0.40625,8.1875],"tintindex":0,"rotation":0,"texture":"#0"},"south":{"uv":[7.875,6.9375,8.03125,7.25],"tintindex":0,"rotation":0,"texture":"#0"},"north":{"uv":[7.5625,7.84375,7.71875,8.15625],"tintindex":0,"rotation":0,"texture":"#0"},"west":{"uv":[7.90625,4.34375,8.0625,4.65625],"tintindex":0,"rotation":0,"texture":"#0"},"up":{"uv":[4.53125,8.625,4.375,8.46875],"tintindex":0,"rotation":0,"texture":"#0"},"down":{"uv":[8.625,5.34375,8.46875,5.5],"tintindex":0,"rotation":0,"texture":"#0"}},"rotation":{"origin":[7.329792,-1.0776033,7.359664],"angle":-22.5,"axis":"z"}},{"from":[4.3482037,-0.14456177,3.588561],"to":[8.348204,2.3554382,6.088561],"faces":{"east":{"uv":[8.46875,5.53125,8.625,5.6875],"tintindex":0,"rotation":0,"texture":"#0"},"south":{"uv":[1.0,8.15625,1.25,8.3125],"tintindex":0,