{"textures":{"0":"modelengine:entity/nocsy_fpv2_boss"},"elements":[{"from":[3.5067098,8.423401,1.889324],"to":[12.48671,11.4034,14.869324],"faces":{"east":{"uv":[2.46875,8.1875,2.875,8.28125],"tintindex":0,"rotation":0,"texture":"#0"},"south":{"uv":[8.34375,1.375,8.625,1.46875],"tintindex":0,"rotation":0,"texture":"#0"},"north":{"uv":[6.40625,5.65625,6.6875,5.75],"tintindex":0,"rotation":0,"texture":"#0"},"west":{"uv":[8.1875,3.15625,8.59375,3.25],"tintindex":0,"rotation":0,"texture":"#0"},"up":{"uv":[6.84375,4.8125,6.5625,4.40625],"tintindex":0,"rotation":0,"texture":"#0"},"down":{"uv":[5.6875,6.59375,5.40625,7.0],"tintindex":0,"rotation":0,"texture":"#0"}},"rotation":{"origin":[8.49671,7.213401,5.879324],"angle":-45.0,"axis":"x"}},{"from":[3.4967098,3.3548217,0.08104849],"to":[12.49671,7.3548217,14.081049],"faces":{"east":{"uv":[7.4375,0.5,7.875,0.625],"tintindex":0,"rotation":0,"texture":"#0"},"south":{"uv":[6.78125,8.1875,7.0625,8.3125],"tintindex":0,"rotation":0,"texture":"#0"},"north":{"uv":[5.0625,8.1875,5.34375,8.3125],"tintindex":0,"rotation":0,"texture":"#0"},"west":{"uv":[7.46875,5.78125,7.90625,5.90625],"tintindex":0,"rotation":0,"texture":"#0"},"up":{"uv":[6.59375,6.6875,6.3125,6.25],"tintindex":0,"rotation":0,"texture":"#0"},"down":{"uv":[6.625,0.0,6.34375,0.4375],"tintindex":0,"rotation":0,"texture":"#0"}}},{"from":[8.71737,3.3648217,-6.07697],"to":[15.047369,7.344822,0.2530291],"faces":{"east":{"uv":[0.15625,8.5,0.34375,8.625],"tintindex":0,"rotation":0,"texture":"#0"},"south":{"uv":[8.5,0.46875,8.6875,0.59375],"tintindex":0,"rotation":0,"texture":"#0"},"north":{"uv":[8.46875,7.75,8.65625,7.875],"tintindex":0,"rotation":0,"texture":"#0"},"west":{"uv":[3.03125,8.5,3.21875,8.625],"tintindex":0,"rotation":0,"texture":"#0"},"up":{"uv":[3.78125,8.375,3.59375,8.1875],"tintindex":0,"rotation":0,"texture":"#0"},"down":{"uv":[7.28125,8.1875,7.09375,8.375],"tintindex":0,"rotation":0,"texture":"#0"}},"rotation":{"origin":[13.557369,4.8548217,3.263029],"angle":45.0,"axis":"y"}}],"display":{"gui":{"rotation":[30,225,0]}}}