{"textures":{"0":"modelengine:entity/nocsy_moblin"},"elements":[{"from":[1.5,2.4000015,2.3500004],"to":[14.5,12.400002,13.35],"faces":{"east":{"uv":[5.75,1.5,6.4375,2.125],"tintindex":0,"rotation":0,"texture":"#0"},"south":{"uv":[5.125,2.25,5.9375,2.875],"tintindex":0,"rotation":0,"texture":"#0"},"north":{"uv":[0.0,5.125,0.8125,5.75],"tintindex":0,"rotation":0,"texture":"#0"},"west":{"uv":[5.75,3.6875,6.4375,4.3125],"tintindex":0,"rotation":0,"texture":"#0"},"up":{"uv":[3.6875,5.3125,2.875,4.625],"tintindex":0,"rotation":0,"texture":"#0"},"down":{"uv":[5.6875,3.75,4.875,4.4375],"tintindex":0,"rotation":0,"texture":"#0"}}},{"from":[1.5,-8.599998,1.9500003],"to":[14.5,9.400002,1.9500003],"faces":{"south":{"uv":[1.9375,4.0,1.125,5.125],"tintindex":0,"rotation":0,"texture":"#0"},"north":{"uv":[1.125,4.0,1.9375,5.125],"tintindex":0,"rotation":0,"texture":"#0"}}},{"from":[1.5,-8.599998,13.362034],"to":[14.5,9.400002,13.362034],"faces":{"south":{"uv":[4.25,2.5625,5.0625,3.6875],"tintindex":0,"rotation":0,"texture":"#0"},"north":{"uv":[5.0625,2.5625,4.25,3.6875],"tintindex":0,"rotation":0,"texture":"#0"}}}],"display":{"gui":{"rotation":[30,225,0]}}}