{"textures":{"0":"modelengine:entity/nocsy_moblin"},"elements":[{"from":[11.05092,20.31732,7.4953127],"to":[15.040919,23.807322,12.485312],"faces":{"east":{"uv":[8.4375,0.5,9.0625,0.9375],"tintindex":0,"rotation":0,"texture":"#0"},"south":{"uv":[8.8125,5.5625,9.3125,6.0],"tintindex":0,"rotation":0,"texture":"#0"},"north":{"uv":[8.8125,2.5,9.3125,2.9375],"tintindex":0,"rotation":0,"texture":"#0"},"west":{"uv":[8.4375,3.75,9.0625,4.1875],"tintindex":0,"rotation":0,"texture":"#0"},"up":{"uv":[8.375,4.5625,7.875,3.9375],"tintindex":0,"rotation":0,"texture":"#0"},"down":{"uv":[7.5,7.875,7.0,8.5],"tintindex":0,"rotation":0,"texture":"#0"}},"rotation":{"origin":[11.34592,22.06232,9.740313],"angle":-22.5,"axis":"z"}},{"from":[5.9884515,19.843914,5.240313],"to":[9.988451,23.343914,9.240313],"faces":{"east":{"uv":[8.75,1.0,9.25,1.4375],"tintindex":0,"rotation":0,"texture":"#0"},"south":{"uv":[8.75,1.5,9.25,1.9375],"tintindex":0,"rotation":0,"texture":"#0"},"north":{"uv":[8.6875,5.0625,9.1875,5.5],"tintindex":0,"rotation":0,"texture":"#0"},"west":{"uv":[8.75,2.0,9.25,2.4375],"tintindex":0,"rotation":0,"texture":"#0"},"up":{"uv":[4.3125,8.9375,3.8125,8.4375],"tintindex":0,"rotation":0,"texture":"#0"},"down":{"uv":[4.875,8.4375,4.375,8.9375],"tintindex":0,"rotation":0,"texture":"#0"}},"rotation":{"origin":[7.7384515,21.843914,7.240313],"angle":22.5,"axis":"x"}},{"from":[4.2384515,13.293916,7.990313],"to":[11.738451,23.793915,12.490313],"faces":{"east":{"uv":[4.25,3.75,4.8125,5.0625],"tintindex":0,"rotation":0,"texture":"#0"},"south":{"uv":[3.375,0.0,4.3125,1.3125],"tintindex":0,"rotation":0,"texture":"#0"},"north":{"uv":[3.125,2.125,4.0625,3.4375],"tintindex":0,"rotation":0,"texture":"#0"},"west":{"uv":[4.375,0.0,4.9375,1.3125],"tintindex":0,"rotation":0,"texture":"#0"},"up":{"uv":[5.8125,5.0625,4.875,4.5],"tintindex":0,"rotation":0,"texture":"#0"},"down":{"uv":[5.9375,0.0,5.0,0.5625],"tintindex":0,"rotation":0,"texture":"#0"}}},{"from":[0.93598366,20.31732,7.4953127],"to":[4.9259834,23.807322,12.485312],"faces":{"east":{"uv":[8.125,0.0,8.75,0.4375],"tintindex":0,"rotation":0,"texture":"#0"},"south":{"uv":[8.8125,0.0,9.3125,0.4375],"tintindex":0,"rotation":0,"texture":"#0"},"north":{"uv":[8.75,7.8125,9.25,8.25],"tintindex":0,"rotation":0,"texture":"#0"},"west":{"uv":[8.125,5.875,8.75,6.3125],"tintindex":0,"rotation":0,"texture":"#0"},"up":{"uv":[8.25,8.4375,7.75,7.8125],"tintindex":0,"rotation":0,"texture":"#0"},"down":{"uv":[8.375,0.5625,7.875,1.1875],"tintindex":0,"rotation":0,"texture":"#0"}},"rotation":{"origin":[4.6309834,22.06232,9.740313],"angle":22.5,"axis":"z"}},{"from":[1.4884515,7.093915,12.590313],"to":[14.488451,23.593914,12.590313],"faces":{"south":{"uv":[1.6875,0.0,3.3125,2.0625],"tintindex":0,"rotation":0,"texture":"#0"},"north":{"uv":[0.0,0.0,1.625,2.0625],"tintindex":0,"rotation":0,"texture":"#0"}}},{"from":[8.589727,11.432575,8.000313],"to":[10.069727,14.412574,12.480312],"faces":{"east":{"uv":[4.375,9.0,4.9375,9.375],"tintindex":0,"rotation":0,"texture":"#0"},"south":{"uv":[1.5,9.8125,1.6875,10.1875],"tintindex":0,"rotation":0,"texture":"#0"},"north":{"uv":[9.75,6.9375,9.9375,7.3125],"tintindex":0,"rotation":0,"texture":"#0"},"west":{"uv":[5.0,9.0,5.5625,9.375],"tintindex":0,"rotation":0,"texture":"#0"},"up":{"uv":[3.0625,4.5625,2.875,4.0],"tintindex":0,"rotation":0,"texture":"#0"},"down":{"uv":[4.8125,7.8125,4.625,8.375],"tintindex":0,"rotation":0,"texture":"#0"}},"rotation":{"origin":[8.079727,9.702575,9.915314],"angle":-22.5,"axis":"z"}},{"from":[5.9071755,11.432575,8.000313],"to":[7.3871756,14.412574,12.480312],"faces":{"east":{"uv":[9.0,6.0625,9.5625,6.4375],"tintindex":0,"rotation":0,"texture":"#0"},"south":{"uv":[9.8125,2.6875,10.0,3.0625],"tintindex":0,"rotation":0,"texture":"#0"},"north":{"uv":[1.75,9.8125,1.9375,10.1875],"tintindex":0,"rotation":0,"texture":"#0"},"west":{"uv":[9.0,6.5,9.5625,6.875],"tintindex":0,"rotation":0,"texture":"#0"},"up":{"uv":[9.8125,10.1875,9.625,9.625],"tintindex":0,"rotation":0,"texture":"#0"},"down":{"uv":[5.0,9.6875,4.8125,10.25],"tintindex":0,"rotation":0,"texture":"#0"}},"rotation":{"origin":[7.897176,9.702575,9.915314],"angle":22.5,"axis":"z"}},{"from":[5.2434516,7.6989155,7.995313],"to":[10.733452,13.688915,12.485312],"faces":{"east":{"uv":[3.0625,5.875,3.625,6.625],"tintindex":0,"rotation":0,"texture":"#0"},"south":{"uv":[5.0,1.4375,5.6875,2.1875],"tintindex":0,"rotation":0,"texture":"#0"},"north":{"uv":[5.0,0.625,5.6875,1.375],"tintindex":0,"rotation":0,"texture":"#0"},"west":{"uv":[6.0,2.1875,6.5625,2.9375],"tintindex":0,"rotation":0,"texture":"#0"},"up":{"uv":[6.5625,4.9375,5.875,4.375],"tintindex":0,"rotation":0,"texture":"#0"},"down":{"uv":[7.1875,1.125,6.5,1.6875],"tintindex":0,"rotation":0,"texture":"#0"}}}],"display":{"gui":{"rotation":[30,225,0]}}}