{"textures":{"0":"modelengine:entity/nocsy_moblin"},"elements":[{"from":[12.11809,2.2381532,4.01],"to":[19.09809,16.218153,9.99],"faces":{"east":{"uv":[2.0,7.5625,2.375,8.4375],"tintindex":0,"rotation":0,"texture":"#0"},"south":{"uv":[6.5625,5.9375,7.0,6.8125],"tintindex":0,"rotation":0,"texture":"#0"},"north":{"uv":[6.5625,5.0,7.0,5.875],"tintindex":0,"rotation":0,"texture":"#0"},"west":{"uv":[2.4375,7.5625,2.8125,8.4375],"tintindex":0,"rotation":0,"texture":"#0"},"up":{"uv":[9.6875,4.5,9.25,4.125],"tintindex":0,"rotation":0,"texture":"#0"},"down":{"uv":[9.6875,5.0625,9.25,5.4375],"tintindex":0,"rotation":0,"texture":"#0"}},"rotation":{"origin":[5.20809,7.5281525,8.0],"angle":-22.5,"axis":"z"}},{"from":[-1.0980895,2.2381532,4.01],"to":[5.8819103,16.218153,9.99],"faces":{"east":{"uv":[6.0625,7.5625,6.4375,8.4375],"tintindex":0,"rotation":0,"texture":"#0"},"south":{"uv":[6.0625,6.625,6.5,7.5],"tintindex":0,"rotation":0,"texture":"#0"},"north":{"uv":[6.625,1.75,7.0625,2.625],"tintindex":0,"rotation":0,"texture":"#0"},"west":{"uv":[0.0,7.625,0.375,8.5],"tintindex":0,"rotation":0,"texture":"#0"},"up":{"uv":[9.8125,0.375,9.375,0.0],"tintindex":0,"rotation":0,"texture":"#0"},"down":{"uv":[1.9375,9.375,1.5,9.75],"tintindex":0,"rotation":0,"texture":"#0"}},"rotation":{"origin":[12.79191,7.5281525,8.0],"angle":22.5,"axis":"z"}},{"from":[0.5,-3.300003,3.0],"to":[17.5,13.699997,10.0],"faces":{"east":{"uv":[1.4375,5.1875,1.875,6.25],"tintindex":0,"rotation":0,"texture":"#0"},"south":{"uv":[0.0,4.0,1.0625,5.0625],"tintindex":0,"rotation":0,"texture":"#0"},"north":{"uv":[3.125,3.5,4.1875,4.5625],"tintindex":0,"rotation":0,"texture":"#0"},"west":{"uv":[1.9375,5.1875,2.375,6.25],"tintindex":0,"rotation":0,"texture":"#0"},"up":{"uv":[3.5,5.8125,2.4375,5.375],"tintindex":0,"rotation":0,"texture":"#0"},"down":{"uv":[6.5,5.125,5.4375,5.5625],"tintindex":0,"rotation":0,"texture":"#0"}}},{"from":[-3.0,-15.300001,2.8249998],"to":[21.0,13.699997,2.8249998],"faces":{"south":{"uv":[1.5625,2.125,3.0625,3.9375],"tintindex":0,"rotation":0,"texture":"#0"},"north":{"uv":[0.0,2.125,1.5,3.9375],"tintindex":0,"rotation":0,"texture":"#0"}}}],"display":{"gui":{"rotation":[30,225,0]}}}