{"textures":{"0":"modelengine:entity/nocsy_moblin"},"elements":[{"from":[1.9054337,2.8128166,-1.6650343],"to":[8.905434,7.8128166,10.334967],"faces":{"east":{"uv":[8.4375,4.25,9.1875,4.5625],"tintindex":0,"rotation":0,"texture":"#0"},"south":{"uv":[3.75,9.5,4.1875,9.8125],"tintindex":0,"rotation":0,"texture":"#0"},"north":{"uv":[0.0,9.5,0.4375,9.8125],"tintindex":0,"rotation":0,"texture":"#0"},"west":{"uv":[6.5625,8.5625,7.3125,8.875],"tintindex":0,"rotation":0,"texture":"#0"},"up":{"uv":[8.0625,5.5,7.625,4.75],"tintindex":0,"rotation":0,"texture":"#0"},"down":{"uv":[5.3125,7.625,4.875,8.375],"tintindex":0,"rotation":0,"texture":"#0"}}},{"from":[6.0771465,2.9542243,-3.1464179],"to":[8.730346,6.9474244,-0.49321818],"faces":{"east":{"uv":[5.1875,6.125,5.375,6.375],"tintindex":0,"rotation":0,"texture":"#0"},"south":{"uv":[3.6875,9.875,3.875,10.125],"tintindex":0,"rotation":0,"texture":"#0"},"north":{"uv":[0.625,5.8125,0.8125,6.0625],"tintindex":0,"rotation":0,"texture":"#0"},"west":{"uv":[3.9375,9.875,4.125,10.125],"tintindex":0,"rotation":0,"texture":"#0"},"up":{"uv":[10.25,2.0,10.0625,1.8125],"tintindex":0,"rotation":0,"texture":"#0"},"down":{"uv":[10.25,2.6875,10.0625,2.875],"tintindex":0,"rotation":0,"texture":"#0"}}},{"from":[2.2297742,2.9539812,-2.9737818],"to":[4.8829737,6.9471807,-0.32058215],"faces":{"east":{"uv":[7.25,9.875,7.4375,10.125],"tintindex":0,"rotation":0,"texture":"#0"},"south":{"uv":[7.5,9.875,7.6875,10.125],"tintindex":0,"rotation":0,"texture":"#0"},"north":{"uv":[4.375,9.875,4.5625,10.125],"tintindex":0,"rotation":0,"texture":"#0"},"west":{"uv":[7.75,9.875,7.9375,10.125],"tintindex":0,"rotation":0,"texture":"#0"},"up":{"uv":[10.25,3.125,10.0625,2.9375],"tintindex":0,"rotation":0,"texture":"#0"},"down":{"uv":[10.25,3.1875,10.0625,3.375],"tintindex":0,"rotation":0,"texture":"#0"}}}],"display":{"gui":{"rotation":[30,225,0]}}}