{"textures":{"0":"modelengine:entity/nocsy_moblin"},"elements":[{"from":[5.5775514,-4.784686,5.819791],"to":[9.577551,-0.2846861,9.819791],"faces":{"east":{"uv":[1.0,8.0,1.5,8.5625],"tintindex":0,"rotation":0,"texture":"#0"},"south":{"uv":[8.125,3.125,8.625,3.6875],"tintindex":0,"rotation":0,"texture":"#0"},"north":{"uv":[0.4375,8.0,0.9375,8.5625],"tintindex":0,"rotation":0,"texture":"#0"},"west":{"uv":[8.125,4.625,8.625,5.1875],"tintindex":0,"rotation":0,"texture":"#0"},"up":{"uv":[5.4375,8.9375,4.9375,8.4375],"tintindex":0,"rotation":0,"texture":"#0"},"down":{"uv":[6.0,8.4375,5.5,8.9375],"tintindex":0,"rotation":0,"texture":"#0"}}},{"from":[6.22096,-0.49196815,6.381333],"to":[9.220961,8.008032,9.381332],"faces":{"east":{"uv":[2.3125,6.3125,1.9375,7.375],"tintindex":0,"rotation":0,"texture":"#0"},"south":{"uv":[1.5,6.3125,1.875,7.375],"tintindex":0,"rotation":0,"texture":"#0"},"north":{"uv":[1.5,6.3125,1.875,7.375],"tintindex":0,"rotation":0,"texture":"#0"},"west":{"uv":[1.9375,6.3125,2.3125,7.375],"tintindex":0,"rotation":0,"texture":"#0"},"up":{"uv":[9.75,3.0625,9.375,2.6875],"tintindex":0,"rotation":0,"texture":"#0"},"down":{"uv":[9.75,3.125,9.375,3.5],"tintindex":0,"rotation":0,"texture":"#0"}}}],"display":{"gui":{"rotation":[30,225,0]}}}