{"textures":{"0":"modelengine:entity/nocsy_moblin"},"elements":[{"from":[3.6664612,-3.4278371,7.154645],"to":[9.686461,8.692163,15.174645],"faces":{"east":{"uv":[6.8125,0.0,7.3125,0.75],"tintindex":0,"rotation":0,"texture":"#0"},"south":{"uv":[8.3125,7.8125,8.6875,8.5625],"tintindex":0,"rotation":0,"texture":"#0"},"north":{"uv":[1.5625,8.0,1.9375,8.75],"tintindex":0,"rotation":0,"texture":"#0"},"west":{"uv":[6.5625,6.875,7.0625,7.625],"tintindex":0,"rotation":0,"texture":"#0"},"up":{"uv":[1.4375,9.5625,1.0625,9.0625],"tintindex":0,"rotation":0,"texture":"#0"},"down":{"uv":[2.375,9.0625,2.0,9.5625],"tintindex":0,"rotation":0,"texture":"#0"}}},{"from":[3.676462,-6.2950935,13.761096],"to":[9.656462,1.7849057,19.741095],"faces":{"east":{"uv":[2.875,9.0625,3.25,9.5625],"tintindex":0,"rotation":0,"texture":"#0"},"south":{"uv":[8.0625,9.0625,8.4375,9.5625],"tintindex":0,"rotation":0,"texture":"#0"},"north":{"uv":[2.4375,9.0625,2.8125,9.5625],"tintindex":0,"rotation":0,"texture":"#0"},"west":{"uv":[9.125,3.5625,9.5,4.0625],"tintindex":0,"rotation":0,"texture":"#0"},"up":{"uv":[9.75,8.6875,9.375,8.3125],"tintindex":0,"rotation":0,"texture":"#0"},"down":{"uv":[9.75,8.75,9.375,9.125],"tintindex":0,"rotation":0,"texture":"#0"}},"rotation":{"origin":[7.7278767,4.7078,11.172604],"angle":45.0,"axis":"x"}}],"display":{"gui":{"rotation":[30,225,0]}}}