{"textures":{"0":"modelengine:entity/nocsy_moblin"},"elements":[{"from":[6.482128,-4.6717024,6.3031883],"to":[10.482128,-0.17170143,10.303188],"faces":{"east":{"uv":[8.1875,1.25,8.6875,1.8125],"tintindex":0,"rotation":0,"texture":"#0"},"south":{"uv":[8.1875,1.875,8.6875,2.4375],"tintindex":0,"rotation":0,"texture":"#0"},"north":{"uv":[8.125,5.25,8.625,5.8125],"tintindex":0,"rotation":0,"texture":"#0"},"west":{"uv":[8.25,2.5,8.75,3.0625],"tintindex":0,"rotation":0,"texture":"#0"},"up":{"uv":[8.9375,6.875,8.4375,6.375],"tintindex":0,"rotation":0,"texture":"#0"},"down":{"uv":[2.5,8.5,2.0,9.0],"tintindex":0,"rotation":0,"texture":"#0"}}},{"from":[6.838719,-0.37898445,6.86473],"to":[9.838718,8.121016,9.864731],"faces":{"east":{"uv":[6.5,3.0,6.875,4.0625],"tintindex":0,"rotation":0,"texture":"#0"},"south":{"uv":[5.1875,6.5,5.5625,7.5625],"tintindex":0,"rotation":0,"texture":"#0"},"north":{"uv":[1.875,6.3125,1.5,7.375],"tintindex":0,"rotation":0,"texture":"#0"},"west":{"uv":[1.9375,6.3125,2.3125,7.375],"tintindex":0,"rotation":0,"texture":"#0"},"up":{"uv":[9.75,4.9375,9.375,4.5625],"tintindex":0,"rotation":0,"texture":"#0"},"down":{"uv":[9.75,5.5,9.375,5.875],"tintindex":0,"rotation":0,"texture":"#0"}}}],"display":{"gui":{"rotation":[30,225,0]}}}