{"textures":{"0":"modelengine:entity/nocsy_moblin"},"elements":[{"from":[10.864793,8.567812,7.0100007],"to":[14.844792,10.5478115,8.99],"faces":{"east":{"uv":[10.125,8.8125,10.25,8.9375],"tintindex":0,"rotation":0,"texture":"#0"},"south":{"uv":[6.625,10.0625,6.875,10.1875],"tintindex":0,"rotation":0,"texture":"#0"},"north":{"uv":[6.3125,10.0625,6.5625,10.1875],"tintindex":0,"rotation":0,"texture":"#0"},"west":{"uv":[10.125,9.0,10.25,9.125],"tintindex":0,"rotation":0,"texture":"#0"},"up":{"uv":[10.3125,8.375,10.0625,8.25],"tintindex":0,"rotation":0,"texture":"#0"},"down":{"uv":[10.3125,8.4375,10.0625,8.5625],"tintindex":0,"rotation":0,"texture":"#0"}}},{"from":[7.757618,1.1671715,7.9],"to":[16.757618,14.1671715,8.1],"faces":{"east":{"uv":[4.25,9.5,4.3125,10.3125],"tintindex":0,"rotation":0,"texture":"#0"},"south":{"uv":[2.4375,5.875,3.0,6.6875],"tintindex":0,"rotation":0,"texture":"#0"},"north":{"uv":[0.0,5.8125,0.5625,6.625],"tintindex":0,"rotation":0,"texture":"#0"},"west":{"uv":[3.5625,9.75,3.625,10.5625],"tintindex":0,"rotation":0,"texture":"#0"},"up":{"uv":[10.625,2.125,10.0625,2.0625],"tintindex":0,"rotation":0,"texture":"#0"},"down":{"uv":[10.625,4.4375,10.0625,4.5],"tintindex":0,"rotation":0,"texture":"#0"}}},{"from":[7.0471754,9.590641,7.0000005],"to":[11.047175,11.590641,9.0],"faces":{"east":{"uv":[10.125,9.1875,10.25,9.3125],"tintindex":0,"rotation":0,"texture":"#0"},"south":{"uv":[0.0,10.125,0.25,10.25],"tintindex":0,"rotation":0,"texture":"#0"},"north":{"uv":[9.25,10.0625,9.5,10.1875],"tintindex":0,"rotation":0,"texture":"#0"},"west":{"uv":[10.125,9.375,10.25,9.5],"tintindex":0,"rotation":0,"texture":"#0"},"up":{"uv":[10.375,0.5,10.125,0.375],"tintindex":0,"rotation":0,"texture":"#0"},"down":{"uv":[10.375,0.5625,10.125,0.6875],"tintindex":0,"rotation":0,"texture":"#0"}},"rotation":{"origin":[13.547175,10.590641,8.0],"angle":22.5,"axis":"z"}}],"display":{"gui":{"rotation":[30,225,0]}}}