{"textures":{"0":"modelengine:entity/nocsy_moblin"},"elements":[{"from":[4.2993956,-3.2548847,5.1471405],"to":[12.299396,8.745115,12.1471405],"faces":{"east":{"uv":[5.375,7.625,5.8125,8.375],"tintindex":0,"rotation":0,"texture":"#0"},"south":{"uv":[7.0625,4.9375,7.5625,5.6875],"tintindex":0,"rotation":0,"texture":"#0"},"north":{"uv":[6.9375,2.6875,7.4375,3.4375],"tintindex":0,"rotation":0,"texture":"#0"},"west":{"uv":[7.625,5.5625,8.0625,6.3125],"tintindex":0,"rotation":0,"texture":"#0"},"up":{"uv":[0.5,9.4375,0.0,9.0],"tintindex":0,"rotation":0,"texture":"#0"},"down":{"uv":[4.3125,9.0,3.8125,9.4375],"tintindex":0,"rotation":0,"texture":"#0"}}}],"display":{"gui":{"rotation":[30,225,0]}}}