{"textures":{"0":"modelengine:entity/nocsy_moblin"},"elements":[{"from":[6.0413413,6.707882,4.431326],"to":[13.141341,6.707882,9.131327],"faces":{"up":{"uv":[1.4375,9.9375,1.0,9.625],"tintindex":0,"rotation":0,"texture":"#0"},"down":{"uv":[2.4375,9.625,2.0,9.9375],"tintindex":0,"rotation":0,"texture":"#0"}},"rotation":{"origin":[8.929687,6.229912,6.867634],"angle":-45.0,"axis":"x"}}],"display":{"gui":{"rotation":[30,225,0]}}}