{"textures":{"0":"modelengine:entity/illidan"},"elements":[{"from":[8.25,5.0,-9.166668],"to":[8.25,12.333334,5.5],"faces":{"east":{"uv":[2.75,4.375,5.485,5.735],"tintindex":0,"rotation":0,"texture":"#0"},"west":{"uv":[5.4925,4.3825,2.7575,5.7425],"tintindex":0,"rotation":0,"texture":"#0"}}},{"from":[7.9166665,5.0,-9.166668],"to":[7.9166665,12.333334,5.5],"faces":{"east":{"uv":[2.75,4.375,5.485,5.735],"tintindex":0,"rotation":0,"texture":"#0"},"west":{"uv":[5.4925,4.3825,2.7575,5.7425],"tintindex":0,"rotation":0,"texture":"#0"}}},{"from":[8.083333,5.0,-9.833334],"to":[8.083333,13.0,5.5],"faces":{"east":{"uv":[2.875,1.5,5.735,2.985],"tintindex":0,"rotation":0,"texture":"#0"},"west":{"uv":[5.7425,1.5075,2.8825,2.9925],"tintindex":0,"rotation":0,"texture":"#0"}}}],"display":{"gui":{"rotation":[30,225,0]}}}