{"textures":{"0":"modelengine:entity/illidan"},"elements":[{"from":[0.5,-4.8065643,9.458804],"to":[15.5,3.1934357,16.458805],"faces":{"east":{"uv":[10.5075,12.5075,10.9375,12.9925],"tintindex":0,"rotation":0,"texture":"#0"},"south":{"uv":[9.3825,0.5075,10.3125,0.9925],"tintindex":0,"rotation":0,"texture":"#0"},"north":{"uv":[9.3825,0.0075,10.3125,0.4925],"tintindex":0,"rotation":0,"texture":"#0"},"west":{"uv":[12.5075,10.6325,12.9375,11.1175],"tintindex":0,"rotation":0,"texture":"#0"},"up":{"uv":[10.9375,5.0625,10.0075,4.6325],"tintindex":0,"rotation":0,"texture":"#0"},"down":{"uv":[10.9375,5.1325,10.0075,5.5625],"tintindex":0,"rotation":0,"texture":"#0"}},"rotation":{"origin":[8.0,-2.8065643,11.958804],"angle":-45.0,"axis":"x"}},{"from":[-2.5,-4.6162643,11.084488],"to":[2.5,7.3837357,11.084488],"faces":{"south":{"uv":[3.2575,12.2575,3.5625,12.9925],"tintindex":0,"rotation":0,"texture":"#0"},"north":{"uv":[1.7575,12.2575,2.0625,12.9925],"tintindex":0,"rotation":0,"texture":"#0"}},"rotation":{"origin":[8.0,8.0,8.0],"angle":-22.5,"axis":"x"}},{"from":[13.5,-4.6162643,11.084488],"to":[18.5,7.3837357,11.084488],"faces":{"south":{"uv":[3.5625,12.2575,3.2575,12.9925],"tintindex":0,"rotation":0,"texture":"#0"},"north":{"uv":[2.0625,12.2575,1.7575,12.9925],"tintindex":0,"rotation":0,"texture":"#0"}},"rotation":{"origin":[8.0,8.0,8.0],"angle":-22.5,"axis":"x"}},{"from":[1.5,-0.61626434,4.084488],"to":[14.5,9.383736,11.084488],"faces":{"east":{"uv":[11.6325,3.0075,12.0625,3.6175],"tintindex":0,"rotation":0,"texture":"#0"},"south":{"uv":[9.1325,6.7575,9.9375,7.3675],"tintindex":0,"rotation":0,"texture":"#0"},"north":{"uv":[9.1325,5.3825,9.9375,5.9925],"tintindex":0,"rotation":0,"texture":"#0"},"west":{"uv":[3.3825,11.6325,3.8125,12.2425],"tintindex":0,"rotation":0,"texture":"#0"},"up":{"uv":[10.8125,7.1875,10.0075,6.7575],"tintindex":0,"rotation":0,"texture":"#0"},"down":{"uv":[10.9375,8.6325,10.1325,9.0625],"tintindex":0,"rotation":0,"texture":"#0"}},"rotation":{"origin":[8.0,8.0,8.0],"angle":-22.5,"axis":"x"}}],"display":{"gui":{"rotation":[30,225,0]}}}