{"textures":{"0":"modelengine:entity/illidan"},"elements":[{"from":[4.0,3.2000008,2.0],"to":[10.0,8.200001,12.0],"faces":{"east":{"uv":[12.7575,9.7575,13.3675,10.0625],"tintindex":0,"rotation":0,"texture":"#0"},"south":{"uv":[13.6325,4.5075,13.9925,4.8125],"tintindex":0,"rotation":0,"texture":"#0"},"north":{"uv":[13.6325,3.3825,13.9925,3.6875],"tintindex":0,"rotation":0,"texture":"#0"},"west":{"uv":[12.7575,10.1325,13.3675,10.4375],"tintindex":0,"rotation":0,"texture":"#0"},"up":{"uv":[5.7425,12.7425,5.3825,12.1325],"tintindex":0,"rotation":0,"texture":"#0"},"down":{"uv":[12.4925,10.6325,12.1325,11.2425],"tintindex":0,"rotation":0,"texture":"#0"}}},{"from":[2.5,1.2000008,1.5],"to":[6.5,6.200001,12.5],"faces":{"east":{"uv":[5.7575,12.6325,6.4375,12.9375],"tintindex":0,"rotation":0,"texture":"#0"},"south":{"uv":[9.5075,14.1325,9.7425,14.4375],"tintindex":0,"rotation":0,"texture":"#0"},"north":{"uv":[6.5075,14.1325,6.7425,14.4375],"tintindex":0,"rotation":0,"texture":"#0"},"west":{"uv":[12.6325,6.0075,13.3125,6.3125],"tintindex":0,"rotation":0,"texture":"#0"},"up":{"uv":[9.3675,13.5625,9.1325,12.8825],"tintindex":0,"rotation":0,"texture":"#0"},"down":{"uv":[13.2425,0.0075,13.0075,0.6875],"tintindex":0,"rotation":0,"texture":"#0"}}}],"display":{"gui":{"rotation":[30,225,0]}}}