{"textures":{"0":"modelengine:entity/illidan"},"elements":[{"from":[7.5,-1.0,7.5],"to":[10.0,3.0,9.5],"faces":{"east":{"uv":[8.0075,14.8825,8.1175,15.1175],"tintindex":0,"rotation":0,"texture":"#0"},"south":{"uv":[8.6325,14.6325,8.8125,14.8675],"tintindex":0,"rotation":0,"texture":"#0"},"north":{"uv":[14.6325,8.3825,14.8125,8.6175],"tintindex":0,"rotation":0,"texture":"#0"},"west":{"uv":[14.8825,8.0075,14.9925,8.2425],"tintindex":0,"rotation":0,"texture":"#0"},"up":{"uv":[0.6875,15.1175,0.5075,15.0075],"tintindex":0,"rotation":0,"texture":"#0"},"down":{"uv":[0.9375,15.0075,0.7575,15.1175],"tintindex":0,"rotation":0,"texture":"#0"}},"rotation":{"origin":[10.0,3.0,8.0],"angle":-22.5,"axis":"z"}},{"from":[7.546427,-3.6923962,8.0],"to":[9.046427,1.3076019,9.0],"faces":{"east":{"uv":[10.5075,15.0075,10.5625,15.3125],"tintindex":0,"rotation":0,"texture":"#0"},"south":{"uv":[14.7575,0.7575,14.8675,1.0625],"tintindex":0,"rotation":0,"texture":"#0"},"north":{"uv":[14.7575,0.3825,14.8675,0.6875],"tintindex":0,"rotation":0,"texture":"#0"},"west":{"uv":[10.6325,15.0075,10.6875,15.3125],"tintindex":0,"rotation":0,"texture":"#0"},"up":{"uv":[15.2425,2.1875,15.1325,2.1325],"tintindex":0,"rotation":0,"texture":"#0"},"down":{"uv":[2.3675,15.1325,2.2575,15.1875],"tintindex":0,"rotation":0,"texture":"#0"}},"rotation":{"origin":[8.5,-0.5,8.0],"angle":-45.0,"axis":"z"}},{"from":[6.7999997,2.8000016,7.3],"to":[10.200001,9.199999,9.700001],"faces":{"east":{"uv":[7.3825,12.8825,7.4925,13.2425],"tintindex":0,"rotation":0,"texture":"#0"},"south":{"uv":[14.2575,1.1325,14.4375,1.4925],"tintindex":0,"rotation":0,"texture":"#0"},"north":{"uv":[14.2575,0.7575,14.4375,1.1175],"tintindex":0,"rotation":0,"texture":"#0"},"west":{"uv":[8.7575,13.0075,8.8675,13.3675],"tintindex":0,"rotation":0,"texture":"#0"},"up":{"uv":[15.0625,14.3675,14.8825,14.2575],"tintindex":0,"rotation":0,"texture":"#0"},"down":{"uv":[0.1875,15.0075,0.0075,15.1175],"tintindex":0,"rotation":0,"texture":"#0"}}}],"display":{"gui":{"rotation":[30,225,0]}}}