{"textures":{"0":"modelengine:entity/illidan"},"elements":[{"from":[7.2535725,-4.692396,7.5],"to":[8.753572,0.30760384,8.5],"faces":{"east":{"uv":[11.6325,15.0075,11.6875,15.3125],"tintindex":0,"rotation":0,"texture":"#0"},"south":{"uv":[14.7575,1.5075,14.8675,1.8125],"tintindex":0,"rotation":0,"texture":"#0"},"north":{"uv":[14.7575,1.1325,14.8675,1.4375],"tintindex":0,"rotation":0,"texture":"#0"},"west":{"uv":[11.7575,15.0075,11.8125,15.3125],"tintindex":0,"rotation":0,"texture":"#0"},"up":{"uv":[15.2425,2.3125,15.1325,2.2575],"tintindex":0,"rotation":0,"texture":"#0"},"down":{"uv":[2.4925,15.1325,2.3825,15.1875],"tintindex":0,"rotation":0,"texture":"#0"}},"rotation":{"origin":[8.0,-0.5,8.0],"angle":45.0,"axis":"z"}},{"from":[6.5,-2.0,7.0],"to":[9.0,3.0,9.0],"faces":{"east":{"uv":[1.7575,14.7575,1.8675,15.0625],"tintindex":0,"rotation":0,"texture":"#0"},"south":{"uv":[14.5075,14.3825,14.6875,14.6875],"tintindex":0,"rotation":0,"texture":"#0"},"north":{"uv":[14.2575,14.5075,14.4375,14.8125],"tintindex":0,"rotation":0,"texture":"#0"},"west":{"uv":[1.8825,14.7575,1.9925,15.0625],"tintindex":0,"rotation":0,"texture":"#0"},"up":{"uv":[1.1875,15.1175,1.0075,15.0075],"tintindex":0,"rotation":0,"texture":"#0"},"down":{"uv":[1.4375,15.0075,1.2575,15.1175],"tintindex":0,"rotation":0,"texture":"#0"}},"rotation":{"origin":[6.5,3.0,8.0],"angle":22.5,"axis":"z"}},{"from":[6.2999997,2.7999997,6.8],"to":[9.700001,9.199999,9.200001],"faces":{"east":{"uv":[6.3825,14.6325,6.4925,14.9925],"tintindex":0,"rotation":0,"texture":"#0"},"south":{"uv":[14.2575,2.2575,14.4375,2.6175],"tintindex":0,"rotation":0,"texture":"#0"},"north":{"uv":[14.2575,1.8825,14.4375,2.2425],"tintindex":0,"rotation":0,"texture":"#0"},"west":{"uv":[14.6325,8.6325,14.7425,8.9925],"tintindex":0,"rotation":0,"texture":"#0"},"up":{"uv":[1.6875,15.1175,1.5075,15.0075],"tintindex":0,"rotation":0,"texture":"#0"},"down":{"uv":[2.4375,15.0075,2.2575,15.1175],"tintindex":0,"rotation":0,"texture":"#0"}}}],"display":{"gui":{"rotation":[30,225,0]}}}