{"textures":{"0":"modelengine:entity/illidan"},"elements":[{"from":[3.6000001,1.5999992,3.6000001],"to":[12.4,9.400001,12.4],"faces":{"east":{"uv":[2.6175,12.5075,2.1325,12.9375],"tintindex":0,"rotation":0,"texture":"#0"},"south":{"uv":[12.9925,0.3825,12.5075,0.8125],"tintindex":0,"rotation":0,"texture":"#0"},"north":{"uv":[12.2425,12.3825,11.7575,12.8125],"tintindex":0,"rotation":0,"texture":"#0"},"west":{"uv":[12.7425,12.3825,12.2575,12.8125],"tintindex":0,"rotation":0,"texture":"#0"},"up":{"uv":[11.7575,7.1175,12.2425,6.6325],"tintindex":0,"rotation":0,"texture":"#0"},"down":{"uv":[6.7575,11.7575,7.2425,12.2425],"tintindex":0,"rotation":0,"texture":"#0"}}},{"from":[4.0,-7.0,4.0],"to":[12.0,2.0,12.0],"faces":{"east":{"uv":[11.7425,9.5075,11.2575,10.0625],"tintindex":0,"rotation":0,"texture":"#0"},"south":{"uv":[11.7425,8.8825,11.2575,9.4375],"tintindex":0,"rotation":0,"texture":"#0"},"north":{"uv":[11.7425,3.7575,11.2575,4.3125],"tintindex":0,"rotation":0,"texture":"#0"},"west":{"uv":[11.7425,8.2575,11.2575,8.8125],"tintindex":0,"rotation":0,"texture":"#0"},"up":{"uv":[11.7575,4.1175,12.2425,3.6325],"tintindex":0,"rotation":0,"texture":"#0"},"down":{"uv":[11.7575,6.1325,12.2425,6.6175],"tintindex":0,"rotation":0,"texture":"#0"}}}],"display":{"gui":{"rotation":[30,225,0]}}}