{"textures":{"0":"modelengine:entity/illidan"},"elements":[{"from":[7.0,-2.0,7.0],"to":[9.5,3.0,9.0],"faces":{"east":{"uv":[3.3675,14.7575,3.2575,15.0625],"tintindex":0,"rotation":0,"texture":"#0"},"south":{"uv":[1.1875,14.6325,1.0075,14.9375],"tintindex":0,"rotation":0,"texture":"#0"},"north":{"uv":[0.9375,14.6325,0.7575,14.9375],"tintindex":0,"rotation":0,"texture":"#0"},"west":{"uv":[3.2425,14.7575,3.1325,15.0625],"tintindex":0,"rotation":0,"texture":"#0"},"up":{"uv":[6.3825,15.1175,6.5625,15.0075],"tintindex":0,"rotation":0,"texture":"#0"},"down":{"uv":[15.0075,6.3825,15.1875,6.4925],"tintindex":0,"rotation":0,"texture":"#0"}},"rotation":{"origin":[9.5,3.0,8.0],"angle":-22.5,"axis":"z"}},{"from":[6.2999997,2.7999997,6.8],"to":[9.700001,9.199999,9.200001],"faces":{"east":{"uv":[9.1175,14.6325,9.0075,14.9925],"tintindex":0,"rotation":0,"texture":"#0"},"south":{"uv":[14.4375,4.3825,14.2575,4.7425],"tintindex":0,"rotation":0,"texture":"#0"},"north":{"uv":[14.4375,2.6325,14.2575,2.9925],"tintindex":0,"rotation":0,"texture":"#0"},"west":{"uv":[8.9925,14.6325,8.8825,14.9925],"tintindex":0,"rotation":0,"texture":"#0"},"up":{"uv":[15.0075,6.6175,15.1875,6.5075],"tintindex":0,"rotation":0,"texture":"#0"},"down":{"uv":[15.0075,6.6325,15.1875,6.7425],"tintindex":0,"rotation":0,"texture":"#0"}}},{"from":[7.2464275,-4.692396,7.5],"to":[8.746428,0.30760384,8.5],"faces":{"east":{"uv":[12.3125,15.0075,12.2575,15.3125],"tintindex":0,"rotation":0,"texture":"#0"},"south":{"uv":[14.8675,3.0075,14.7575,3.3125],"tintindex":0,"rotation":0,"texture":"#0"},"north":{"uv":[14.8675,2.6325,14.7575,2.9375],"tintindex":0,"rotation":0,"texture":"#0"},"west":{"uv":[12.1875,15.0075,12.1325,15.3125],"tintindex":0,"rotation":0,"texture":"#0"},"up":{"uv":[15.1325,2.5625,15.2425,2.5075],"tintindex":0,"rotation":0,"texture":"#0"},"down":{"uv":[2.6325,15.1325,2.7425,15.1875],"tintindex":0,"rotation":0,"texture":"#0"}},"rotation":{"origin":[8.0,-0.5,8.0],"angle":-45.0,"axis":"z"}}],"display":{"gui":{"rotation":[30,225,0]}}}