{"textures":{"0":"modelengine:entity/illidan"},"elements":[{"from":[6.2999997,1.7999996,6.8],"to":[9.700001,9.199999,9.200001],"faces":{"east":{"uv":[4.6175,14.6325,4.5075,15.0625],"tintindex":0,"rotation":0,"texture":"#0"},"south":{"uv":[11.4375,14.0075,11.2575,14.4375],"tintindex":0,"rotation":0,"texture":"#0"},"north":{"uv":[14.1875,11.0075,14.0075,11.4375],"tintindex":0,"rotation":0,"texture":"#0"},"west":{"uv":[4.4925,14.6325,4.3825,15.0625],"tintindex":0,"rotation":0,"texture":"#0"},"up":{"uv":[15.0075,3.9925,15.1875,3.8825],"tintindex":0,"rotation":0,"texture":"#0"},"down":{"uv":[15.0075,6.2575,15.1875,6.3675],"tintindex":0,"rotation":0,"texture":"#0"}}},{"from":[7.2464275,-5.692396,7.5],"to":[8.746428,-0.69239616,8.5],"faces":{"east":{"uv":[12.0625,15.0075,12.0075,15.3125],"tintindex":0,"rotation":0,"texture":"#0"},"south":{"uv":[2.1175,14.7575,2.0075,15.0625],"tintindex":0,"rotation":0,"texture":"#0"},"north":{"uv":[14.8675,1.8825,14.7575,2.1875],"tintindex":0,"rotation":0,"texture":"#0"},"west":{"uv":[11.9375,15.0075,11.8825,15.3125],"tintindex":0,"rotation":0,"texture":"#0"},"up":{"uv":[15.1325,2.4375,15.2425,2.3825],"tintindex":0,"rotation":0,"texture":"#0"},"down":{"uv":[2.5075,15.1325,2.6175,15.1875],"tintindex":0,"rotation":0,"texture":"#0"}},"rotation":{"origin":[8.0,-1.5,8.0],"angle":-45.0,"axis":"z"}},{"from":[7.0,-3.0,7.0],"to":[9.5,2.0,9.0],"faces":{"east":{"uv":[14.8675,2.2575,14.7575,2.5625],"tintindex":0,"rotation":0,"texture":"#0"},"south":{"uv":[0.6875,14.6325,0.5075,14.9375],"tintindex":0,"rotation":0,"texture":"#0"},"north":{"uv":[0.1875,14.6325,0.0075,14.9375],"tintindex":0,"rotation":0,"texture":"#0"},"west":{"uv":[2.2425,14.7575,2.1325,15.0625],"tintindex":0,"rotation":0,"texture":"#0"},"up":{"uv":[2.5075,15.1175,2.6875,15.0075],"tintindex":0,"rotation":0,"texture":"#0"},"down":{"uv":[15.0075,3.7575,15.1875,3.8675],"tintindex":0,"rotation":0,"texture":"#0"}},"rotation":{"origin":[9.5,2.0,8.0],"angle":-22.5,"axis":"z"}}],"display":{"gui":{"rotation":[30,225,0]}}}