{"textures":{"0":"modelengine:entity/illidan"},"elements":[{"from":[14.52,8.020002,1.0200002],"to":[20.48,12.979998,12.98],"faces":{"east":{"uv":[12.8675,5.6325,12.1325,5.9375],"tintindex":0,"rotation":0,"texture":"#0"},"south":{"uv":[13.7425,5.8825,13.3825,6.1875],"tintindex":0,"rotation":0,"texture":"#0"},"north":{"uv":[6.1175,13.3825,5.7575,13.6875],"tintindex":0,"rotation":0,"texture":"#0"},"west":{"uv":[12.8675,3.0075,12.1325,3.3125],"tintindex":0,"rotation":0,"texture":"#0"},"up":{"uv":[11.2575,10.8675,11.6175,10.1325],"tintindex":0,"rotation":0,"texture":"#0"},"down":{"uv":[11.2575,10.8825,11.6175,11.6175],"tintindex":0,"rotation":0,"texture":"#0"}},"rotation":{"origin":[14.5,8.0,10.0],"angle":45.0,"axis":"z"}},{"from":[1.5,10.5,0.0],"to":[7.5,13.5,1.0],"faces":{"east":{"uv":[15.1325,0.0075,15.1875,0.1875],"tintindex":0,"rotation":0,"texture":"#0"},"south":{"uv":[14.1325,12.3825,14.4925,12.5625],"tintindex":0,"rotation":0,"texture":"#0"},"north":{"uv":[14.1325,12.1325,14.4925,12.3125],"tintindex":0,"rotation":0,"texture":"#0"},"west":{"uv":[0.1325,15.1325,0.1875,15.3125],"tintindex":0,"rotation":0,"texture":"#0"},"up":{"uv":[13.2425,14.9375,12.8825,14.8825],"tintindex":0,"rotation":0,"texture":"#0"},"down":{"uv":[15.2425,13.1325,14.8825,13.1875],"tintindex":0,"rotation":0,"texture":"#0"}},"rotation":{"origin":[7.5,10.5,-1.0],"angle":22.5,"axis":"z"}},{"from":[-6.0,13.599998,1.0],"to":[22.0,20.599998,13.0],"faces":{"east":{"uv":[2.8825,10.7575,3.6175,11.1875],"tintindex":0,"rotation":0,"texture":"#0"},"south":{"uv":[7.3825,7.2575,9.1175,7.6875],"tintindex":0,"rotation":0,"texture":"#0"},"north":{"uv":[7.3825,6.7575,9.1175,7.1875],"tintindex":0,"rotation":0,"texture":"#0"},"west":{"uv":[10.7575,6.0075,11.4925,6.4375],"tintindex":0,"rotation":0,"texture":"#0"},"up":{"uv":[7.4925,2.7425,5.7575,2.0075],"tintindex":0,"rotation":0,"texture":"#0"},"down":{"uv":[5.4925,5.7575,3.7575,6.4925],"tintindex":0,"rotation":0,"texture":"#0"}}},{"from":[8.5,14.599998,0.0],"to":[12.0,16.599998,1.0],"faces":{"east":{"uv":[1.3125,15.1325,1.2575,15.2425],"tintindex":0,"rotation":0,"texture":"#0"},"south":{"uv":[13.6175,6.2575,13.3825,6.3675],"tintindex":0,"rotation":0,"texture":"#0"},"north":{"uv":[13.6175,2.7575,13.3825,2.8675],"tintindex":0,"rotation":0,"texture":"#0"},"west":{"uv":[15.1875,1.1325,15.1325,1.2425],"tintindex":0,"rotation":0,"texture":"#0"},"up":{"uv":[15.0075,11.4375,15.2425,11.3825],"tintindex":0,"rotation":0,"texture":"#0"},"down":{"uv":[15.0075,11.5075,15.2425,11.5625],"tintindex":0,"rotation":0,"texture":"#0"}}},{"from":[12.02,13.920004,0.020000229],"to":[14.98,15.879999,0.9799998],"faces":{"east":{"uv":[1.4375,15.1325,1.3825,15.2425],"tintindex":0,"rotation":0,"texture":"#0"},"south":{"uv":[15.0625,13.3825,14.8825,13.4925],"tintindex":0,"rotation":0,"texture":"#0"},"north":{"uv":[15.0625,13.2575,14.8825,13.3675],"tintindex":0,"rotation":0,"texture":"#0"},"west":{"uv":[15.1875,1.2575,15.1325,1.3675],"tintindex":0,"rotation":0,"texture":"#0"},"up":{"uv":[15.1325,0.5625,15.3125,0.5075],"tintindex":0,"rotation":0,"texture":"#0"},"down":{"uv":[0.6325,15.1325,0.8125,15.1875],"tintindex":0,"rotation":0,"texture":"#0"}},"rotation":{"origin":[9.0,13.900002,-1.0],"angle":-22.5,"axis":"z"}},{"from":[-5.9599996,12.039997,1.04],"to":[-0.040000457,14.960003,12.959999],"faces":{"east":{"uv":[10.2575,4.3825,10.9925,4.5625],"tintindex":0,"rotation":0,"texture":"#0"},"south":{"uv":[12.7575,14.1325,13.1175,14.3125],"tintindex":0,"rotation":0,"texture":"#0"},"north":{"uv":[14.1325,12.6325,14.4925,12.8125],"tintindex":0,"rotation":0,"texture":"#0"},"west":{"uv":[12.8825,7.6325,13.6175,7.8125],"tintindex":0,"rotation":0,"texture":"#0"},"up":{"uv":[7.3675,9.2425,7.0075,8.5075],"tintindex":0,"rotation":0,"texture":"#0"},"down":{"uv":[8.1175,11.2575,7.7575,11.9925],"tintindex":0,"rotation":0,"texture":"#0"}},"rotation":{"origin":[-2.0,12.0,10.0],"angle":-22.5,"axis":"z"}},{"from":[1.5100001,8.009997,1.0100001],"to":[14.49,16.990004,12.99],"faces":{"east":{"uv":[4.7575,9.6325,5.4925,10.1875],"tintindex":0,"rotation":0,"texture":"#0"},"south":{"uv":[9.3825,7.3825,10.1875,7.9375],"tintindex":0,"rotation":0,"texture":"#0"},"north":{"uv":[9.3825,4.0075,10.1875,4.5625],"tintindex":0,"rotation":0,"texture":"#0"},"west":{"uv":[1.2575,9.7575,1.9925,10.3125],"tintindex":0,"rotation":0,"texture":"#0"},"up":{"uv":[9.0625,5.4925,8.2575,4.7575],"tintindex":0,"rotation":0,"texture":"#0"},"down":{"uv":[9.0625,5.5075,8.2575,6.2425],"tintindex":0,"rotation":0,"texture":"#0"}}},{"from":[16.04,12.039997,1.04],"to":[21.96,14.960003,12.959999],"faces":{"east":{"uv":[13.6175,7.6325,12.8825,7.8125],"tintindex":0,"rotation":0,"texture":"#0"},"south":{"uv":[13.1175,14.1325,12.7575,14.3125],"tintindex":0,"rotation":0,"texture":"#0"},"north":{"uv":[14.4925,12.6325,14.1325,12.8125],"tintindex":0,"rotation":0,"texture":"#0"},"west":{"uv":[10.9925,4.3825,10.2575,4.5625],"tintindex":0,"rotation":0,"texture":"#0"},"up":{"uv":[7.0075,9.2425,7.3675,8.5075],"tintindex":0,"rotation":0,"texture":"#0"},"down":{"uv":[7.7575,11.2575,8.1175,11.9925],"tintindex":0,"rotation":0,"texture":"#0"}},"rotation":{"origin":[18.0,12.0,10.0],"angle":22.5,"axis":"z"}},{"from":[8.5,10.5,0.0],"to":[14.5,13.5,1.0],"faces":{"east":{"uv":[0.1875,15.1325,0.1325,15.3125],"tintindex":0,"rotation":0,"texture":"#0"},"south":{"uv":[14.4925,12.3825,14.1325,12.5625],"tintindex":0,"rotation":0,"texture":"#0"},"north":{"uv":[14.4925,12.1325,14.1325,12.3125],"tintindex":0,"rotation":0,"texture":"#0"},"west":{"uv":[15.1875,0.0075,15.1325,0.1875],"tintindex":0,"rotation":0,"texture":"#0"},"up":{"uv":[12.8825,14.9375,13.2425,14.8825],"tintindex":0,"rotation":0,"texture":"#0"},"down":{"uv":[14.8825,13.1325,15.2425,13.1875],"tintindex":0,"rotation":0,"texture":"#0"}},"rotation":{"origin":[8.5,10.5,-1.0],"angle":-22.5,"axis":"z"}},{"from":[12.0,15.099998,0.0],"to":[14.0,16.599998,1.0],"faces":{"east":{"uv":[1.5625,15.1325,1.5075,15.2425],"tintindex":0,"rotation":0,"texture":"#0"},"south":{"uv":[12.3675,1.8825,12.2575,1.9925],"tintindex":0,"rotation":0,"texture":"#0"},"north":{"uv":[12.2425,11.2575,12.1325,11.3675],"tintindex":0,"rotation":0,"texture":"#0"},"west":{"uv":[15.1875,1.3825,15.1325,1.4925],"tintindex":0,"rotation":0,"texture":"#0"},"up":{"uv":[15.1325,1.5625,15.2425,1.5075],"tintindex":0,"rotation":0,"texture":"#0"},"down":{"uv":[1.6325,15.1325,1.7425,15.1875],"tintindex":0,"rotation":0,"texture":"#0"}}},{"from":[2.0,15.099998,0.0],"to":[4.0,16.599998,1.0],"faces":{"east":{"uv":[15.1325,1.3825,15.1875,1.4925],"tintindex":0,"rotation":0,"texture":"#0"},"south":{"uv":[12.2575,1.8825,12.3675,1.9925],"tintindex":0,"rotation":0,"texture":"#0"},"north":{"uv":[12.1325,11.2575,12.2425,11.3675],"tintindex":0,"rotation":0,"texture":"#0"},"west":{"uv":[1.5075,15.1325,1.5625,15.2425],"tintindex":0,"rotation":0,"texture":"#0"},"up":{"uv":[15.2425,1.5625,15.1325,1.5075],"tintindex":0,"rotation":0,"texture":"#0"},"down":{"uv":[1.7425,15.1325,1.6325,15.1875],"tintindex":0,"rotation":0,"texture":"#0"}}},{"from":[1.0200002,13.920004,0.020000229],"to":[3.9799998,15.879999,0.9799998],"faces":{"east":{"uv":[15.1325,1.2575,15.1875,1.3675],"tintindex":0,"rotation":0,"texture":"#0"},"south":{"uv":[14.8825,13.3825,15.0625,13.4925],"tintindex":0,"rotation":0,"texture":"#0"},"north":{"uv":[14.8825,13.2575,15.0625,13.3675],"tintindex":0,"rotation":0,"texture":"#0"},"west":{"uv":[1.3825,15.1325,1.4375,15.2425],"tintindex":0,"rotation":0,"texture":"#0"},"up":{"uv":[15.3125,0.5625,15.1325,0.5075],"tintindex":0,"rotation":0,"texture":"#0"},"down":{"uv":[0.8125,15.1325,0.6325,15.1875],"tintindex":0,"rotation":0,"texture":"#0"}},"rotation":{"origin":[7.0,13.900002,-1.0],"angle":22.5,"axis":"z"}},{"from":[-3.5,11.5,0.0],"to":[1.5,14.5,1.0],"faces":{"east":{"uv":[0.3825,15.1325,0.4375,15.3125],"tintindex":0,"rotation":0,"texture":"#0"},"south":{"uv":[12.2575,14.5075,12.5625,14.6875],"tintindex":0,"rotation":0,"texture":"#0"},