{"textures":{"0":"modelengine:entity/nocsy_ganon"},"elements":[{"from":[-5.0,-2.0335922,-0.13976288],"to":[21.0,13.966412,14.860237],"faces":{"east":{"uv":[4.46875,5.96875,4.9375,6.46875],"tintindex":0,"rotation":0,"texture":"#0"},"south":{"uv":[3.6875,2.53125,4.5,3.03125],"tintindex":0,"rotation":0,"texture":"#0"},"north":{"uv":[3.65625,0.5625,4.46875,1.0625],"tintindex":0,"rotation":0,"texture":"#0"},"west":{"uv":[4.96875,5.96875,5.4375,6.46875],"tintindex":0,"rotation":0,"texture":"#0"},"up":{"uv":[3.03125,4.3125,2.21875,3.84375],"tintindex":0,"rotation":0,"texture":"#0"},"down":{"uv":[3.875,3.84375,3.0625,4.3125],"tintindex":0,"rotation":0,"texture":"#0"}}},{"from":[-4.5,13.966412,-0.13976288],"to":[20.5,19.966412,13.860237],"faces":{"east":{"uv":[9.1875,1.0625,9.625,1.25],"tintindex":0,"rotation":0,"texture":"#0"},"south":{"uv":[7.96875,0.0,8.75,0.1875],"tintindex":0,"rotation":0,"texture":"#0"},"north":{"uv":[3.6875,3.0625,4.46875,3.25],"tintindex":0,"rotation":0,"texture":"#0"},"west":{"uv":[4.84375,9.1875,5.28125,9.375],"tintindex":0,"rotation":0,"texture":"#0"},"up":{"uv":[5.0625,1.96875,4.28125,1.53125],"tintindex":0,"rotation":0,"texture":"#0"},"down":{"uv":[2.75,4.34375,1.96875,4.78125],"tintindex":0,"rotation":0,"texture":"#0"}}},{"from":[7.211921,2.222622,-2.1397629],"to":[24.211922,14.222622,12.860237],"faces":{"east":{"uv":[7.8125,7.59375,8.28125,7.96875],"tintindex":0,"rotation":0,"texture":"#0"},"south":{"uv":[6.9375,1.15625,7.46875,1.53125],"tintindex":0,"rotation":0,"texture":"#0"},"north":{"uv":[6.9375,0.75,7.46875,1.125],"tintindex":0,"rotation":0,"texture":"#0"},"west":{"uv":[7.84375,4.21875,8.3125,4.59375],"tintindex":0,"rotation":0,"texture":"#0"},"up":{"uv":[4.4375,6.21875,3.90625,5.75],"tintindex":0,"rotation":0,"texture":"#0"},"down":{"uv":[6.34375,1.09375,5.8125,1.5625],"tintindex":0,"rotation":0,"texture":"#0"}},"rotation":{"origin":[14.0,11.832321,7.9],"angle":22.5,"axis":"z"}},{"from":[10.41,18.776407,-0.12976287],"to":[21.39,24.756407,12.850237],"faces":{"east":{"uv":[9.25,3.09375,9.65625,3.28125],"tintindex":0,"rotation":0,"texture":"#0"},"south":{"uv":[8.53125,9.46875,8.875,9.65625],"tintindex":0,"rotation":0,"texture":"#0"},"north":{"uv":[6.6875,9.46875,7.03125,9.65625],"tintindex":0,"rotation":0,"texture":"#0"},"west":{"uv":[6.90625,9.25,7.3125,9.4375],"tintindex":0,"rotation":0,"texture":"#0"},"up":{"uv":[8.625,1.0625,8.28125,0.65625],"tintindex":0,"rotation":0,"texture":"#0"},"down":{"uv":[8.625,6.875,8.28125,7.28125],"tintindex":0,"rotation":0,"texture":"#0"}},"rotation":{"origin":[8.0,16.966412,6.360237],"angle":-22.5,"axis":"z"}},{"from":[-5.3899994,18.776407,-0.12976287],"to":[5.5899997,24.756407,12.850237],"faces":{"east":{"uv":[8.65625,9.25,9.0625,9.4375],"tintindex":0,"rotation":0,"texture":"#0"},"south":{"uv":[9.5,3.71875,9.84375,3.90625],"tintindex":0,"rotation":0,"texture":"#0"},"north":{"uv":[9.5,3.5,9.84375,3.6875],"tintindex":0,"rotation":0,"texture":"#0"},"west":{"uv":[9.28125,5.28125,9.6875,5.46875],"tintindex":0,"rotation":0,"texture":"#0"},"up":{"uv":[8.65625,6.28125,8.3125,5.875],"tintindex":0,"rotation":0,"texture":"#0"},"down":{"uv":[8.65625,7.3125,8.3125,7.71875],"tintindex":0,"rotation":0,"texture":"#0"}},"rotation":{"origin":[8.0,16.966412,6.360237],"angle":22.5,"axis":"z"}},{"from":[-8.211922,2.222622,-2.1397629],"to":[8.788079,14.222622,12.860237],"faces":{"east":{"uv":[7.875,1.3125,8.34375,1.6875],"tintindex":0,"rotation":0,"texture":"#0"},"south":{"uv":[6.9375,5.0625,7.46875,5.4375],"tintindex":0,"rotation":0,"texture":"#0"},"north":{"uv":[6.9375,1.84375,7.46875,2.21875],"tintindex":0,"rotation":0,"texture":"#0"},"west":{"uv":[7.875,4.625,8.34375,5.0],"tintindex":0,"rotation":0,"texture":"#0"},"up":{"uv":[6.34375,5.6875,5.8125,5.21875],"tintindex":0,"rotation":0,"texture":"#0"},"down":{"uv":[6.34375,5.71875,5.8125,6.1875],"tintindex":0,"rotation":0,"texture":"#0"}},"rotation":{"origin":[2.0,11.832321,7.9],"angle":-22.5,"axis":"z"}},{"from":[7.798079,-7.2423763,-0.12976287],"to":[23.778078,7.737623,12.850237],"faces":{"east":{"uv":[7.3125,5.46875,7.71875,5.9375],"tintindex":0,"rotation":0,"texture":"#0"},"south":{"uv":[0.0,6.09375,0.5,6.5625],"tintindex":0,"rotation":0,"texture":"#0"},"north":{"uv":[2.4375,6.03125,2.9375,6.5],"tintindex":0,"rotation":0,"texture":"#0"},"west":{"uv":[7.375,2.25,7.78125,2.71875],"tintindex":0,"rotation":0,"texture":"#0"},"up":{"uv":[4.28125,7.09375,3.78125,6.6875],"tintindex":0,"rotation":0,"texture":"#0"},"down":{"uv":[7.1875,4.0,6.6875,4.40625],"tintindex":0,"rotation":0,"texture":"#0"}},"rotation":{"origin":[18.0,2.6323204,7.4],"angle":-22.5,"axis":"z"}},{"from":[-7.778079,-7.2423763,-0.12976287],"to":[8.2019205,7.737623,12.850237],"faces":{"east":{"uv":[7.21875,3.84375,7.625,4.3125],"tintindex":0,"rotation":0,"texture":"#0"},"south":{"uv":[1.90625,6.03125,2.40625,6.5],"tintindex":0,"rotation":0,"texture":"#0"},"north":{"uv":[3.28125,6.0,3.78125,6.46875],"tintindex":0,"rotation":0,"texture":"#0"},"west":{"uv":[6.15625,7.25,6.5625,7.71875],"tintindex":0,"rotation":0,"texture":"#0"},"up":{"uv":[7.03125,0.40625,6.53125,0.0],"tintindex":0,"rotation":0,"texture":"#0"},"down":{"uv":[6.1875,6.65625,5.6875,7.0625],"tintindex":0,"rotation":0,"texture":"#0"}},"rotation":{"origin":[-2.0,2.6323204,7.4],"angle":22.5,"axis":"z"}}],"display":{"gui":{"rotation":[30,225,0]}}}