{"textures":{"0":"modelengine:entity/nocsy_ganon"},"elements":[{"from":[2.6626813,0.6512201,-1.5622189],"to":[11.642681,9.63122,5.417781],"faces":{"east":{"uv":[9.53125,8.46875,9.75,8.75],"tintindex":0,"rotation":0,"texture":"#0"},"south":{"uv":[7.84375,9.1875,8.125,9.46875],"tintindex":0,"rotation":0,"texture":"#0"},"north":{"uv":[7.53125,9.1875,7.8125,9.46875],"tintindex":0,"rotation":0,"texture":"#0"},"west":{"uv":[9.53125,8.78125,9.75,9.0625],"tintindex":0,"rotation":0,"texture":"#0"},"up":{"uv":[9.8125,9.3125,9.53125,9.09375],"tintindex":0,"rotation":0,"texture":"#0"},"down":{"uv":[9.84375,4.90625,9.5625,5.125],"tintindex":0,"rotation":0,"texture":"#0"}}},{"from":[2.7526817,7.5412216,4.027781],"to":[14.752682,12.541222,22.027782],"faces":{"east":{"uv":[9.0625,7.46875,9.625,7.625],"tintindex":0,"rotation":0,"texture":"#0"},"south":{"uv":[9.75,1.71875,10.125,1.875],"tintindex":0,"rotation":0,"texture":"#0"},"north":{"uv":[9.71875,9.34375,10.09375,9.5],"tintindex":0,"rotation":0,"texture":"#0"},"west":{"uv":[9.0625,7.65625,9.625,7.8125],"tintindex":0,"rotation":0,"texture":"#0"},"up":{"uv":[6.90625,2.40625,6.53125,1.84375],"tintindex":0,"rotation":0,"texture":"#0"},"down":{"uv":[2.53125,6.53125,2.15625,7.09375],"tintindex":0,"rotation":0,"texture":"#0"}}},{"from":[2.7450638,6.774048,0.2277813],"to":[14.745064,15.774048,6.2277813],"faces":{"east":{"uv":[9.40625,9.84375,9.59375,10.125],"tintindex":0,"rotation":0,"texture":"#0"},"south":{"uv":[7.53125,8.875,7.90625,9.15625],"tintindex":0,"rotation":0,"texture":"#0"},"north":{"uv":[5.1875,8.875,5.5625,9.15625],"tintindex":0,"rotation":0,"texture":"#0"},"west":{"uv":[9.875,3.4375,10.0625,3.71875],"tintindex":0,"rotation":0,"texture":"#0"},"up":{"uv":[9.78125,1.46875,9.40625,1.28125],"tintindex":0,"rotation":0,"texture":"#0"},"down":{"uv":[9.78125,1.5,9.40625,1.6875],"tintindex":0,"rotation":0,"texture":"#0"}},"rotation":{"origin":[8.245064,8.374054,13.027781],"angle":-22.5,"axis":"x"}},{"from":[2.7526817,4.005684,20.563316],"to":[14.752682,9.005684,25.563316],"faces":{"east":{"uv":[4.125,10.46875,4.28125,10.625],"tintindex":0,"rotation":0,"texture":"#0"},"south":{"uv":[4.78125,9.71875,5.15625,9.875],"tintindex":0,"rotation":0,"texture":"#0"},"north":{"uv":[4.03125,9.71875,4.40625,9.875],"tintindex":0,"rotation":0,"texture":"#0"},"west":{"uv":[10.46875,4.1875,10.625,4.34375],"tintindex":0,"rotation":0,"texture":"#0"},"up":{"uv":[10.09375,5.3125,9.71875,5.15625],"tintindex":0,"rotation":0,"texture":"#0"},"down":{"uv":[5.5625,9.71875,5.1875,9.875],"tintindex":0,"rotation":0,"texture":"#0"}}},{"from":[2.7626817,7.869238,19.270014],"to":[14.7426815,12.849237,24.250015],"faces":{"east":{"uv":[3.9375,10.46875,4.09375,10.625],"tintindex":0,"rotation":0,"texture":"#0"},"south":{"uv":[8.4375,9.6875,8.8125,9.84375],"tintindex":0,"rotation":0,"texture":"#0"},"north":{"uv":[9.6875,3.0,10.0625,3.15625],"tintindex":0,"rotation":0,"texture":"#0"},"west":{"uv":[10.46875,4.0,10.625,4.15625],"tintindex":0,"rotation":0,"texture":"#0"},"up":{"uv":[1.5625,9.875,1.1875,9.71875],"tintindex":0,"rotation":0,"texture":"#0"},"down":{"uv":[4.0,9.71875,3.625,9.875],"tintindex":0,"rotation":0,"texture":"#0"}},"rotation":{"origin":[8.752682,9.359238,20.260015],"angle":45.0,"axis":"x"}}],"display":{"gui":{"rotation":[30,225,0]}}}