{"textures":{"0":"modelengine:entity/nocsy_ganon"},"elements":[{"from":[1.2573183,7.869238,19.270014],"to":[13.237318,12.849237,24.250015],"faces":{"east":{"uv":[3.5625,10.46875,3.71875,10.625],"tintindex":0,"rotation":0,"texture":"#0"},"south":{"uv":[9.65625,1.09375,10.03125,1.25],"tintindex":0,"rotation":0,"texture":"#0"},"north":{"uv":[7.0625,0.25,7.4375,0.40625],"tintindex":0,"rotation":0,"texture":"#0"},"west":{"uv":[10.46875,3.625,10.625,3.78125],"tintindex":0,"rotation":0,"texture":"#0"},"up":{"uv":[3.09375,9.8125,2.71875,9.65625],"tintindex":0,"rotation":0,"texture":"#0"},"down":{"uv":[10.03125,5.5,9.65625,5.65625],"tintindex":0,"rotation":0,"texture":"#0"}},"rotation":{"origin":[7.2473183,9.359238,20.260015],"angle":45.0,"axis":"x"}},{"from":[4.357319,0.6512201,-1.5622189],"to":[13.337318,9.63122,5.417781],"faces":{"east":{"uv":[9.53125,3.9375,9.75,4.21875],"tintindex":0,"rotation":0,"texture":"#0"},"south":{"uv":[5.3125,9.1875,5.59375,9.46875],"tintindex":0,"rotation":0,"texture":"#0"},"north":{"uv":[6.59375,9.15625,6.875,9.4375],"tintindex":0,"rotation":0,"texture":"#0"},"west":{"uv":[9.53125,4.25,9.75,4.53125],"tintindex":0,"rotation":0,"texture":"#0"},"up":{"uv":[8.40625,9.75,8.125,9.53125],"tintindex":0,"rotation":0,"texture":"#0"},"down":{"uv":[9.8125,8.21875,9.53125,8.4375],"tintindex":0,"rotation":0,"texture":"#0"}}},{"from":[1.2549362,6.774048,0.2277813],"to":[13.254936,15.774048,6.2277813],"faces":{"east":{"uv":[7.28125,9.84375,7.46875,10.125],"tintindex":0,"rotation":0,"texture":"#0"},"south":{"uv":[3.96875,8.875,4.34375,9.15625],"tintindex":0,"rotation":0,"texture":"#0"},"north":{"uv":[1.3125,8.875,1.6875,9.15625],"tintindex":0,"rotation":0,"texture":"#0"},"west":{"uv":[9.84375,9.03125,10.03125,9.3125],"tintindex":0,"rotation":0,"texture":"#0"},"up":{"uv":[9.75,4.875,9.375,4.6875],"tintindex":0,"rotation":0,"texture":"#0"},"down":{"uv":[9.75,5.75,9.375,5.9375],"tintindex":0,"rotation":0,"texture":"#0"}},"rotation":{"origin":[7.754936,8.374054,13.027781],"angle":-22.5,"axis":"x"}},{"from":[1.2473183,4.005684,20.563316],"to":[13.247318,9.005684,25.563316],"faces":{"east":{"uv":[3.75,10.46875,3.90625,10.625],"tintindex":0,"rotation":0,"texture":"#0"},"south":{"uv":[9.65625,7.46875,10.03125,7.625],"tintindex":0,"rotation":0,"texture":"#0"},"north":{"uv":[9.65625,7.28125,10.03125,7.4375],"tintindex":0,"rotation":0,"texture":"#0"},"west":{"uv":[10.46875,3.8125,10.625,3.96875],"tintindex":0,"rotation":0,"texture":"#0"},"up":{"uv":[10.03125,7.8125,9.65625,7.65625],"tintindex":0,"rotation":0,"texture":"#0"},"down":{"uv":[10.03125,7.84375,9.65625,8.0],"tintindex":0,"rotation":0,"texture":"#0"}}},{"from":[1.2473183,7.5412216,4.027781],"to":[13.247318,12.541222,22.027782],"faces":{"east":{"uv":[9.0,0.875,9.5625,1.03125],"tintindex":0,"rotation":0,"texture":"#0"},"south":{"uv":[9.6875,1.96875,10.0625,2.125],"tintindex":0,"rotation":0,"texture":"#0"},"north":{"uv":[9.65625,8.03125,10.03125,8.1875],"tintindex":0,"rotation":0,"texture":"#0"},"west":{"uv":[9.0625,7.28125,9.625,7.4375],"tintindex":0,"rotation":0,"texture":"#0"},"up":{"uv":[1.71875,7.09375,1.34375,6.53125],"tintindex":0,"rotation":0,"texture":"#0"},"down":{"uv":[2.125,6.53125,1.75,7.09375],"tintindex":0,"rotation":0,"texture":"#0"}}}],"display":{"gui":{"rotation":[30,225,0]}}}