{"textures":{"0":"modelengine:entity/nocsy_ganon"},"elements":[{"from":[7.3,21.42486,10.118705],"to":[8.7,23.824862,12.518704],"faces":{"east":{"uv":[6.1875,0.875,6.34375,1.03125],"tintindex":0,"rotation":0,"texture":"#0"},"south":{"uv":[8.53125,9.28125,8.625,9.4375],"tintindex":0,"rotation":0,"texture":"#0"},"north":{"uv":[2.8125,7.375,2.90625,7.53125],"tintindex":0,"rotation":0,"texture":"#0"},"west":{"uv":[6.375,8.21875,6.53125,8.375],"tintindex":0,"rotation":0,"texture":"#0"},"up":{"uv":[1.28125,9.6875,1.1875,9.53125],"tintindex":0,"rotation":0,"texture":"#0"},"down":{"uv":[2.65625,10.03125,2.5625,10.1875],"tintindex":0,"rotation":0,"texture":"#0"}},"rotation":{"origin":[9.0,21.17486,12.918705],"angle":22.5,"axis":"x"}},{"from":[6.55,10.439832,6.171134],"to":[9.45,14.839831,11.571134],"faces":{"east":{"uv":[8.90625,6.53125,9.1875,6.875],"tintindex":0,"rotation":90,"texture":"#0"},"south":{"uv":[6.65625,9.84375,6.46875,10.125],"tintindex":0,"rotation":0,"texture":"#0"},"north":{"uv":[3.0625,10.125,2.875,9.84375],"tintindex":0,"rotation":180,"texture":"#0"},"west":{"uv":[8.90625,6.90625,9.1875,7.25],"tintindex":0,"rotation":270,"texture":"#0"},"up":{"uv":[2.46875,8.0625,2.65625,8.40625],"tintindex":0,"rotation":0,"texture":"#0"},"down":{"uv":[0.90625,3.53125,1.09375,3.875],"tintindex":0,"rotation":180,"texture":"#0"}}},{"from":[6.3,11.360372,9.553662],"to":[10.7,14.760371,11.953662],"faces":{"east":{"uv":[0.0,10.4375,0.15625,10.65625],"tintindex":0,"rotation":0,"texture":"#0"},"south":{"uv":[7.5,9.5,7.78125,9.71875],"tintindex":0,"rotation":0,"texture":"#0"},"north":{"uv":[9.5,5.96875,9.78125,6.1875],"tintindex":0,"rotation":0,"texture":"#0"},"west":{"uv":[0.1875,10.4375,0.34375,10.65625],"tintindex":0,"rotation":0,"texture":"#0"},"up":{"uv":[10.34375,4.9375,10.0625,4.78125],"tintindex":0,"rotation":0,"texture":"#0"},"down":{"uv":[10.34375,4.96875,10.0625,5.125],"tintindex":0,"rotation":0,"texture":"#0"}},"rotation":{"origin":[7.25,9.91037,12.703663],"angle":-45.0,"axis":"z"}},{"from":[5.3,11.360372,9.553662],"to":[9.7,14.760371,11.953662],"faces":{"east":{"uv":[9.4375,10.40625,9.59375,10.625],"tintindex":0,"rotation":0,"texture":"#0"},"south":{"uv":[6.71875,3.25,7.0,3.46875],"tintindex":0,"rotation":0,"texture":"#0"},"north":{"uv":[5.375,0.53125,5.65625,0.75],"tintindex":0,"rotation":0,"texture":"#0"},"west":{"uv":[10.40625,9.4375,10.5625,9.65625],"tintindex":0,"rotation":0,"texture":"#0"},"up":{"uv":[3.375,10.21875,3.09375,10.0625],"tintindex":0,"rotation":0,"texture":"#0"},"down":{"uv":[4.625,10.0625,4.34375,10.21875],"tintindex":0,"rotation":0,"texture":"#0"}},"rotation":{"origin":[8.75,9.91037,12.703663],"angle":45.0,"axis":"z"}},{"from":[5.3,8.71037,7.253663],"to":[10.7,15.11037,16.153664],"faces":{"east":{"uv":[6.09375,4.34375,6.65625,4.75],"tintindex":0,"rotation":0,"texture":"#0"},"south":{"uv":[8.21875,5.4375,8.5625,5.84375],"tintindex":0,"rotation":0,"texture":"#0"},"north":{"uv":[1.90625,5.53125,2.25,5.9375],"tintindex":0,"rotation":0,"texture":"#0"},"west":{"uv":[6.09375,4.78125,6.65625,5.1875],"tintindex":0,"rotation":0,"texture":"#0"},"up":{"uv":[0.875,4.65625,0.53125,4.09375],"tintindex":0,"rotation":0,"texture":"#0"},"down":{"uv":[2.90625,6.53125,2.5625,7.09375],"tintindex":0,"rotation":0,"texture":"#0"}},"rotation":{"origin":[8.75,9.91037,12.703663],"angle":-45.0,"axis":"x"}},{"from":[7.05,16.781437,10.996303],"to":[8.95,20.18144,14.896302],"faces":{"east":{"uv":[5.875,3.0625,6.125,3.28125],"tintindex":0,"rotation":0,"texture":"#0"},"south":{"uv":[8.03125,10.4375,8.15625,10.65625],"tintindex":0,"rotation":0,"texture":"#0"},"north":{"uv":[7.0625,10.4375,7.1875,10.65625],"tintindex":0,"rotation":0,"texture":"#0"},"west":{"uv":[2.40625,9.78125,2.65625,10.0],"tintindex":0,"rotation":0,"texture":"#0"},"up":{"uv":[5.0625,3.8125,4.9375,3.5625],"tintindex":0,"rotation":0,"texture":"#0"},"down":{"uv":[3.0625,10.40625,2.9375,10.65625],"tintindex":0,"rotation":0,"texture":"#0"}},"rotation":{"origin":[6.75,15.981438,13.446302],"angle":-45.0,"axis":"x"}},{"from":[7.6499996,16.281437,11.746303],"to":[11.049999,19.181438,14.646302],"faces":{"east":{"uv":[3.09375,10.25,3.28125,10.4375],"tintindex":0,"rotation":0,"texture":"#0"},"south":{"uv":[0.53125,10.125,0.75,10.3125],"tintindex":0,"rotation":0,"texture":"#0"},"north":{"uv":[10.09375,8.1875,10.3125,8.375],"tintindex":0,"rotation":0,"texture":"#0"},"west":{"uv":[10.25,3.09375,10.4375,3.28125],"tintindex":0,"rotation":0,"texture":"#0"},"up":{"uv":[10.34375,5.34375,10.125,5.15625],"tintindex":0,"rotation":0,"texture":"#0"},"down":{"uv":[10.34375,6.9375,10.125,7.125],"tintindex":0,"rotation":0,"texture":"#0"}},"rotation":{"origin":[9.0,16.981438,16.946302],"angle":-45.0,"axis":"z"}},{"from":[5.8,11.781438,10.996303],"to":[10.2,20.18144,15.896302],"faces":{"east":{"uv":[7.96875,5.875,8.28125,6.40625],"tintindex":0,"rotation":0,"texture":"#0"},"south":{"uv":[3.34375,8.0625,3.625,8.59375],"tintindex":0,"rotation":0,"texture":"#0"},"north":{"uv":[3.03125,8.0625,3.3125,8.59375],"tintindex":0,"rotation":0,"texture":"#0"},"west":{"uv":[0.0,8.0,0.3125,8.53125],"tintindex":0,"rotation":0,"texture":"#0"},"up":{"uv":[9.25,5.71875,8.96875,5.40625],"tintindex":0,"rotation":0,"texture":"#0"},"down":{"uv":[9.28125,2.15625,9.0,2.46875],"tintindex":0,"rotation":0,"texture":"#0"}}},{"from":[6.3,18.781437,12.996303],"to":[9.7,23.18144,16.896301],"faces":{"east":{"uv":[3.34375,9.28125,3.59375,9.5625],"tintindex":0,"rotation":0,"texture":"#0"},"south":{"uv":[7.0625,9.46875,7.28125,9.75],"tintindex":0,"rotation":0,"texture":"#0"},"north":{"uv":[7.09375,8.09375,7.3125,8.375],"tintindex":0,"rotation":0,"texture":"#0"},"west":{"uv":[3.0,9.34375,3.25,9.625],"tintindex":0,"rotation":0,"texture":"#0"},"up":{"uv":[10.0,4.1875,9.78125,3.9375],"tintindex":0,"rotation":0,"texture":"#0"},"down":{"uv":[10.0,4.21875,9.78125,4.46875],"tintindex":0,"rotation":0,"texture":"#0"}},"rotation":{"origin":[8.5,15.981438,13.446302],"angle":-22.5,"axis":"x"}},{"from":[4.95,16.281437,11.746303],"to":[8.35,19.181438,14.646302],"faces":{"east":{"uv":[8.75,4.8125,8.9375,5.0],"tintindex":0,"rotation":0,"texture":"#0"},"south":{"uv":[10.09375,2.28125,10.3125,2.46875],"tintindex":0,"rotation":0,"texture":"#0"},"north":{"uv":[10.0625,7.96875,10.28125,8.15625],"tintindex":0,"rotation":0,"texture":"#0"},"west":{"uv":[8.78125,0.0,8.96875,0.1875],"tintindex":0,"rotation":0,"texture":"#0"},"up":{"uv":[10.3125,6.09375,10.09375,5.90625],"tintindex":0,"rotation":0,"texture":"#0"},"down":{"uv":[10.3125,6.71875,10.09375,6.90625],"tintindex":0,"rotation":0,"texture":"#0"}},"rotation":{"origin":[7.0,16.981438,16.946302],"angle":45.0,"axis":"z"}}],"display":{"gui":{"rotation":[30,225,0]}}}