{"textures":{"0":"modelengine:entity/nocsy_ganon"},"elements":[{"from":[2.5,-4.500001,2.0],"to":[13.5,8.5,14.0],"faces":{"east":{"uv":[8.03125,6.4375,8.40625,6.84375],"tintindex":0,"rotation":0,"texture":"#0"},"south":{"uv":[8.25,2.25,8.59375,2.65625],"tintindex":0,"rotation":0,"texture":"#0"},"north":{"uv":[6.0,8.21875,6.34375,8.625],"tintindex":0,"rotation":0,"texture":"#0"},"west":{"uv":[8.40625,6.4375,8.03125,6.84375],"tintindex":0,"rotation":0,"texture":"#0"},"up":{"uv":[6.5,3.875,6.15625,3.5],"tintindex":0,"rotation":0,"texture":"#0"},"down":{"uv":[8.6875,2.6875,8.34375,3.0625],"tintindex":0,"rotation":0,"texture":"#0"}}},{"from":[3.5,3.472681,2.945539],"to":[12.5,10.472681,14.945539],"faces":{"east":{"uv":[1.3125,9.1875,1.6875,9.40625],"tintindex":0,"rotation":0,"texture":"#0"},"south":{"uv":[0.5625,9.53125,0.84375,9.75],"tintindex":0,"rotation":0,"texture":"#0"},"north":{"uv":[7.8125,9.5,8.09375,9.71875],"tintindex":0,"rotation":0,"texture":"#0"},"west":{"uv":[3.625,9.1875,4.0,9.40625],"tintindex":0,"rotation":0,"texture":"#0"},"up":{"uv":[3.25,6.40625,2.96875,6.03125],"tintindex":0,"rotation":0,"texture":"#0"},"down":{"uv":[0.96875,8.84375,0.6875,9.21875],"tintindex":0,"rotation":0,"texture":"#0"}},"rotation":{"origin":[8.0,5.972681,9.645538],"angle":45.0,"axis":"x"}},{"from":[3.5,-13.800001,0.10000038],"to":[12.5,-1.8000011,10.1],"faces":{"east":{"uv":[0.0,8.5625,0.3125,8.9375],"tintindex":0,"rotation":0,"texture":"#0"},"south":{"uv":[2.40625,8.84375,2.6875,9.21875],"tintindex":0,"rotation":0,"texture":"#0"},"north":{"uv":[1.0,8.84375,1.28125,9.21875],"tintindex":0,"rotation":0,"texture":"#0"},"west":{"uv":[8.65625,0.21875,8.96875,0.59375],"tintindex":0,"rotation":0,"texture":"#0"},"up":{"uv":[3.3125,9.3125,3.03125,9.0],"tintindex":0,"rotation":0,"texture":"#0"},"down":{"uv":[9.28125,3.3125,9.0,3.625],"tintindex":0,"rotation":0,"texture":"#0"}},"rotation":{"origin":[8.0,1.999999,8.0],"angle":-22.5,"axis":"x"}}],"display":{"gui":{"rotation":[30,225,0]}}}