{"textures":{"0":"modelengine:entity/nocsy_ganon"},"elements":[{"from":[5.4265876,-0.627347,-8.877041],"to":[6.9265876,7.872654,-8.877041],"faces":{"south":{"uv":[9.625,9.84375,9.71875,10.375],"tintindex":0,"rotation":0,"texture":"#0"},"north":{"uv":[8.3125,9.78125,8.40625,10.3125],"tintindex":0,"rotation":0,"texture":"#0"}},"rotation":{"origin":[22.176588,3.122653,1.1229582],"angle":45.0,"axis":"y"}},{"from":[4.822141,-2.627347,5.335269],"to":[11.322142,9.372654,11.335269],"faces":{"east":{"uv":[0.0,4.84375,0.375,5.59375],"tintindex":0,"rotation":0,"texture":"#0"},"south":{"uv":[4.4375,4.40625,4.84375,5.15625],"tintindex":0,"rotation":0,"texture":"#0"},"north":{"uv":[3.4375,4.34375,3.84375,5.09375],"tintindex":0,"rotation":0,"texture":"#0"},"west":{"uv":[4.9375,2.78125,5.3125,3.53125],"tintindex":0,"rotation":0,"texture":"#0"},"up":{"uv":[8.28125,5.40625,7.875,5.03125],"tintindex":0,"rotation":0,"texture":"#0"},"down":{"uv":[0.75,8.03125,0.34375,8.40625],"tintindex":0,"rotation":0,"texture":"#0"}}},{"from":[4.322141,-0.627347,4.835269],"to":[11.822142,7.872654,4.835269],"faces":{"south":{"uv":[5.3125,5.40625,5.78125,5.9375],"tintindex":0,"rotation":0,"texture":"#0"},"north":{"uv":[4.8125,5.40625,5.28125,5.9375],"tintindex":0,"rotation":0,"texture":"#0"}}},{"from":[11.602471,-0.627347,5.3655987],"to":[13.102472,7.872654,5.3655987],"faces":{"south":{"uv":[1.59375,9.71875,1.6875,10.25],"tintindex":0,"rotation":0,"texture":"#0"},"north":{"uv":[0.40625,4.84375,0.5,5.375],"tintindex":0,"rotation":0,"texture":"#0"}},"rotation":{"origin":[12.352472,3.122653,5.3655987],"angle":-45.0,"axis":"y"}}],"display":{"gui":{"rotation":[30,225,0]}}}