{"textures":{"0":"modelengine:entity/nocsy_ganon"},"elements":[{"from":[4.996933,23.372711,8.85719],"to":[6.006933,23.716043,9.200523],"faces":{"east":{"uv":[3.1875,6.4375,3.21875,6.46875],"tintindex":0,"rotation":0,"texture":"#0"},"south":{"uv":[8.625,4.96875,8.71875,5.0],"tintindex":0,"rotation":0,"texture":"#0"},"north":{"uv":[8.5,4.96875,8.59375,5.0],"tintindex":0,"rotation":0,"texture":"#0"},"west":{"uv":[6.9375,2.25,6.96875,2.28125],"tintindex":0,"rotation":0,"texture":"#0"},"up":{"uv":[8.75,1.0625,8.65625,1.03125],"tintindex":0,"rotation":0,"texture":"#0"},"down":{"uv":[8.78125,7.6875,8.6875,7.71875],"tintindex":0,"rotation":0,"texture":"#0"}},"rotation":{"origin":[17.141933,20.151043,8.918857],"angle":-22.5,"axis":"z"}},{"from":[4.981765,11.636788,8.50219],"to":[6.648432,12.970121,9.50219],"faces":{"east":{"uv":[3.375,10.71875,3.46875,10.84375],"tintindex":0,"rotation":0,"texture":"#0"},"south":{"uv":[10.625,5.21875,10.78125,5.34375],"tintindex":0,"rotation":0,"texture":"#0"},"north":{"uv":[10.625,4.375,10.78125,4.5],"tintindex":0,"rotation":0,"texture":"#0"},"west":{"uv":[8.96875,10.71875,9.0625,10.84375],"tintindex":0,"rotation":0,"texture":"#0"},"up":{"uv":[2.65625,8.53125,2.5,8.4375],"tintindex":0,"rotation":0,"texture":"#0"},"down":{"uv":[10.8125,1.125,10.65625,1.21875],"tintindex":0,"rotation":0,"texture":"#0"}},"rotation":{"origin":[5.8917646,12.606122,8.818856],"angle":-22.5,"axis":"z"}},{"from":[7.8568163,10.512888,8.34219],"to":[9.176817,13.499554,9.6621895],"faces":{"east":{"uv":[10.3125,4.375,10.4375,4.65625],"tintindex":0,"rotation":0,"texture":"#0"},"south":{"uv":[10.3125,8.40625,10.4375,8.6875],"tintindex":0,"rotation":0,"texture":"#0"},"north":{"uv":[10.3125,4.0625,10.4375,4.34375],"tintindex":0,"rotation":0,"texture":"#0"},"west":{"uv":[0.46875,10.34375,0.59375,10.625],"tintindex":0,"rotation":0,"texture":"#0"},"up":{"uv":[10.78125,3.4375,10.65625,3.3125],"tintindex":0,"rotation":0,"texture":"#0"},"down":{"uv":[10.78125,3.46875,10.65625,3.59375],"tintindex":0,"rotation":0,"texture":"#0"}},"rotation":{"origin":[8.013484,11.222888,8.985523],"angle":-45.0,"axis":"z"}},{"from":[2.277833,14.295943,8.508857],"to":[4.597832,15.28261,9.495523],"faces":{"east":{"uv":[9.6875,10.78125,9.78125,10.875],"tintindex":0,"rotation":0,"texture":"#0"},"south":{"uv":[10.53125,4.71875,10.75,4.8125],"tintindex":0,"rotation":0,"texture":"#0"},"north":{"uv":[10.53125,4.59375,10.75,4.6875],"tintindex":0,"rotation":0,"texture":"#0"},"west":{"uv":[10.8125,2.8125,10.90625,2.90625],"tintindex":0,"rotation":0,"texture":"#0"},"up":{"uv":[10.75,4.9375,10.53125,4.84375],"tintindex":0,"rotation":0,"texture":"#0"},"down":{"uv":[10.75,4.96875,10.53125,5.0625],"tintindex":0,"rotation":0,"texture":"#0"}},"rotation":{"origin":[4.7411656,13.859276,8.818856],"angle":22.5,"axis":"z"}},{"from":[5.9458976,16.521402,8.30219],"to":[7.8325644,18.40807,9.668857],"faces":{"east":{"uv":[8.6875,6.125,8.8125,6.28125],"tintindex":0,"rotation":0,"texture":"#0"},"south":{"uv":[10.46875,1.96875,10.625,2.125],"tintindex":0,"rotation":0,"texture":"#0"},"north":{"uv":[8.90625,9.46875,9.0625,9.625],"tintindex":0,"rotation":0,"texture":"#0"},"west":{"uv":[3.375,10.53125,3.5,10.6875],"tintindex":0,"rotation":0,"texture":"#0"},"up":{"uv":[7.1875,3.96875,7.03125,3.84375],"tintindex":0,"rotation":0,"texture":"#0"},"down":{"uv":[4.1875,8.40625,4.03125,8.53125],"tintindex":0,"rotation":0,"texture":"#0"}},"rotation":{"origin":[7.929231,18.556736,8.985523],"angle":45.0,"axis":"z"}},{"from":[7.1326675,11.063402,8.595523],"to":[8.799335,14.396735,9.26219],"faces":{"east":{"uv":[7.9375,10.46875,8.0,10.78125],"tintindex":0,"rotation":0,"texture":"#0"},"south":{"uv":[3.78125,9.90625,3.9375,10.21875],"tintindex":0,"rotation":0,"texture":"#0"},"north":{"uv":[3.59375,9.90625,3.75,10.21875],"tintindex":0,"rotation":0,"texture":"#0"},"west":{"uv":[5.3125,10.5625,5.375,10.875],"tintindex":0,"rotation":0,"texture":"#0"},"up":{"uv":[6.0625,0.5,5.90625,0.4375],"tintindex":0,"rotation":0,"texture":"#0"},"down":{"uv":[6.46875,2.28125,6.3125,2.34375],"tintindex":0,"rotation":0,"texture":"#0"}}},{"from":[5.9626675,16.045433,8.858856],"to":[9.969334,24.718765,9.198856],"faces":{"east":{"uv":[3.3125,10.25,3.34375,11.0625],"tintindex":0,"rotation":0,"texture":"#0"},"south":{"uv":[3.875,4.59375,4.25,5.40625],"tintindex":0,"rotation":0,"texture":"#0"},"north":{"uv":[4.5625,0.0,4.9375,0.8125],"tintindex":0,"rotation":0,"texture":"#0"},"west":{"uv":[0.375,10.4375,0.40625,11.25],"tintindex":0,"rotation":0,"texture":"#0"},"up":{"uv":[4.0625,3.3125,3.6875,3.28125],"tintindex":0,"rotation":0,"texture":"#0"},"down":{"uv":[4.46875,3.28125,4.09375,3.3125],"tintindex":0,"rotation":0,"texture":"#0"}}},{"from":[13.460206,13.261268,8.668857],"to":[14.460206,13.927935,9.335524],"faces":{"east":{"uv":[6.09375,0.4375,6.15625,0.5],"tintindex":0,"rotation":0,"texture":"#0"},"south":{"uv":[8.46875,2.15625,8.5625,2.21875],"tintindex":0,"rotation":0,"texture":"#0"},"north":{"uv":[8.34375,2.15625,8.4375,2.21875],"tintindex":0,"rotation":0,"texture":"#0"},"west":{"uv":[7.34375,4.34375,7.40625,4.40625],"tintindex":0,"rotation":0,"texture":"#0"},"up":{"uv":[7.6875,8.53125,7.59375,8.46875],"tintindex":0,"rotation":0,"texture":"#0"},"down":{"uv":[8.75,3.875,8.65625,3.9375],"tintindex":0,"rotation":0,"texture":"#0"}},"rotation":{"origin":[13.960206,13.594601,9.00219],"angle":-45.0,"axis":"z"}},{"from":[5.569279,11.510069,8.335524],"to":[6.9026127,15.176735,9.668857],"faces":{"east":{"uv":[8.0625,10.0625,8.1875,10.40625],"tintindex":0,"rotation":0,"texture":"#0"},"south":{"uv":[10.0625,8.90625,10.1875,9.25],"tintindex":0,"rotation":0,"texture":"#0"},"north":{"uv":[10.0625,7.59375,10.1875,7.9375],"tintindex":0,"rotation":0,"texture":"#0"},"west":{"uv":[10.0625,9.8125,10.1875,10.15625],"tintindex":0,"rotation":0,"texture":"#0"},"up":{"uv":[3.21875,10.78125,3.09375,10.65625],"tintindex":0,"rotation":0,"texture":"#0"},"down":{"uv":[10.78125,3.15625,10.65625,3.28125],"tintindex":0,"rotation":0,"texture":"#0"}},"rotation":{"origin":[6.999279,11.406735,8.985523],"angle":-22.5,"axis":"z"}},{"from":[10.702492,11.966279,8.518857],"to":[12.002492,13.932945,9.485523],"faces":{"east":{"uv":[7.9375,8.875,8.03125,9.0625],"tintindex":0,"rotation":0,"texture":"#0"},"south":{"uv":[7.46875,10.46875,7.59375,10.65625],"tintindex":0,"rotation":0,"texture":"#0"},"north":{"uv":[10.46875,7.375,10.59375,7.5625],"tintindex":0,"rotation":0,"texture":"#0"},"west":{"uv":[9.28125,9.9375,9.375,10.125],"tintindex":0,"rotation":0,"texture":"#0"},"up":{"uv":[9.5625,2.78125,9.4375,2.6875],"tintindex":0,"rotation":0,"texture":"#0"},"down":{"uv":[9.6875,5.15625,9.5625,5.25],"tintindex":0,"rotation":0,"texture":"#0"}}},{"from":[7.3660007,5.3462205,8.40219],"to":[8.566001,11.212888,9.60219],"faces":{"east":{"uv":[7.34375,9.25,7.46875,9.8125],"tintindex":0,"rotation":0,"texture":"#0"},"south":{"uv":[5.96875,9.3125,6.09375,9.875],"tintindex":0,"rotation":0,"texture":"#0"},"north":{"uv":[4.28125,4.59375,4.40625,5.15625],"tintindex":0,"rotation":0,"texture":"#0"},"west":{"uv":[1.71875,9.34375,1.84375,9.90625],"tintindex":0,"rotation":0,"texture":"#0"},"up":{"uv":[3.8125,10.78125,3.6875,10.65625],"tintindex":0,"rotation":0,"texture":"#0"},"down":{"uv":[10.78125,3.78125,10.65625,3.90625],"tintindex":0,"rotation":0,"texture":"#0"}}},{"from":[6.892667,3.6100683,8.108856],"to":[8.972668,5.4300685,9.928857],"faces":{"east":{"uv":[10.46875,2.4375,10.625,2.59375],"tintindex":0,"rotation":0,"texture":"#0"},"south":{"uv":[7.75,5.875,7.9375,6.03125],"tintindex":0,"rotation":0,"texture":"#0"},"north":{"uv":[5.59375,5.21875,5.78125,5.375],"tintindex":0,"rotation":0,"texture":"#0"},"west":{"uv":[2.53125,10.46875,2.6875,10.625],"tintindex":0,"rotation":0,"texture":"#0"},"up":{"uv":[9.28125,2.125,9.09375,1.96875],"tintindex":0,"rotation":0,"texture":"#0"},"down":{"uv":[9.8125,10.4375,9.625,10.59375],"tintindex":0,"rotation":0,"texture":"#0"}}},{"from":[9.283569,11.636788,8.50219],