{"textures":{"0":"modelengine:entity/nocsy_ganon"},"elements":[{"from":[8.51,-8.976601,4.931522],"to":[14.49,-2.9966009,11.911522],"faces":{"east":{"uv":[6.125,10.15625,6.34375,10.34375],"tintindex":0,"rotation":0,"texture":"#0"},"south":{"uv":[10.25,3.53125,10.4375,3.71875],"tintindex":0,"rotation":0,"texture":"#0"},"north":{"uv":[10.25,3.3125,10.4375,3.5],"tintindex":0,"rotation":0,"texture":"#0"},"west":{"uv":[6.375,10.15625,6.59375,10.34375],"tintindex":0,"rotation":0,"texture":"#0"},"up":{"uv":[6.8125,10.375,6.625,10.15625],"tintindex":0,"rotation":0,"texture":"#0"},"down":{"uv":[7.4375,10.15625,7.25,10.375],"tintindex":0,"rotation":0,"texture":"#0"}},"rotation":{"origin":[8.0,-6.6866007,8.971521],"angle":22.5,"axis":"x"}},{"from":[2.51,-8.976601,3.5315216],"to":[13.49,7.003399,15.511522],"faces":{"east":{"uv":[7.40625,3.25,7.78125,3.75],"tintindex":0,"rotation":0,"texture":"#0"},"south":{"uv":[7.90625,0.78125,8.25,1.28125],"tintindex":0,"rotation":0,"texture":"#0"},"north":{"uv":[7.90625,0.25,8.25,0.75],"tintindex":0,"rotation":0,"texture":"#0"},"west":{"uv":[7.4375,4.34375,7.8125,4.84375],"tintindex":0,"rotation":0,"texture":"#0"},"up":{"uv":[8.6875,4.53125,8.34375,4.15625],"tintindex":0,"rotation":0,"texture":"#0"},"down":{"uv":[8.71875,1.28125,8.375,1.65625],"tintindex":0,"rotation":0,"texture":"#0"}},"rotation":{"origin":[8.0,-2.1866007,13.721521],"angle":22.5,"axis":"x"}},{"from":[1.509999,-8.976601,4.931522],"to":[7.49,-2.9966009,10.911522],"faces":{"east":{"uv":[3.78125,10.25,3.96875,10.4375],"tintindex":0,"rotation":0,"texture":"#0"},"south":{"uv":[4.0,10.25,4.1875,10.4375],"tintindex":0,"rotation":0,"texture":"#0"},"north":{"uv":[3.5625,10.25,3.75,10.4375],"tintindex":0,"rotation":0,"texture":"#0"},"west":{"uv":[4.21875,10.25,4.40625,10.4375],"tintindex":0,"rotation":0,"texture":"#0"},"up":{"uv":[4.625,10.4375,4.4375,10.25],"tintindex":0,"rotation":0,"texture":"#0"},"down":{"uv":[4.84375,10.25,4.65625,10.4375],"tintindex":0,"rotation":0,"texture":"#0"}},"rotation":{"origin":[8.0,-6.6866007,8.971521],"angle":22.5,"axis":"x"}},{"from":[8.5,-9.686602,-0.27847862],"to":[14.5,-1.6866007,6.721522],"faces":{"east":{"uv":[9.78125,4.5,10.0,4.75],"tintindex":0,"rotation":0,"texture":"#0"},"south":{"uv":[5.6875,9.9375,5.875,10.1875],"tintindex":0,"rotation":0,"texture":"#0"},"north":{"uv":[5.46875,9.9375,5.65625,10.1875],"tintindex":0,"rotation":0,"texture":"#0"},"west":{"uv":[9.78125,5.6875,10.0,5.9375],"tintindex":0,"rotation":0,"texture":"#0"},"up":{"uv":[0.96875,10.34375,0.78125,10.125],"tintindex":0,"rotation":0,"texture":"#0"},"down":{"uv":[10.3125,9.28125,10.125,9.5],"tintindex":0,"rotation":0,"texture":"#0"}}},{"from":[1.499999,-9.686602,-0.27847862],"to":[7.5,-1.6866007,6.721522],"faces":{"east":{"uv":[7.03125,9.78125,7.25,10.03125],"tintindex":0,"rotation":0,"texture":"#0"},"south":{"uv":[7.5,9.96875,7.6875,10.21875],"tintindex":0,"rotation":0,"texture":"#0"},"north":{"uv":[9.0625,9.9375,9.25,10.1875],"tintindex":0,"rotation":0,"texture":"#0"},"west":{"uv":[8.0625,9.78125,8.28125,10.03125],"tintindex":0,"rotation":0,"texture":"#0"},"up":{"uv":[3.0625,10.375,2.875,10.15625],"tintindex":0,"rotation":0,"texture":"#0"},"down":{"uv":[6.09375,10.15625,5.90625,10.375],"tintindex":0,"rotation":0,"texture":"#0"}}}],"display":{"gui":{"rotation":[30,225,0]}}}