{"textures":{"0":"modelengine:entity/nocsy_ganon"},"elements":[{"from":[3.4493237,10.089008,5.6563225],"to":[4.9493246,12.089008,6.6563225],"faces":{"east":{"uv":[5.78125,2.625,5.84375,2.75],"tintindex":0,"rotation":0,"texture":"#0"},"south":{"uv":[10.21875,9.125,10.3125,9.25],"tintindex":0,"rotation":0,"texture":"#0"},"north":{"uv":[2.6875,7.84375,2.78125,7.96875],"tintindex":0,"rotation":0,"texture":"#0"},"west":{"uv":[8.625,2.53125,8.6875,2.65625],"tintindex":0,"rotation":0,"texture":"#0"},"up":{"uv":[7.53125,6.03125,7.4375,5.96875],"tintindex":0,"rotation":0,"texture":"#0"},"down":{"uv":[7.65625,5.96875,7.5625,6.03125],"tintindex":0,"rotation":0,"texture":"#0"}},"rotation":{"origin":[4.1993246,11.089008,5.9063225],"angle":22.5,"axis":"x"}},{"from":[2.1048741,7.324869,8.713822],"to":[4.089875,10.30987,10.698822],"faces":{"east":{"uv":[10.46875,4.375,10.59375,4.5625],"tintindex":0,"rotation":0,"texture":"#0"},"south":{"uv":[4.46875,10.46875,4.59375,10.65625],"tintindex":0,"rotation":0,"texture":"#0"},"north":{"uv":[4.3125,10.46875,4.4375,10.65625],"tintindex":0,"rotation":0,"texture":"#0"},"west":{"uv":[4.625,10.46875,4.75,10.65625],"tintindex":0,"rotation":0,"texture":"#0"},"up":{"uv":[3.25,9.78125,3.125,9.65625],"tintindex":0,"rotation":0,"texture":"#0"},"down":{"uv":[10.78125,1.875,10.65625,2.0],"tintindex":0,"rotation":0,"texture":"#0"}},"rotation":{"origin":[3.597375,9.317369,9.706322],"angle":45.0,"axis":"z"}},{"from":[5.0910883,1.8079624,5.2063227],"to":[11.091088,10.807962,10.706322],"faces":{"east":{"uv":[6.21875,6.65625,6.5625,7.21875],"tintindex":0,"rotation":0,"texture":"#0"},"south":{"uv":[4.78125,6.5,5.15625,7.0625],"tintindex":0,"rotation":0,"texture":"#0"},"north":{"uv":[4.375,6.5,4.75,7.0625],"tintindex":0,"rotation":0,"texture":"#0"},"west":{"uv":[6.9375,5.46875,7.28125,6.03125],"tintindex":0,"rotation":0,"texture":"#0"},"up":{"uv":[0.71875,8.78125,0.34375,8.4375],"tintindex":0,"rotation":0,"texture":"#0"},"down":{"uv":[8.8125,6.3125,8.4375,6.65625],"tintindex":0,"rotation":0,"texture":"#0"}}},{"from":[4.5910883,-5.6920376,4.7063227],"to":[11.591089,1.8079624,11.206322],"faces":{"east":{"uv":[3.40625,7.125,3.8125,7.59375],"tintindex":0,"rotation":0,"texture":"#0"},"south":{"uv":[6.5625,3.5,7.0,3.96875],"tintindex":0,"rotation":0,"texture":"#0"},"north":{"uv":[6.53125,2.4375,6.96875,2.90625],"tintindex":0,"rotation":0,"texture":"#0"},"west":{"uv":[3.84375,7.125,4.25,7.59375],"tintindex":0,"rotation":0,"texture":"#0"},"up":{"uv":[8.0,6.96875,7.5625,6.5625],"tintindex":0,"rotation":0,"texture":"#0"},"down":{"uv":[0.90625,7.59375,0.46875,8.0],"tintindex":0,"rotation":0,"texture":"#0"}}},{"from":[4.0910883,9.307962,6.7063227],"to":[6.0910883,12.307962,8.706322],"faces":{"east":{"uv":[4.9375,10.46875,5.0625,10.65625],"tintindex":0,"rotation":0,"texture":"#0"},"south":{"uv":[5.09375,10.46875,5.21875,10.65625],"tintindex":0,"rotation":0,"texture":"#0"},"north":{"uv":[4.78125,10.46875,4.90625,10.65625],"tintindex":0,"rotation":0,"texture":"#0"},"west":{"uv":[5.46875,10.46875,5.59375,10.65625],"tintindex":0,"rotation":0,"texture":"#0"},"up":{"uv":[2.34375,10.78125,2.21875,10.65625],"tintindex":0,"rotation":0,"texture":"#0"},"down":{"uv":[10.78125,2.40625,10.65625,2.53125],"tintindex":0,"rotation":0,"texture":"#0"}},"rotation":{"origin":[8.091088,6.3079624,7.9563227],"angle":22.5,"axis":"z"}},{"from":[2.4493237,10.089008,7.4063225],"to":[3.9493246,13.589008,8.4063225],"faces":{"east":{"uv":[3.8125,6.0,3.875,6.21875],"tintindex":0,"rotation":0,"texture":"#0"},"south":{"uv":[5.6875,1.09375,5.78125,1.3125],"tintindex":0,"rotation":0,"texture":"#0"},"north":{"uv":[3.28125,5.46875,3.375,5.6875],"tintindex":0,"rotation":0,"texture":"#0"},"west":{"uv":[4.375,6.25,4.4375,6.46875],"tintindex":0,"rotation":0,"texture":"#0"},"up":{"uv":[5.625,1.375,5.53125,1.3125],"tintindex":0,"rotation":0,"texture":"#0"},"down":{"uv":[6.65625,4.25,6.5625,4.3125],"tintindex":0,"rotation":0,"texture":"#0"}}},{"from":[4.5910883,-1.1920376,4.6563225],"to":[11.591089,5.8079624,4.6563225],"faces":{"south":{"uv":[2.9375,7.09375,3.375,7.53125],"tintindex":0,"rotation":0,"texture":"#0"},"north":{"uv":[0.0,7.09375,0.4375,7.53125],"tintindex":0,"rotation":0,"texture":"#0"}}},{"from":[4.5910883,-1.1920376,11.206322],"to":[11.591089,5.8079624,11.206322],"faces":{"south":{"uv":[5.6875,7.09375,6.125,7.53125],"tintindex":0,"rotation":0,"texture":"#0"},"north":{"uv":[4.3125,7.09375,4.75,7.53125],"tintindex":0,"rotation":0,"texture":"#0"}}},{"from":[3.2475204,7.5488663,5.2063227],"to":[5.2475204,10.548866,6.7063227],"faces":{"east":{"uv":[6.0,8.0,6.09375,8.1875],"tintindex":0,"rotation":0,"texture":"#0"},"south":{"uv":[10.46875,7.15625,10.59375,7.34375],"tintindex":0,"rotation":0,"texture":"#0"},"north":{"uv":[5.625,10.46875,5.75,10.65625],"tintindex":0,"rotation":0,"texture":"#0"},"west":{"uv":[4.375,8.875,4.46875,9.0625],"tintindex":0,"rotation":0,"texture":"#0"},"up":{"uv":[1.9375,4.78125,1.8125,4.6875],"tintindex":0,"rotation":0,"texture":"#0"},"down":{"uv":[6.34375,8.65625,6.21875,8.75],"tintindex":0,"rotation":0,"texture":"#0"}}},{"from":[4.541089,-1.1920376,4.681322],"to":[4.541089,5.8079624,11.181322],"faces":{"east":{"uv":[0.9375,7.59375,1.34375,8.03125],"tintindex":0,"rotation":0,"texture":"#0"},"west":{"uv":[1.375,7.59375,1.78125,8.03125],"tintindex":0,"rotation":0,"texture":"#0"}}},{"from":[2.4493237,9.339008,8.556322],"to":[3.9493246,11.839008,9.556322],"faces":{"east":{"uv":[7.375,2.75,7.4375,2.90625],"tintindex":0,"rotation":0,"texture":"#0"},"south":{"uv":[5.59375,10.6875,5.6875,10.84375],"tintindex":0,"rotation":0,"texture":"#0"},"north":{"uv":[5.46875,10.6875,5.5625,10.84375],"tintindex":0,"rotation":0,"texture":"#0"},"west":{"uv":[0.25,8.96875,0.3125,9.125],"tintindex":0,"rotation":0,"texture":"#0"},"up":{"uv":[7.3125,4.40625,7.21875,4.34375],"tintindex":0,"rotation":0,"texture":"#0"},"down":{"uv":[7.40625,5.96875,7.3125,6.03125],"tintindex":0,"rotation":0,"texture":"#0"}},"rotation":{"origin":[3.1993237,11.339008,9.9063225],"angle":-22.5,"axis":"x"}},{"from":[11.6410885,-1.1920376,4.681322],"to":[11.6410885,5.8079624,11.181322],"faces":{"east":{"uv":[1.8125,7.59375,2.21875,8.03125],"tintindex":0,"rotation":0,"texture":"#0"},"west":{"uv":[2.25,7.59375,2.65625,8.03125],"tintindex":0,"rotation":0,"texture":"#0"}}},{"from":[4.0960884,4.3129625,5.2113223],"to":[6.586088,9.302962,10.701323],"faces":{"east":{"uv":[8.6875,5.78125,9.03125,6.09375],"tintindex":0,"rotation":0,"texture":"#0"},"south":{"uv":[9.90625,0.1875,10.0625,0.5],"tintindex":0,"rotation":0,"texture":"#0"},"north":{"uv":[9.875,9.875,10.03125,10.1875],"tintindex":0,"rotation":0,"texture":"#0"},"west":{"uv":[8.6875,7.34375,9.03125,7.65625],"tintindex":0,"rotation":0,"texture":"#0"},"up":{"uv":[3.5625,10.15625,3.40625,9.8125],"tintindex":0,"rotation":0,"texture":"#0"},"down":{"uv":[0.5,9.84375,0.34375,10.1875],"tintindex":0,"rotation":0,"texture":"#0"}},"rotation":{"origin":[8.091088,6.3079624,7.9563227],"angle":22.5,"axis":"z"}}],"display":{"gui":{"rotation":[30,225,0]}}}