{"textures":{"0":"modelengine:entity/nocsy_ganon"},"elements":[{"from":[8.3,7.049999,-4.75],"to":[12.3,9.049999,-1.75],"faces":{"east":{"uv":[6.6875,5.0625,6.875,5.1875],"tintindex":0,"rotation":0,"texture":"#0"},"south":{"uv":[5.1875,6.5,5.4375,6.625],"tintindex":0,"rotation":0,"texture":"#0"},"north":{"uv":[5.09375,1.84375,5.34375,1.96875],"tintindex":0,"rotation":0,"texture":"#0"},"west":{"uv":[10.5,5.78125,10.6875,5.90625],"tintindex":0,"rotation":0,"texture":"#0"},"up":{"uv":[10.28125,4.53125,10.03125,4.34375],"tintindex":0,"rotation":0,"texture":"#0"},"down":{"uv":[10.28125,4.5625,10.03125,4.75],"tintindex":0,"rotation":0,"texture":"#0"}}},{"from":[0.6999998,5.75,0.20000029],"to":[4.2,10.25,7.2],"faces":{"east":{"uv":[3.40625,5.125,3.84375,5.40625],"tintindex":0,"rotation":0,"texture":"#0"},"south":{"uv":[9.59375,0.0,9.8125,0.28125],"tintindex":0,"rotation":0,"texture":"#0"},"north":{"uv":[9.5625,6.71875,9.78125,7.0],"tintindex":0,"rotation":0,"texture":"#0"},"west":{"uv":[4.03125,8.5625,4.46875,8.84375],"tintindex":0,"rotation":0,"texture":"#0"},"up":{"uv":[8.625,9.25,8.40625,8.8125],"tintindex":0,"rotation":0,"texture":"#0"},"down":{"uv":[1.9375,8.875,1.71875,9.3125],"tintindex":0,"rotation":0,"texture":"#0"}}},{"from":[5.3,6.5,-4.0],"to":[9.3,9.5,-1.0],"faces":{"east":{"uv":[5.90625,10.40625,6.09375,10.59375],"tintindex":0,"rotation":0,"texture":"#0"},"south":{"uv":[8.71875,2.875,8.96875,3.0625],"tintindex":0,"rotation":0,"texture":"#0"},"north":{"uv":[5.34375,3.34375,5.59375,3.53125],"tintindex":0,"rotation":0,"texture":"#0"},"west":{"uv":[6.59375,10.40625,6.78125,10.59375],"tintindex":0,"rotation":0,"texture":"#0"},"up":{"uv":[10.28125,4.09375,10.03125,3.90625],"tintindex":0,"rotation":0,"texture":"#0"},"down":{"uv":[10.28125,4.125,10.03125,4.3125],"tintindex":0,"rotation":0,"texture":"#0"}},"rotation":{"origin":[6.8,8.0,-2.1499996],"angle":22.5,"axis":"y"}},{"from":[3.4,6.25,-4.5],"to":[6.4,9.75,0.5],"faces":{"east":{"uv":[5.46875,5.96875,5.78125,6.1875],"tintindex":0,"rotation":0,"texture":"#0"},"south":{"uv":[10.25,1.71875,10.4375,1.9375],"tintindex":0,"rotation":0,"texture":"#0"},"north":{"uv":[5.6875,10.21875,5.875,10.4375],"tintindex":0,"rotation":0,"texture":"#0"},"west":{"uv":[9.40625,1.71875,9.71875,1.9375],"tintindex":0,"rotation":0,"texture":"#0"},"up":{"uv":[8.03125,10.0625,7.84375,9.75],"tintindex":0,"rotation":0,"texture":"#0"},"down":{"uv":[9.9375,9.53125,9.75,9.84375],"tintindex":0,"rotation":0,"texture":"#0"}},"rotation":{"origin":[2.6999998,8.0,-2.2999992],"angle":-45.0,"axis":"y"}},{"from":[4.5,6.25,6.0],"to":[9.0,9.75,10.0],"faces":{"east":{"uv":[9.8125,3.1875,10.0625,3.40625],"tintindex":0,"rotation":0,"texture":"#0"},"south":{"uv":[9.5625,6.46875,9.84375,6.6875],"tintindex":0,"rotation":0,"texture":"#0"},"north":{"uv":[9.5625,6.21875,9.84375,6.4375],"tintindex":0,"rotation":0,"texture":"#0"},"west":{"uv":[4.4375,9.8125,4.6875,10.03125],"tintindex":0,"rotation":0,"texture":"#0"},"up":{"uv":[5.125,9.65625,4.84375,9.40625],"tintindex":0,"rotation":0,"texture":"#0"},"down":{"uv":[9.6875,9.34375,9.40625,9.59375],"tintindex":0,"rotation":0,"texture":"#0"}}},{"from":[0.75,6.0,7.1],"to":[5.75,10.0,11.6],"faces":{"east":{"uv":[1.3125,9.4375,1.59375,9.6875],"tintindex":0,"rotation":0,"texture":"#0"},"south":{"uv":[0.96875,9.25,1.28125,9.5],"tintindex":0,"rotation":0,"texture":"#0"},"north":{"uv":[0.625,9.25,0.9375,9.5],"tintindex":0,"rotation":0,"texture":"#0"},"west":{"uv":[1.875,9.4375,2.15625,9.6875],"tintindex":0,"rotation":0,"texture":"#0"},"up":{"uv":[5.40625,4.375,5.09375,4.09375],"tintindex":0,"rotation":0,"texture":"#0"},"down":{"uv":[4.21875,5.4375,3.90625,5.71875],"tintindex":0,"rotation":0,"texture":"#0"}},"rotation":{"origin":[6.3,8.0,9.55],"angle":-45.0,"axis":"y"}},{"from":[12.1,8.049999,-4.25],"to":[15.1,9.549999,-2.25],"faces":{"east":{"uv":[10.8125,2.28125,10.9375,2.375],"tintindex":0,"rotation":0,"texture":"#0"},"south":{"uv":[6.5,2.9375,6.6875,3.03125],"tintindex":0,"rotation":0,"texture":"#0"},"north":{"uv":[6.375,6.09375,6.5625,6.1875],"tintindex":0,"rotation":0,"texture":"#0"},"west":{"uv":[10.8125,2.40625,10.9375,2.5],"tintindex":0,"rotation":0,"texture":"#0"},"up":{"uv":[10.6875,6.78125,10.5,6.65625],"tintindex":0,"rotation":0,"texture":"#0"},"down":{"uv":[10.6875,9.09375,10.5,9.21875],"tintindex":0,"rotation":0,"texture":"#0"}},"rotation":{"origin":[14.3,8.049999,-3.25],"angle":22.5,"axis":"z"}}],"display":{"gui":{"rotation":[30,225,0]}}}