{"textures":{"0":"modelengine:entity/nocsy_ganon"},"elements":[{"from":[7.433999,5.3462205,8.40219],"to":[8.633999,11.212888,9.60219],"faces":{"east":{"uv":[1.84375,9.34375,1.71875,9.90625],"tintindex":0,"rotation":0,"texture":"#0"},"south":{"uv":[6.09375,9.3125,5.96875,9.875],"tintindex":0,"rotation":0,"texture":"#0"},"north":{"uv":[4.40625,4.59375,4.28125,5.15625],"tintindex":0,"rotation":0,"texture":"#0"},"west":{"uv":[7.46875,9.25,7.34375,9.8125],"tintindex":0,"rotation":0,"texture":"#0"},"up":{"uv":[3.6875,10.78125,3.8125,10.65625],"tintindex":0,"rotation":0,"texture":"#0"},"down":{"uv":[10.65625,3.78125,10.78125,3.90625],"tintindex":0,"rotation":0,"texture":"#0"}}},{"from":[7.194,3.2767353,8.275523],"to":[8.940666,5.763402,9.76219],"faces":{"east":{"uv":[1.4375,10.46875,1.3125,10.6875],"tintindex":0,"rotation":0,"texture":"#0"},"south":{"uv":[10.59375,1.34375,10.4375,1.5625],"tintindex":0,"rotation":0,"texture":"#0"},"north":{"uv":[10.59375,0.78125,10.4375,1.0],"tintindex":0,"rotation":0,"texture":"#0"},"west":{"uv":[1.28125,10.46875,1.15625,10.6875],"tintindex":0,"rotation":0,"texture":"#0"},"up":{"uv":[10.625,5.5,10.78125,5.375],"tintindex":0,"rotation":0,"texture":"#0"},"down":{"uv":[5.90625,10.625,6.0625,10.75],"tintindex":0,"rotation":0,"texture":"#0"}}},{"from":[6.823183,10.512888,8.34219],"to":[8.143184,13.499554,9.6621895],"faces":{"east":{"uv":[0.59375,10.34375,0.46875,10.625],"tintindex":0,"rotation":0,"texture":"#0"},"south":{"uv":[10.4375,8.40625,10.3125,8.6875],"tintindex":0,"rotation":0,"texture":"#0"},"north":{"uv":[10.4375,4.0625,10.3125,4.34375],"tintindex":0,"rotation":0,"texture":"#0"},"west":{"uv":[10.4375,4.375,10.3125,4.65625],"tintindex":0,"rotation":0,"texture":"#0"},"up":{"uv":[10.65625,3.4375,10.78125,3.3125],"tintindex":0,"rotation":0,"texture":"#0"},"down":{"uv":[10.65625,3.46875,10.78125,3.59375],"tintindex":0,"rotation":0,"texture":"#0"}},"rotation":{"origin":[7.9865165,11.222888,8.985523],"angle":45.0,"axis":"z"}},{"from":[3.9975085,11.966279,8.518857],"to":[5.2975082,13.932945,9.485523],"faces":{"east":{"uv":[9.375,9.9375,9.28125,10.125],"tintindex":0,"rotation":0,"texture":"#0"},"south":{"uv":[7.59375,10.46875,7.46875,10.65625],"tintindex":0,"rotation":0,"texture":"#0"},"north":{"uv":[10.59375,7.375,10.46875,7.5625],"tintindex":0,"rotation":0,"texture":"#0"},"west":{"uv":[8.03125,8.875,7.9375,9.0625],"tintindex":0,"rotation":0,"texture":"#0"},"up":{"uv":[9.4375,2.78125,9.5625,2.6875],"tintindex":0,"rotation":0,"texture":"#0"},"down":{"uv":[9.5625,5.15625,9.6875,5.25],"tintindex":0,"rotation":0,"texture":"#0"}}},{"from":[5.0632653,16.704376,8.855523],"to":[7.076599,23.384377,9.20219],"faces":{"east":{"uv":[5.875,10.46875,5.84375,11.09375],"tintindex":0,"rotation":0,"texture":"#0"},"south":{"uv":[8.875,6.6875,8.6875,7.3125],"tintindex":0,"rotation":0,"texture":"#0"},"north":{"uv":[6.1875,8.65625,6.0,9.28125],"tintindex":0,"rotation":0,"texture":"#0"},"west":{"uv":[5.8125,10.46875,5.78125,11.09375],"tintindex":0,"rotation":0,"texture":"#0"},"up":{"uv":[7.40625,3.8125,7.59375,3.78125],"tintindex":0,"rotation":0,"texture":"#0"},"down":{"uv":[7.46875,3.1875,7.65625,3.21875],"tintindex":0,"rotation":0,"texture":"#0"}},"rotation":{"origin":[17.209932,20.151043,8.918857],"angle":-22.5,"axis":"z"}},{"from":[7.200666,11.063402,8.595523],"to":[8.867332,14.396735,9.26219],"faces":{"east":{"uv":[5.375,10.5625,5.3125,10.875],"tintindex":0,"rotation":0,"texture":"#0"},"south":{"uv":[3.9375,9.90625,3.78125,10.21875],"tintindex":0,"rotation":0,"texture":"#0"},"north":{"uv":[3.75,9.90625,3.59375,10.21875],"tintindex":0,"rotation":0,"texture":"#0"},"west":{"uv":[8.0,10.46875,7.9375,10.78125],"tintindex":0,"rotation":0,"texture":"#0"},"up":{"uv":[5.90625,0.5,6.0625,0.4375],"tintindex":0,"rotation":0,"texture":"#0"},"down":{"uv":[6.3125,2.28125,6.46875,2.34375],"tintindex":0,"rotation":0,"texture":"#0"}}},{"from":[2.3458314,14.295943,8.508857],"to":[4.665831,15.28261,9.495523],"faces":{"east":{"uv":[9.46875,5.96875,9.375,6.0625],"tintindex":0,"rotation":0,"texture":"#0"},"south":{"uv":[9.75,4.5625,9.53125,4.65625],"tintindex":0,"rotation":0,"texture":"#0"},"north":{"uv":[8.25,6.875,8.03125,6.96875],"tintindex":0,"rotation":0,"texture":"#0"},"west":{"uv":[8.40625,6.3125,8.3125,6.40625],"tintindex":0,"rotation":0,"texture":"#0"},"up":{"uv":[10.46875,2.71875,10.6875,2.625],"tintindex":0,"rotation":0,"texture":"#0"},"down":{"uv":[2.21875,10.53125,2.4375,10.625],"tintindex":0,"rotation":0,"texture":"#0"}},"rotation":{"origin":[4.8091645,13.859276,8.818856],"angle":22.5,"axis":"z"}},{"from":[13.528205,13.261268,8.668857],"to":[14.528205,13.927935,9.335524],"faces":{"east":{"uv":[7.78125,8.46875,7.71875,8.53125],"tintindex":0,"rotation":0,"texture":"#0"},"south":{"uv":[9.0,3.875,8.90625,3.9375],"tintindex":0,"rotation":0,"texture":"#0"},"north":{"uv":[8.875,3.875,8.78125,3.9375],"tintindex":0,"rotation":0,"texture":"#0"},"west":{"uv":[7.9375,1.71875,7.875,1.78125],"tintindex":0,"rotation":0,"texture":"#0"},"up":{"uv":[4.375,9.15625,4.46875,9.09375],"tintindex":0,"rotation":0,"texture":"#0"},"down":{"uv":[7.9375,9.09375,8.03125,9.15625],"tintindex":0,"rotation":0,"texture":"#0"}},"rotation":{"origin":[14.028205,13.594601,9.00219],"angle":-45.0,"axis":"z"}},{"from":[9.351568,11.636788,8.50219],"to":[11.018235,12.970121,9.50219],"faces":{"east":{"uv":[9.0625,10.71875,8.96875,10.84375],"tintindex":0,"rotation":0,"texture":"#0"},"south":{"uv":[10.78125,5.21875,10.625,5.34375],"tintindex":0,"rotation":0,"texture":"#0"},"north":{"uv":[10.78125,4.375,10.625,4.5],"tintindex":0,"rotation":0,"texture":"#0"},"west":{"uv":[3.46875,10.71875,3.375,10.84375],"tintindex":0,"rotation":0,"texture":"#0"},"up":{"uv":[2.5,8.53125,2.65625,8.4375],"tintindex":0,"rotation":0,"texture":"#0"},"down":{"uv":[10.65625,1.125,10.8125,1.21875],"tintindex":0,"rotation":0,"texture":"#0"}},"rotation":{"origin":[10.108235,12.606122,8.818856],"angle":22.5,"axis":"z"}},{"from":[6.417278,13.813402,8.86219],"to":[7.750611,16.813402,9.195523],"faces":{"east":{"uv":[4.53125,0.5625,4.5,0.84375],"tintindex":0,"rotation":0,"texture":"#0"},"south":{"uv":[6.0625,4.34375,5.9375,4.625],"tintindex":0,"rotation":0,"texture":"#0"},"north":{"uv":[5.5625,4.65625,5.4375,4.9375],"tintindex":0,"rotation":0,"texture":"#0"},"west":{"uv":[2.25,3.4375,2.21875,3.71875],"tintindex":0,"rotation":0,"texture":"#0"},"up":{"uv":[4.96875,0.8125,5.09375,0.78125],"tintindex":0,"rotation":0,"texture":"#0"},"down":{"uv":[5.65625,1.34375,5.78125,1.375],"tintindex":0,"rotation":0,"texture":"#0"}},"rotation":{"origin":[8.107278,15.513403,8.918857],"angle":22.5,"axis":"z"}},{"from":[11.402168,14.295943,8.508857],"to":[13.722167,15.28261,9.495523],"faces":{"east":{"uv":[10.90625,2.8125,10.8125,2.90625],"tintindex":0,"rotation":0,"texture":"#0"},"south":{"uv":[10.75,4.71875,10.53125,4.8125],"tintindex":0,"rotation":0,"texture":"#0"},"north":{"uv":[10.75,4.59375,10.53125,4.6875],"tintindex":0,"rotation":0,"texture":"#0"},"west":{"uv":[9.78125,10.78125,9.6875,10.875],"tintindex":0,"rotation":0,"texture":"#0"},"up":{"uv":[10.53125,4.9375,10.75,4.84375],"tintindex":0,"rotation":0,"texture":"#0"},"down":{"uv":[10.53125,4.96875,10.75,5.0625],"tintindex":0,"rotation":0,"texture":"#0"}},"rotation":{"origin":[11.258835,13.859276,8.818856],"angle":-22.5,"axis":"z"}},{"from":[8.317388,13.813402,8.86219],"to":[9.650721,16.813402,9.195523],"faces":{"east":{"uv":[4.34375,6.6875,4.3125,6.96875],"tintindex":0,"rotation":0,"texture":"#0"},"south":{"uv":[10.4375,3.75,10.3125,4.03125],"tintindex":0,"rotation":0,"texture":"#0"},"north":{"uv":[5.4375,10.25,5.3125,10.53125],"tintindex":0,"rotation":0,"texture":"#0"},"west":{"uv":[0.5,6.59375,0.46875,6.875],"tintindex":0,"rotation":0,"texture":"#0"},"up":{"uv":[2.125,6.0,2.25,5.96875],"tintindex":0,"rotation":0,"texture":"#0"},"down":{"uv":[1.71875,6.46875,1.84375,6.5],"tintindex":0,"rotation":0,"texture":"#0"}},"rotation":{"origin":[7.9607205,15.513403,8.918857],"angle":-22.5,