{"textures":{"0":"modelengine:entity/nocsy_ganon"},"elements":[{"from":[9.073412,-0.627347,-8.877041],"to":[10.573412,7.872654,-8.877041],"faces":{"south":{"uv":[9.71875,9.84375,9.625,10.375],"tintindex":0,"rotation":0,"texture":"#0"},"north":{"uv":[8.40625,9.78125,8.3125,10.3125],"tintindex":0,"rotation":0,"texture":"#0"}},"rotation":{"origin":[-6.176588,3.122653,1.1229582],"angle":-45.0,"axis":"y"}},{"from":[4.1778584,-0.627347,4.835269],"to":[11.677858,7.872654,4.835269],"faces":{"south":{"uv":[5.78125,5.40625,5.3125,5.9375],"tintindex":0,"rotation":0,"texture":"#0"},"north":{"uv":[5.28125,5.40625,4.8125,5.9375],"tintindex":0,"rotation":0,"texture":"#0"}}},{"from":[2.8975282,-0.627347,5.3655987],"to":[4.3975286,7.872654,5.3655987],"faces":{"south":{"uv":[1.6875,9.71875,1.59375,10.25],"tintindex":0,"rotation":0,"texture":"#0"},"north":{"uv":[0.5,4.84375,0.40625,5.375],"tintindex":0,"rotation":0,"texture":"#0"}},"rotation":{"origin":[3.6475282,3.122653,5.3655987],"angle":45.0,"axis":"y"}},{"from":[4.6778584,-2.627347,5.335269],"to":[11.177858,9.372654,11.335269],"faces":{"east":{"uv":[5.3125,2.78125,4.9375,3.53125],"tintindex":0,"rotation":0,"texture":"#0"},"south":{"uv":[4.84375,4.40625,4.4375,5.15625],"tintindex":0,"rotation":0,"texture":"#0"},"north":{"uv":[3.84375,4.34375,3.4375,5.09375],"tintindex":0,"rotation":0,"texture":"#0"},"west":{"uv":[0.375,4.84375,0.0,5.59375],"tintindex":0,"rotation":0,"texture":"#0"},"up":{"uv":[7.875,5.40625,8.28125,5.03125],"tintindex":0,"rotation":0,"texture":"#0"},"down":{"uv":[0.34375,8.03125,0.75,8.40625],"tintindex":0,"rotation":0,"texture":"#0"}}}],"display":{"gui":{"rotation":[30,225,0]}}}