{"textures":{"0":"modelengine:entity/blightedbark"},"elements":[{"from":[7.0,2.21847,1.3349099],"to":[9.0,6.2184696,4.3349104],"faces":{"east":{"uv":[7.5,5.4375,7.6875,5.6875],"tintindex":0,"rotation":0,"texture":"#0"},"south":{"uv":[8.0,5.4375,8.125,5.6875],"tintindex":0,"rotation":0,"texture":"#0"},"north":{"uv":[7.6875,5.4375,7.8125,5.6875],"tintindex":0,"rotation":0,"texture":"#0"},"west":{"uv":[7.8125,5.4375,8.0,5.6875],"tintindex":0,"rotation":0,"texture":"#0"},"up":{"uv":[7.8125,5.4375,7.6875,5.25],"tintindex":0,"rotation":0,"texture":"#0"},"down":{"uv":[7.9375,5.25,7.8125,5.4375],"tintindex":0,"rotation":0,"texture":"#0"}},"rotation":{"origin":[8.0,1.4184699,0.9349098],"angle":22.5,"axis":"x"}},{"from":[6.0,4.16111,3.6775498],"to":[10.0,10.16111,6.67755],"faces":{"east":{"uv":[3.25,7.5625,3.4375,7.9375],"tintindex":0,"rotation":0,"texture":"#0"},"south":{"uv":[3.875,7.5625,4.125,7.9375],"tintindex":0,"rotation":0,"texture":"#0"},"north":{"uv":[3.4375,7.5625,3.6875,7.9375],"tintindex":0,"rotation":0,"texture":"#0"},"west":{"uv":[3.6875,7.5625,3.875,7.9375],"tintindex":0,"rotation":0,"texture":"#0"},"up":{"uv":[3.6875,7.5625,3.4375,7.375],"tintindex":0,"rotation":0,"texture":"#0"},"down":{"uv":[3.9375,7.375,3.6875,7.5625],"tintindex":0,"rotation":0,"texture":"#0"}},"rotation":{"origin":[8.0,5.66111,5.1775503],"angle":45.0,"axis":"x"}}],"display":{"gui":{"rotation":[30,225,0]}}}