{"textures":{"0":"modelengine:entity/blightedbark"},"elements":[{"from":[3.6586103,3.4499998,1.0993204],"to":[7.6586103,7.45,6.0993204],"faces":{"east":{"uv":[7.25,6.125,7.5625,6.375],"tintindex":0,"rotation":0,"texture":"#0"},"south":{"uv":[8.125,6.125,8.375,6.375],"tintindex":0,"rotation":0,"texture":"#0"},"north":{"uv":[7.5625,6.125,7.8125,6.375],"tintindex":0,"rotation":0,"texture":"#0"},"west":{"uv":[7.8125,6.125,8.125,6.375],"tintindex":0,"rotation":0,"texture":"#0"},"up":{"uv":[7.8125,6.125,7.5625,5.8125],"tintindex":0,"rotation":0,"texture":"#0"},"down":{"uv":[8.0625,5.8125,7.8125,6.125],"tintindex":0,"rotation":0,"texture":"#0"}},"rotation":{"origin":[8.0,5.7,6.0],"angle":22.5,"axis":"y"}},{"from":[3.9994702,3.4499998,4.8219404],"to":[11.99947,8.45,9.82194],"faces":{"east":{"uv":[0.0,6.875,0.3125,7.1875],"tintindex":0,"rotation":0,"texture":"#0"},"south":{"uv":[1.125,6.875,1.625,7.1875],"tintindex":0,"rotation":0,"texture":"#0"},"north":{"uv":[0.3125,6.875,0.8125,7.1875],"tintindex":0,"rotation":0,"texture":"#0"},"west":{"uv":[0.8125,6.875,1.125,7.1875],"tintindex":0,"rotation":0,"texture":"#0"},"up":{"uv":[0.8125,6.875,0.3125,6.5625],"tintindex":0,"rotation":0,"texture":"#0"},"down":{"uv":[1.3125,6.5625,0.8125,6.875],"tintindex":0,"rotation":0,"texture":"#0"}}},{"from":[8.43974,3.4499998,1.33675],"to":[12.439741,7.45,6.33675],"faces":{"east":{"uv":[4.5,7.5625,4.8125,7.8125],"tintindex":0,"rotation":0,"texture":"#0"},"south":{"uv":[5.375,7.5625,5.625,7.8125],"tintindex":0,"rotation":0,"texture":"#0"},"north":{"uv":[4.8125,7.5625,5.0625,7.8125],"tintindex":0,"rotation":0,"texture":"#0"},"west":{"uv":[5.0625,7.5625,5.375,7.8125],"tintindex":0,"rotation":0,"texture":"#0"},"up":{"uv":[5.0625,7.5625,4.8125,7.25],"tintindex":0,"rotation":0,"texture":"#0"},"down":{"uv":[5.3125,7.25,5.0625,7.5625],"tintindex":0,"rotation":0,"texture":"#0"}},"rotation":{"origin":[8.0,5.7,6.0],"angle":-22.5,"axis":"y"}}],"display":{"gui":{"rotation":[30,225,0]}}}