{"textures":{"0":"modelengine:entity/blightedbark"},"elements":[{"from":[4.49979,-1.7109299,10.974791],"to":[11.49979,5.28907,15.974791],"faces":{"east":{"uv":[1.875,6.625,2.1875,7.0625],"tintindex":0,"rotation":0,"texture":"#0"},"south":{"uv":[2.9375,6.625,3.375,7.0625],"tintindex":0,"rotation":0,"texture":"#0"},"north":{"uv":[2.1875,6.625,2.625,7.0625],"tintindex":0,"rotation":0,"texture":"#0"},"west":{"uv":[2.625,6.625,2.9375,7.0625],"tintindex":0,"rotation":0,"texture":"#0"},"up":{"uv":[2.625,6.625,2.1875,6.3125],"tintindex":0,"rotation":0,"texture":"#0"},"down":{"uv":[3.0625,6.3125,2.625,6.625],"tintindex":0,"rotation":0,"texture":"#0"}},"rotation":{"origin":[7.99979,1.2890701,12.474791],"angle":22.5,"axis":"x"}}],"display":{"gui":{"rotation":[30,225,0]}}}