{"textures":{"0":"modelengine:entity/blightedbark"},"elements":[{"from":[3.4199996,-7.5411987,8.22666],"to":[5.4199996,-1.9411993,13.926661],"faces":{"east":{"uv":[7.375,1.9375,7.6875,2.25],"tintindex":0,"rotation":0,"texture":"#0"},"south":{"uv":[8.125,1.9375,8.25,2.25],"tintindex":0,"rotation":0,"texture":"#0"},"north":{"uv":[7.6875,1.9375,7.8125,2.25],"tintindex":0,"rotation":0,"texture":"#0"},"west":{"uv":[7.8125,1.9375,8.125,2.25],"tintindex":0,"rotation":0,"texture":"#0"},"up":{"uv":[7.8125,1.9375,7.6875,1.625],"tintindex":0,"rotation":0,"texture":"#0"},"down":{"uv":[7.9375,1.625,7.8125,1.9375],"tintindex":0,"rotation":0,"texture":"#0"}},"rotation":{"origin":[4.4199996,-5.4411993,10.02666],"angle":-45.0,"axis":"x"}},{"from":[3.395,8.756491,6.27024],"to":[3.395,17.75649,14.27024],"faces":{"east":{"uv":[1.625,7.5625,2.125,8.125],"tintindex":0,"rotation":0,"texture":"#0"},"west":{"uv":[2.125,7.5625,2.625,8.125],"tintindex":0,"rotation":0,"texture":"#0"}}},{"from":[3.395,-4.2435093,6.27024],"to":[11.395,8.756491,14.27024],"faces":{"east":{"uv":[2.75,5.5,3.25,6.3125],"tintindex":0,"rotation":0,"texture":"#0"},"south":{"uv":[4.25,5.5,4.75,6.3125],"tintindex":0,"rotation":0,"texture":"#0"},"north":{"uv":[3.25,5.5,3.75,6.3125],"tintindex":0,"rotation":0,"texture":"#0"},"west":{"uv":[3.75,5.5,4.25,6.3125],"tintindex":0,"rotation":0,"texture":"#0"},"up":{"uv":[3.75,5.5,3.25,5.0],"tintindex":0,"rotation":0,"texture":"#0"},"down":{"uv":[4.25,5.0,3.75,5.5],"tintindex":0,"rotation":0,"texture":"#0"}}}],"display":{"gui":{"rotation":[30,225,0]}}}